Date,Close,Cash,Position,StockValue,TotalEquity,DrawdownPct
2016-09-12,137.628,1.5e+06,0,0,1.5e+06,0
2016-09-13,137.628,1.5e+06,0,0,1.5e+06,0
2016-09-14,136.452,1.5e+06,0,0,1.5e+06,0
2016-09-19,143.51,1.5e+06,0,0,1.5e+06,0
2016-09-20,143.902,1.5e+06,0,0,1.5e+06,0
2016-09-21,144.294,1.5e+06,0,0,1.5e+06,0
2016-09-22,145.078,1.5e+06,0,0,1.5e+06,0
2016-09-23,146.647,1.5e+06,0,0,1.5e+06,0
2016-09-26,143.902,1.5e+06,0,0,1.5e+06,0
2016-09-27,143.902,1.5e+06,0,0,1.5e+06,0
2016-09-28,143.902,1.5e+06,0,0,1.5e+06,0
2016-09-29,146.647,1.5e+06,0,0,1.5e+06,0
2016-09-30,144.294,1.5e+06,0,0,1.5e+06,0
2016-10-03,145.862,1.5e+06,0,0,1.5e+06,0
2016-10-04,146.647,1.5e+06,0,0,1.5e+06,0
2016-10-05,145.862,1.5e+06,0,0,1.5e+06,0
2016-10-06,147.039,12940.8,10099,1.48494e+06,1.49788e+06,0.141067
2016-10-07,147.431,12940.8,10099,1.4889e+06,1.50184e+06,0
2016-10-11,147.039,12940.8,10099,1.48494e+06,1.49788e+06,0.263647
2016-10-12,148.607,12940.8,10099,1.50078e+06,1.51372e+06,0
2016-10-13,147.823,12940.8,10099,1.49286e+06,1.5058e+06,0.523176
2016-10-14,147.431,12940.8,10099,1.4889e+06,1.50184e+06,0.784804
2016-10-17,146.254,12940.8,10099,1.47702e+06,1.48996e+06,1.56958
2016-10-18,146.647,12940.8,10099,1.48098e+06,1.49392e+06,1.30798
2016-10-19,148.607,12940.8,10099,1.50078e+06,1.51372e+06,0
2016-10-20,149.391,12940.8,10099,1.5087e+06,1.52164e+06,0
2016-10-21,147.823,12940.8,10099,1.49286e+06,1.5058e+06,1.04094
2016-10-24,149.783,12940.8,10099,1.51266e+06,1.5256e+06,0
2016-10-25,151.352,12940.8,10099,1.5285e+06,1.54144e+06,0
2016-10-26,150.175,12940.8,10099,1.51662e+06,1.52956e+06,0.770652
2016-10-27,147.823,12940.8,10099,1.49286e+06,1.5058e+06,2.31199
2016-10-28,148.607,12940.8,10099,1.50078e+06,1.51372e+06,1.79823
2016-10-31,147.823,12940.8,10099,1.49286e+06,1.5058e+06,2.31199
2016-11-01,148.607,12940.8,10099,1.50078e+06,1.51372e+06,1.79823
2016-11-02,145.862,12940.8,10099,1.47306e+06,1.486e+06,3.59647
2016-11-03,144.686,12940.8,10099,1.46118e+06,1.47413e+06,4.36714
2016-11-04,144.686,12940.8,10099,1.46118e+06,1.47413e+06,4.36714
2016-11-07,148.215,12940.8,10099,1.49682e+06,1.50976e+06,2.05515
2016-11-08,147.823,12940.8,10099,1.49286e+06,1.5058e+06,2.31199
2016-11-09,142.726,12940.8,10099,1.44138e+06,1.45433e+06,5.6516
2016-11-10,145.47,12940.8,10099,1.4691e+06,1.48204e+06,3.85335
2016-11-11,142.333,12940.8,10099,1.43742e+06,1.45037e+06,5.90851
2016-11-14,141.549,12940.8,10099,1.42951e+06,1.44245e+06,6.42228
2016-11-15,141.157,12940.8,10099,1.42555e+06,1.43849e+06,6.67919
2016-11-16,141.157,12940.8,10099,1.42555e+06,1.43849e+06,6.67919
2016-11-17,142.333,12940.8,10099,1.43742e+06,1.45037e+06,5.90851
2016-11-18,141.941,12940.8,10099,1.43347e+06,1.44641e+06,6.16539
2016-11-21,141.941,12940.8,10099,1.43347e+06,1.44641e+06,6.16539
2016-11-22,144.294,12940.8,10099,1.45722e+06,1.47016e+06,4.62405
2016-11-23,145.47,12940.8,10099,1.4691e+06,1.48204e+06,3.85335
2016-11-24,143.51,12940.8,10099,1.4493e+06,1.46225e+06,5.13783
2016-11-25,142.726,12940.8,10099,1.44138e+06,1.45433e+06,5.6516
2016-11-28,144.294,12940.8,10099,1.45722e+06,1.47016e+06,4.62405
2016-11-29,142.726,12940.8,10099,1.44138e+06,1.45433e+06,5.6516
2016-11-30,143.51,12940.8,10099,1.4493e+06,1.46225e+06,5.13783
2016-12-01,143.51,12940.8,10099,1.4493e+06,1.46225e+06,5.13783
2016-12-02,139.589,12940.8,10099,1.40971e+06,1.42265e+06,7.70674
2016-12-05,140.373,12940.8,10099,1.41763e+06,1.43057e+06,7.19296
2016-12-06,142.726,12940.8,10099,1.44138e+06,1.45433e+06,5.6516
2016-12-07,142.333,12940.8,10099,1.43742e+06,1.45037e+06,5.90851
2016-12-08,145.47,12940.8,10099,1.4691e+06,1.48204e+06,3.85335
2016-12-09,145.862,12940.8,10099,1.47306e+06,1.486e+06,3.59647
2016-12-12,145.078,12940.8,10099,1.46514e+06,1.47808e+06,4.11028
2016-12-13,145.862,12940.8,10099,1.47306e+06,1.486e+06,3.59647
2016-12-14,147.039,12940.8,10099,1.48494e+06,1.49788e+06,2.82579
2016-12-15,146.647,12940.8,10099,1.48098e+06,1.49392e+06,3.08269
2016-12-16,145.078,12940.8,10099,1.46514e+06,1.47808e+06,4.11028
2016-12-19,143.118,12940.8,10099,1.44534e+06,1.45829e+06,5.39472
2016-12-20,143.118,12940.8,10099,1.44534e+06,1.45829e+06,5.39472
2016-12-21,141.157,12940.8,10099,1.42555e+06,1.43849e+06,6.67919
2016-12-22,140.373,12940.8,10099,1.41763e+06,1.43057e+06,7.19296
2016-12-23,139.981,12940.8,10099,1.41367e+06,1.42661e+06,7.44983
2016-12-26,140.765,12940.8,10099,1.42159e+06,1.43453e+06,6.93607
2016-12-27,141.157,12940.8,10099,1.42555e+06,1.43849e+06,6.67919
2016-12-28,142.726,12940.8,10099,1.44138e+06,1.45433e+06,5.6516
2016-12-29,141.157,12940.8,10099,1.42555e+06,1.43849e+06,6.67919
2016-12-30,142.333,12940.8,10099,1.43742e+06,1.45037e+06,5.90851
2017-01-03,143.51,12940.8,10099,1.4493e+06,1.46225e+06,5.13783
2017-01-04,143.51,12940.8,10099,1.4493e+06,1.46225e+06,5.13783
2017-01-05,143.902,12940.8,10099,1.45326e+06,1.4662e+06,4.88095
2017-01-06,144.294,12940.8,10099,1.45722e+06,1.47016e+06,4.62405
2017-01-09,144.294,12940.8,10099,1.45722e+06,1.47016e+06,4.62405
2017-01-10,144.294,12940.8,10099,1.45722e+06,1.47016e+06,4.62405
2017-01-11,142.726,12940.8,10099,1.44138e+06,1.45433e+06,5.6516
2017-01-12,144.686,12940.8,10099,1.46118e+06,1.47413e+06,4.36714
2017-01-13,142.333,12940.8,10099,1.43742e+06,1.45037e+06,5.90851
2017-01-16,140.765,12940.8,10099,1.42159e+06,1.43453e+06,6.93607
2017-01-17,141.941,12940.8,10099,1.43347e+06,1.44641e+06,6.16539
2017-01-18,141.941,12940.8,10099,1.43347e+06,1.44641e+06,6.16539
2017-01-19,141.549,12940.8,10099,1.42951e+06,1.44245e+06,6.42228
2017-01-20,141.941,12940.8,10099,1.43347e+06,1.44641e+06,6.16539
2017-01-23,145.078,12940.8,10099,1.46514e+06,1.47808e+06,4.11028
2017-01-24,145.47,12940.8,10099,1.4691e+06,1.48204e+06,3.85335
2017-02-02,144.686,12940.8,10099,1.46118e+06,1.47413e+06,4.36714
2017-02-03,144.686,12940.8,10099,1.46118e+06,1.47413e+06,4.36714
2017-02-06,144.686,12940.8,10099,1.46118e+06,1.47413e+06,4.36714
2017-02-07,144.686,12940.8,10099,1.46118e+06,1.47413e+06,4.36714
2017-02-08,143.902,12940.8,10099,1.45326e+06,1.4662e+06,4.88095
2017-02-09,144.294,12940.8,10099,1.45722e+06,1.47016e+06,4.62405
2017-02-10,145.47,12940.8,10099,1.4691e+06,1.48204e+06,3.85335
2017-02-13,147.039,12940.8,10099,1.48494e+06,1.49788e+06,2.82579
2017-02-14,147.039,12940.8,10099,1.48494e+06,1.49788e+06,2.82579
2017-02-15,148.215,12940.8,10099,1.49682e+06,1.50976e+06,2.05515
2017-02-16,148.215,12940.8,10099,1.49682e+06,1.50976e+06,2.05515
2017-02-17,148.607,12940.8,10099,1.50078e+06,1.51372e+06,1.79823
2017-02-20,148.999,12940.8,10099,1.50474e+06,1.51768e+06,1.54133
2017-02-21,148.999,12940.8,10099,1.50474e+06,1.51768e+06,1.54133
2017-02-22,147.823,12940.8,10099,1.49286e+06,1.5058e+06,2.31199
2017-02-23,147.823,12940.8,10099,1.49286e+06,1.5058e+06,2.31199
2017-02-24,148.215,12940.8,10099,1.49682e+06,1.50976e+06,2.05515
2017-03-01,145.862,12940.8,10099,1.47306e+06,1.486e+06,3.59647
2017-03-02,145.862,12940.8,10099,1.47306e+06,1.486e+06,3.59647
2017-03-03,144.294,12940.8,10099,1.45722e+06,1.47016e+06,4.62405
2017-03-06,143.902,12940.8,10099,1.45326e+06,1.4662e+06,4.88095
2017-03-07,145.47,12940.8,10099,1.4691e+06,1.48204e+06,3.85335
2017-03-08,146.647,12940.8,10099,1.48098e+06,1.49392e+06,3.08269
2017-03-09,144.686,12940.8,10099,1.46118e+06,1.47413e+06,4.36714
2017-03-10,143.902,12940.8,10099,1.45326e+06,1.4662e+06,4.88095
2017-03-13,146.254,12940.8,10099,1.47702e+06,1.48996e+06,3.33958
2017-03-14,145.862,12940.8,10099,1.47306e+06,1.486e+06,3.59647
2017-03-15,146.254,12940.8,10099,1.47702e+06,1.48996e+06,3.33958
2017-03-16,148.999,12940.8,10099,1.50474e+06,1.51768e+06,1.54133
2017-03-17,150.175,12940.8,10099,1.51662e+06,1.52956e+06,0.770652
2017-03-20,150.175,12940.8,10099,1.51662e+06,1.52956e+06,0.770652
2017-03-21,152.92,12940.8,10099,1.54434e+06,1.55728e+06,0
2017-03-22,151.744,12940.8,10099,1.53246e+06,1.5454e+06,0.762813
2017-03-23,151.744,12940.8,10099,1.53246e+06,1.5454e+06,0.762813
2017-03-24,150.96,12940.8,10099,1.52454e+06,1.53748e+06,1.27136
2017-03-27,151.352,12940.8,10099,1.5285e+06,1.54144e+06,1.01712
2017-03-28,152.528,12940.8,10099,1.54038e+06,1.55332e+06,0.254281
2017-03-29,150.175,12940.8,10099,1.51662e+06,1.52956e+06,1.77994
2017-03-30,150.175,12940.8,10099,1.51662e+06,1.52956e+06,1.77994
2017-03-31,148.215,12940.8,10099,1.49682e+06,1.50976e+06,3.05137
2017-04-05,151.352,12940.8,10099,1.5285e+06,1.54144e+06,1.01712
2017-04-06,150.175,12940.8,10099,1.51662e+06,1.52956e+06,1.77994
2017-04-07,149.783,12940.8,10099,1.51266e+06,1.5256e+06,2.03422
2017-04-10,148.999,12940.8,10099,1.50474e+06,1.51768e+06,2.54278
2017-04-11,149.783,12940.8,10099,1.51266e+06,1.5256e+06,2.03422
2017-04-12,149.783,12940.8,10099,1.51266e+06,1.5256e+06,2.03422
2017-04-13,150.175,12940.8,10099,1.51662e+06,1.52956e+06,1.77994
2017-04-14,148.215,12940.8,10099,1.49682e+06,1.50976e+06,3.05137
2017-04-17,147.039,12940.8,10099,1.48494e+06,1.49788e+06,3.81417
2017-04-18,147.431,12940.8,10099,1.4889e+06,1.50184e+06,3.55991
2017-04-19,146.254,12940.8,10099,1.47702e+06,1.48996e+06,4.32274
2017-04-20,146.647,12940.8,10099,1.48098e+06,1.49392e+06,4.06846
2017-04-21,148.999,12940.8,10099,1.50474e+06,1.51768e+06,2.54278
2017-04-24,148.999,12940.8,10099,1.50474e+06,1.51768e+06,2.54278
2017-04-25,150.568,12940.8,10099,1.52058e+06,1.53352e+06,1.52569
2017-04-26,149.783,12940.8,10099,1.51266e+06,1.5256e+06,2.03422
2017-04-27,151.352,12940.8,10099,1.5285e+06,1.54144e+06,1.01712
2017-04-28,152.528,12940.8,10099,1.54038e+06,1.55332e+06,0.254281
2017-05-02,154.096,12940.8,10099,1.55622e+06,1.56916e+06,0
2017-05-03,155.273,12940.8,10099,1.5681e+06,1.58104e+06,0
2017-05-04,155.273,12940.8,10099,1.5681e+06,1.58104e+06,0
2017-05-05,154.881,12940.8,10099,1.56414e+06,1.57708e+06,0.25046
2017-05-08,158.802,12940.8,10099,1.60374e+06,1.61668e+06,0
2017-05-09,159.586,12940.8,10099,1.61166e+06,1.6246e+06,0
2017-05-10,161.154,12940.8,10099,1.6275e+06,1.64044e+06,0
2017-05-11,162.723,12940.8,10099,1.64334e+06,1.65628e+06,0
2017-05-12,161.546,12940.8,10099,1.63146e+06,1.6444e+06,0.717256
2017-05-15,161.546,12940.8,10099,1.63146e+06,1.6444e+06,0.717256
2017-05-16,160.37,12940.8,10099,1.61958e+06,1.63252e+06,1.43452
2017-05-17,159.978,12940.8,10099,1.61562e+06,1.62856e+06,1.6736
2017-05-18,159.586,12940.8,10099,1.61166e+06,1.6246e+06,1.9127
2017-05-19,159.194,12940.8,10099,1.6077e+06,1.62064e+06,2.15177
2017-05-22,160.762,12940.8,10099,1.62354e+06,1.63648e+06,1.19545
2017-05-23,160.762,12940.8,10099,1.62354e+06,1.63648e+06,1.19545
2017-05-24,161.154,12940.8,10099,1.6275e+06,1.64044e+06,0.956357
2017-05-25,162.331,12940.8,10099,1.63938e+06,1.65232e+06,0.23911
2017-05-26,162.331,12940.8,10099,1.63938e+06,1.65232e+06,0.23911
2017-05-31,159.194,12940.8,10099,1.6077e+06,1.62064e+06,2.15177
2017-06-01,162.331,12940.8,10099,1.63938e+06,1.65232e+06,0.23911
2017-06-02,163.899,12940.8,10099,1.65522e+06,1.66816e+06,0
2017-06-05,166.252,12940.8,10099,1.67898e+06,1.69192e+06,0
2017-06-06,165.075,12940.8,10099,1.6671e+06,1.68004e+06,0.702121
2017-06-07,165.86,12940.8,10099,1.67502e+06,1.68796e+06,0.234028
2017-06-08,167.036,12940.8,10099,1.6869e+06,1.69984e+06,0
2017-06-09,166.252,12940.8,10099,1.67898e+06,1.69192e+06,0.46593
2017-06-12,162.723,12940.8,10099,1.64334e+06,1.65628e+06,2.56248
2017-06-13,163.115,12940.8,10099,1.6473e+06,1.66024e+06,2.32954
2017-06-14,162.331,12940.8,10099,1.63938e+06,1.65232e+06,2.79546
2017-06-15,163.115,12940.8,10099,1.6473e+06,1.66024e+06,2.32954
2017-06-16,165.86,12940.8,10099,1.67502e+06,1.68796e+06,0.698868
2017-06-19,167.036,12940.8,10099,1.6869e+06,1.69984e+06,0
2017-06-20,169.781,12940.8,10099,1.71461e+06,1.72756e+06,0
2017-06-21,168.996,12940.8,10099,1.70669e+06,1.71964e+06,0.458418
2017-06-22,170.957,12940.8,10099,1.72649e+06,1.73943e+06,0
2017-06-23,170.173,12940.8,10099,1.71857e+06,1.73151e+06,0.455305
2017-06-26,174.224,12940.8,10099,1.75949e+06,1.77243e+06,0
2017-06-27,171.388,12940.8,10099,1.73085e+06,1.74379e+06,1.61603
2017-06-28,168.957,12940.8,10099,1.7063e+06,1.71924e+06,3.00119
2017-06-29,170.173,12940.8,10099,1.71857e+06,1.73152e+06,2.30862
2017-06-30,168.957,12940.8,10099,1.7063e+06,1.71924e+06,3.00119
2017-07-03,169.362,12940.8,10099,1.71039e+06,1.72333e+06,2.77036
2017-07-04,167.742,12940.8,10099,1.69402e+06,1.70696e+06,3.69377
2017-07-05,168.957,12940.8,10099,1.7063e+06,1.71924e+06,3.00119
2017-07-06,168.147,12940.8,10099,1.69812e+06,1.71106e+06,3.4629
2017-07-07,166.931,12940.8,10099,1.68584e+06,1.69878e+06,4.15548
2017-07-10,166.931,12940.8,10099,1.68584e+06,1.69878e+06,4.15548
2017-07-11,171.793,12940.8,10099,1.73494e+06,1.74788e+06,1.38519
2017-07-12,170.578,12940.8,10099,1.72267e+06,1.73561e+06,2.07776
2017-07-13,173.819,12940.8,10099,1.7554e+06,1.76834e+06,0.230883
2017-07-14,172.604,12940.8,10099,1.74313e+06,1.75607e+06,0.923461
2017-07-17,172.604,12940.8,10099,1.74313e+06,1.75607e+06,0.923461
2017-07-18,173.414,12940.8,10099,1.75131e+06,1.76425e+06,0.461739
2017-07-19,173.819,12940.8,10099,1.7554e+06,1.76834e+06,0.230883
2017-07-20,174.63,12940.8,10099,1.76358e+06,1.77653e+06,0
2017-07-21,173.414,12940.8,10099,1.75131e+06,1.76425e+06,0.691
2017-07-24,173.819,12940.8,10099,1.7554e+06,1.76834e+06,0.460675
2017-07-25,173.414,12940.8,10099,1.75131e+06,1.76425e+06,0.691
2017-07-26,172.604,12940.8,10099,1.74313e+06,1.75607e+06,1.15166
2017-07-27,174.63,12940.8,10099,1.76358e+06,1.77653e+06,0
2017-07-28,172.604,12940.8,10099,1.74313e+06,1.75607e+06,1.15166
2017-07-31,173.819,12940.8,10099,1.7554e+06,1.76834e+06,0.460675
2017-08-01,171.793,12940.8,10099,1.73494e+06,1.74788e+06,1.61233
2017-08-02,175.035,12940.8,10099,1.76768e+06,1.78062e+06,0
2017-08-03,173.009,12940.8,10099,1.74722e+06,1.76016e+06,1.14901
2017-08-04,172.604,12940.8,10099,1.74313e+06,1.75607e+06,1.3788
2017-08-07,175.035,12940.8,10099,1.76768e+06,1.78062e+06,0
2017-08-08,176.25,12940.8,10099,1.77995e+06,1.79289e+06,0
2017-08-09,173.819,12940.8,10099,1.7554e+06,1.76834e+06,1.36936
2017-08-10,173.414,12940.8,10099,1.75131e+06,1.76425e+06,1.59758
2017-08-11,172.199,12940.8,10099,1.73903e+06,1.75197e+06,2.28226
2017-08-14,170.983,12940.8,10099,1.72676e+06,1.7397e+06,2.96691
2017-08-15,173.414,12940.8,10099,1.75131e+06,1.76425e+06,1.59758
2017-08-16,172.604,12940.8,10099,1.74313e+06,1.75607e+06,2.05403
2017-08-17,173.414,12940.8,10099,1.75131e+06,1.76425e+06,1.59758
2017-08-18,172.199,12940.8,10099,1.73903e+06,1.75197e+06,2.28226
2017-08-21,171.388,12940.8,10099,1.73085e+06,1.74379e+06,2.7387
2017-08-22,173.819,12940.8,10099,1.7554e+06,1.76834e+06,1.36936
2017-08-23,174.63,12940.8,10099,1.76358e+06,1.77653e+06,0.912889
2017-08-24,175.845,12940.8,10099,1.77586e+06,1.7888e+06,0.228248
2017-08-25,176.25,12940.8,10099,1.77995e+06,1.79289e+06,0
2017-08-28,175.035,12940.8,10099,1.76768e+06,1.78062e+06,0.684675
2017-08-29,175.035,12940.8,10099,1.76768e+06,1.78062e+06,0.684675
2017-08-30,176.25,12940.8,10099,1.77995e+06,1.79289e+06,0
2017-08-31,175.44,12940.8,10099,1.77177e+06,1.78471e+06,0.456453
2017-09-01,175.44,12940.8,10099,1.77177e+06,1.78471e+06,0.456453
2017-09-04,176.25,12940.8,10099,1.77995e+06,1.79289e+06,0
2017-09-05,176.655,12940.8,10099,1.78404e+06,1.79698e+06,0
2017-09-06,175.845,12940.8,10099,1.77586e+06,1.7888e+06,0.455422
2017-09-07,175.845,12940.8,10099,1.77586e+06,1.7888e+06,0.455422
2017-09-08,176.655,12940.8,10099,1.78404e+06,1.79698e+06,0
2017-09-11,175.845,12940.8,10099,1.77586e+06,1.7888e+06,0.455422
2017-09-12,177.466,12940.8,10099,1.79223e+06,1.80517e+06,0
2017-09-13,176.655,12940.8,10099,1.78404e+06,1.79698e+06,0.453357
2017-09-14,177.061,12940.8,10099,1.78814e+06,1.80108e+06,0.22667
2017-09-15,177.061,12940.8,10099,1.78814e+06,1.80108e+06,0.22667
2017-09-18,177.871,12940.8,10099,1.79632e+06,1.80926e+06,0
2017-09-19,179.492,12940.8,10099,1.81269e+06,1.82563e+06,0
2017-09-20,179.492,12940.8,10099,1.81269e+06,1.82563e+06,0
2017-09-21,179.087,12940.8,10099,1.80859e+06,1.82154e+06,0.22413
2017-09-22,177.061,12940.8,10099,1.78814e+06,1.80108e+06,1.34479
2017-09-25,175.845,12940.8,10099,1.77586e+06,1.7888e+06,2.01721
2017-09-26,173.414,12940.8,10099,1.75131e+06,1.76425e+06,3.36199
2017-09-27,174.224,12940.8,10099,1.75949e+06,1.77243e+06,2.91371
2017-09-28,173.414,12940.8,10099,1.75131e+06,1.76425e+06,3.36199
2017-09-29,175.44,12940.8,10099,1.77177e+06,1.78471e+06,2.24133
2017-10-02,178.681,12940.8,10099,1.8045e+06,1.81744e+06,0.448252
2017-10-03,180.302,12940.8,10099,1.82087e+06,1.83381e+06,0
2017-10-05,181.923,12940.8,10099,1.83724e+06,1.85018e+06,0
2017-10-06,181.923,12940.8,10099,1.83724e+06,1.85018e+06,0
2017-10-11,188.811,12940.8,10099,1.9068e+06,1.91974e+06,0
2017-10-12,192.457,12940.8,10099,1.94363e+06,1.95657e+06,0
2017-10-13,192.457,12940.8,10099,1.94363e+06,1.95657e+06,0
2017-10-16,192.862,12940.8,10099,1.94772e+06,1.96066e+06,0
2017-10-17,190.837,12940.8,10099,1.92726e+06,1.9402e+06,1.04349
2017-10-18,192.457,12940.8,10099,1.94363e+06,1.95657e+06,0.208694
2017-10-19,193.673,12940.8,10099,1.9559e+06,1.96884e+06,0
2017-10-20,192.457,12940.8,10099,1.94363e+06,1.95657e+06,0.62348
2017-10-23,193.673,12940.8,10099,1.9559e+06,1.96884e+06,0
2017-10-24,192.862,12940.8,10099,1.94772e+06,1.96066e+06,0.415653
2017-10-25,192.862,12940.8,10099,1.94772e+06,1.96066e+06,0.415653
2017-10-26,191.242,12940.8,10099,1.93135e+06,1.94429e+06,1.24696
2017-10-27,193.673,12940.8,10099,1.9559e+06,1.96884e+06,0
2017-10-30,196.914,12940.8,10099,1.98864e+06,2.00158e+06,0
2017-10-31,196.914,12940.8,10099,1.98864e+06,2.00158e+06,0
2017-11-01,196.509,12940.8,10099,1.98454e+06,1.99748e+06,0.204443
2017-11-02,195.293,12940.8,10099,1.97227e+06,1.98521e+06,0.817719
2017-11-03,193.673,12940.8,10099,1.9559e+06,1.96884e+06,1.63546
2017-11-06,194.078,12940.8,10099,1.95999e+06,1.97293e+06,1.43102
2017-11-07,197.724,12940.8,10099,1.99682e+06,2.00976e+06,0
2017-11-08,196.509,12940.8,10099,1.98454e+06,1.99748e+06,0.610801
2017-11-09,195.293,12940.8,10099,1.97227e+06,1.98521e+06,1.22158
2017-11-10,194.888,12940.8,10099,1.96818e+06,1.98112e+06,1.42519
2017-11-13,194.078,12940.8,10099,1.95999e+06,1.97293e+06,1.83238
2017-11-14,194.483,12940.8,10099,1.96408e+06,1.97703e+06,1.62878
2017-11-15,192.457,12940.8,10099,1.94363e+06,1.95657e+06,2.64678
2017-11-16,192.862,12940.8,10099,1.94772e+06,1.96066e+06,2.44318
2017-11-17,195.699,12940.8,10099,1.97636e+06,1.9893e+06,1.01801
2017-11-20,193.268,12940.8,10099,1.95181e+06,1.96475e+06,2.23957
2017-11-21,196.914,12940.8,10099,1.98864e+06,2.00158e+06,0.407191
2017-11-22,196.104,12940.8,10099,1.98045e+06,1.99339e+06,0.814389
2017-11-23,196.509,12940.8,10099,1.98454e+06,1.99748e+06,0.610801
2017-11-24,197.724,12940.8,10099,1.99682e+06,2.00976e+06,0
2017-11-27,192.052,12940.8,10099,1.93953e+06,1.95247e+06,2.85037
2017-11-28,189.621,12940.8,10099,1.91498e+06,1.92792e+06,4.07196
2017-11-29,190.026,12940.8,10099,1.91907e+06,1.93202e+06,3.86836
2017-11-30,183.138,12940.8,10099,1.84951e+06,1.86245e+06,7.32953
2017-12-01,187.19,12940.8,10099,1.89043e+06,1.90337e+06,5.29357
2017-12-04,189.621,12940.8,10099,1.91498e+06,1.92792e+06,4.07196
2017-12-05,185.974,12940.8,10099,1.87816e+06,1.8911e+06,5.90439
2017-12-06,183.949,12940.8,10099,1.8577e+06,1.87064e+06,6.92236
2017-12-07,183.543,12940.8,10099,1.8536e+06,1.86655e+06,7.12597
2017-12-08,183.949,12940.8,10099,1.8577e+06,1.87064e+06,6.92236
2017-12-11,184.354,12940.8,10099,1.86179e+06,1.87473e+06,6.71878
2017-12-12,184.354,12940.8,10099,1.86179e+06,1.87473e+06,6.71878
2017-12-13,183.949,12940.8,10099,1.8577e+06,1.87064e+06,6.92236
2017-12-14,186.785,12940.8,10099,1.88634e+06,1.89928e+06,5.49717
2017-12-15,186.38,12940.8,10099,1.88225e+06,1.89519e+06,5.70075
2017-12-18,183.949,12940.8,10099,1.8577e+06,1.87064e+06,6.92236
2017-12-19,182.328,12940.8,10099,1.84133e+06,1.85427e+06,7.73674
2017-12-20,181.923,12940.8,10099,1.83724e+06,1.85018e+06,7.94033
2017-12-21,182.328,12940.8,10099,1.84133e+06,1.85427e+06,7.73674
2017-12-22,184.354,12940.8,10099,1.86179e+06,1.87473e+06,6.71878
2017-12-25,185.164,12940.8,10099,1.86997e+06,1.88291e+06,6.31158
2017-12-26,183.138,12940.8,10099,1.84951e+06,1.86245e+06,7.32953
2017-12-27,182.328,12940.8,10099,1.84133e+06,1.85427e+06,7.73674
2017-12-28,183.138,12940.8,10099,1.84951e+06,1.86245e+06,7.32953
2017-12-29,185.974,12940.8,10099,1.87816e+06,1.8911e+06,5.90439
2018-01-02,188.405,12940.8,10099,1.90271e+06,1.91565e+06,4.68277
2018-01-03,192.052,12940.8,10099,1.93953e+06,1.95247e+06,2.85037
2018-01-04,194.078,12940.8,10099,1.95999e+06,1.97293e+06,1.83238
2018-01-05,194.483,12940.8,10099,1.96408e+06,1.97703e+06,1.62878
2018-01-08,196.104,12940.8,10099,1.98045e+06,1.99339e+06,0.814389
2018-01-09,196.104,12940.8,10099,1.98045e+06,1.99339e+06,0.814389
2018-01-10,191.647,12940.8,10099,1.93544e+06,1.94838e+06,3.054
2018-01-11,190.431,12940.8,10099,1.92317e+06,1.93611e+06,3.66477
2018-01-12,192.052,12940.8,10099,1.93953e+06,1.95247e+06,2.85037
2018-01-15,194.483,12940.8,10099,1.96408e+06,1.97703e+06,1.62878
2018-01-16,194.888,12940.8,10099,1.96818e+06,1.98112e+06,1.42519
2018-01-17,196.104,12940.8,10099,1.98045e+06,1.99339e+06,0.814389
2018-01-18,201.371,12940.8,10099,2.03365e+06,2.04659e+06,0
2018-01-19,207.043,12940.8,10099,2.09093e+06,2.10387e+06,0
2018-01-22,211.905,12940.8,10099,2.14003e+06,2.15297e+06,0
2018-01-23,215.552,12940.8,10099,2.17686e+06,2.1898e+06,0
2018-01-24,209.069,12940.8,10099,2.11139e+06,2.12433e+06,2.98976
2018-01-25,209.069,12940.8,10099,2.11139e+06,2.12433e+06,2.98976
2018-01-26,206.638,12940.8,10099,2.08684e+06,2.09978e+06,4.11093
2018-01-29,209.474,12940.8,10099,2.11548e+06,2.12842e+06,2.80291
2018-01-30,205.018,12940.8,10099,2.07047e+06,2.08341e+06,4.85836
2018-01-31,206.638,12940.8,10099,2.08684e+06,2.09978e+06,4.11093
2018-02-01,210.285,12940.8,10099,2.12367e+06,2.13661e+06,2.42919
2018-02-02,210.285,12940.8,10099,2.12367e+06,2.13661e+06,2.42919
2018-02-05,205.018,12940.8,10099,2.07047e+06,2.08341e+06,4.85836
2018-02-06,193.673,12940.8,10099,1.9559e+06,1.96884e+06,10.0904
2018-02-07,194.483,12940.8,10099,1.96408e+06,1.97703e+06,9.71667
2018-02-08,193.268,12940.8,10099,1.95181e+06,1.96475e+06,10.2772
2018-02-09,188.405,1.90723e+06,0,0,1.90723e+06,12.904
2018-02-12,191.647,1.90723e+06,0,0,1.90723e+06,12.904
2018-02-21,196.509,1.90723e+06,0,0,1.90723e+06,12.904
2018-02-22,194.078,1.90723e+06,0,0,1.90723e+06,12.904
2018-02-23,198.535,1.90723e+06,0,0,1.90723e+06,12.904
2018-02-26,199.75,1.90723e+06,0,0,1.90723e+06,12.904
2018-02-27,199.345,1.90723e+06,0,0,1.90723e+06,12.904
2018-03-01,196.914,1.90723e+06,0,0,1.90723e+06,12.904
2018-03-02,194.483,1.90723e+06,0,0,1.90723e+06,12.904
2018-03-05,195.699,1.90723e+06,0,0,1.90723e+06,12.904
2018-03-06,202.587,1.90723e+06,0,0,1.90723e+06,12.904
2018-03-07,200.156,1.90723e+06,0,0,1.90723e+06,12.904
2018-03-08,202.181,1.90723e+06,0,0,1.90723e+06,12.904
2018-03-09,202.992,1.90723e+06,0,0,1.90723e+06,12.904
2018-03-12,205.828,1.90723e+06,0,0,1.90723e+06,12.904
2018-03-13,209.88,1.90723e+06,0,0,1.90723e+06,12.904
2018-03-14,208.259,1.90723e+06,0,0,1.90723e+06,12.904
2018-03-15,206.638,1.90723e+06,0,0,1.90723e+06,12.904
2018-03-16,206.638,1.90723e+06,0,0,1.90723e+06,12.904
2018-03-19,206.638,1.90723e+06,0,0,1.90723e+06,12.904
2018-03-20,205.018,1.90723e+06,0,0,1.90723e+06,12.904
2018-03-21,204.612,1.90723e+06,0,0,1.90723e+06,12.904
2018-03-22,203.802,1.90723e+06,0,0,1.90723e+06,12.904
2018-03-23,198.535,1.90723e+06,0,0,1.90723e+06,12.904
2018-03-26,197.319,1.90723e+06,0,0,1.90723e+06,12.904
2018-03-27,203.397,1.90723e+06,0,0,1.90723e+06,12.904
2018-03-28,198.535,1.90723e+06,0,0,1.90723e+06,12.904
2018-03-29,197.724,1.90723e+06,0,0,1.90723e+06,12.904
2018-03-30,199.345,1.90723e+06,0,0,1.90723e+06,12.904
2018-04-02,199.75,1.90723e+06,0,0,1.90723e+06,12.904
2018-04-03,197.724,1.90723e+06,0,0,1.90723e+06,12.904
2018-04-09,198.535,1.90723e+06,0,0,1.90723e+06,12.904
2018-04-10,198.94,1.90723e+06,0,0,1.90723e+06,12.904
2018-04-11,200.966,1.90723e+06,0,0,1.90723e+06,12.904
2018-04-12,198.535,1.90723e+06,0,0,1.90723e+06,12.904
2018-04-13,198.13,1.90723e+06,0,0,1.90723e+06,12.904
2018-04-16,197.319,1.90723e+06,0,0,1.90723e+06,12.904
2018-04-17,192.862,1.90723e+06,0,0,1.90723e+06,12.904
2018-04-18,192.862,1.90723e+06,0,0,1.90723e+06,12.904
2018-04-19,198.13,1.90723e+06,0,0,1.90723e+06,12.904
2018-04-20,185.569,1.90723e+06,0,0,1.90723e+06,12.904
2018-04-23,183.543,1.90723e+06,0,0,1.90723e+06,12.904
2018-04-24,183.949,1.90723e+06,0,0,1.90723e+06,12.904
2018-04-25,182.328,1.90723e+06,0,0,1.90723e+06,12.904
2018-04-26,179.897,1.90723e+06,0,0,1.90723e+06,12.904
2018-04-27,181.112,1.90723e+06,0,0,1.90723e+06,12.904
2018-04-30,183.949,1.90723e+06,0,0,1.90723e+06,12.904
2018-05-02,180.707,1.90723e+06,0,0,1.90723e+06,12.904
2018-05-03,178.681,1.90723e+06,0,0,1.90723e+06,12.904
2018-05-04,180.707,1.90723e+06,0,0,1.90723e+06,12.904
2018-05-07,181.112,1.90723e+06,0,0,1.90723e+06,12.904
2018-05-08,184.759,1.90723e+06,0,0,1.90723e+06,12.904
2018-05-09,185.974,1.90723e+06,0,0,1.90723e+06,12.904
2018-05-10,185.974,1.90723e+06,0,0,1.90723e+06,12.904
2018-05-11,188.811,1.90723e+06,0,0,1.90723e+06,12.904
2018-05-14,188.811,1.90723e+06,0,0,1.90723e+06,12.904
2018-05-15,186.785,1.90723e+06,0,0,1.90723e+06,12.904
2018-05-16,186.785,1.90723e+06,0,0,1.90723e+06,12.904
2018-05-17,183.543,1.90723e+06,0,0,1.90723e+06,12.904
2018-05-18,181.112,1.90723e+06,0,0,1.90723e+06,12.904
2018-05-21,185.569,1.90723e+06,0,0,1.90723e+06,12.904
2018-05-22,185.569,1.90723e+06,0,0,1.90723e+06,12.904
2018-05-23,185.164,1.90723e+06,0,0,1.90723e+06,12.904
2018-05-24,185.569,1.90723e+06,0,0,1.90723e+06,12.904
2018-05-25,185.164,1.90723e+06,0,0,1.90723e+06,12.904
2018-05-28,183.949,1.90723e+06,0,0,1.90723e+06,12.904
2018-05-29,182.328,1.90723e+06,0,0,1.90723e+06,12.904
2018-05-30,179.087,1.90723e+06,0,0,1.90723e+06,12.904
2018-05-31,181.518,1.90723e+06,0,0,1.90723e+06,12.904
2018-06-01,181.518,1.90723e+06,0,0,1.90723e+06,12.904
2018-06-04,185.569,1.90723e+06,0,0,1.90723e+06,12.904
2018-06-05,185.569,1.90723e+06,0,0,1.90723e+06,12.904
2018-06-06,186.38,1.90723e+06,0,0,1.90723e+06,12.904
2018-06-07,186.38,1.90723e+06,0,0,1.90723e+06,12.904
2018-06-08,183.949,1.90723e+06,0,0,1.90723e+06,12.904
2018-06-11,183.138,1.90723e+06,0,0,1.90723e+06,12.904
2018-06-12,185.569,1.90723e+06,0,0,1.90723e+06,12.904
2018-06-13,188,1.90723e+06,0,0,1.90723e+06,12.904
2018-06-14,183.543,1.90723e+06,0,0,1.90723e+06,12.904
2018-06-15,187.19,1.90723e+06,0,0,1.90723e+06,12.904
2018-06-19,182.328,1.90723e+06,0,0,1.90723e+06,12.904
2018-06-20,183.138,1.90723e+06,0,0,1.90723e+06,12.904
2018-06-21,183.543,1.90723e+06,0,0,1.90723e+06,12.904
2018-06-22,184.354,1.90723e+06,0,0,1.90723e+06,12.904
2018-06-25,183.094,1.90723e+06,0,0,1.90723e+06,12.904
2018-06-26,180.154,1.90723e+06,0,0,1.90723e+06,12.904
2018-06-27,178.895,1.90723e+06,0,0,1.90723e+06,12.904
2018-06-28,178.055,1.90723e+06,0,0,1.90723e+06,12.904
2018-06-29,181.834,1.90723e+06,0,0,1.90723e+06,12.904
2018-07-02,179.734,1.90723e+06,0,0,1.90723e+06,12.904
2018-07-03,180.154,1.90723e+06,0,0,1.90723e+06,12.904
2018-07-04,181.414,1.90723e+06,0,0,1.90723e+06,12.904
2018-07-05,180.154,1.90723e+06,0,0,1.90723e+06,12.904
2018-07-06,182.254,1.90723e+06,0,0,1.90723e+06,12.904
2018-07-09,186.034,1.90723e+06,0,0,1.90723e+06,12.904
2018-07-10,186.453,16510.9,10126,1.88803e+06,1.90454e+06,13.0269
2018-07-11,184.774,16510.9,10126,1.87102e+06,1.88753e+06,13.8036
2018-07-12,185.194,16510.9,10126,1.87527e+06,1.89178e+06,13.6094
2018-07-13,188.553,16510.9,10126,1.90929e+06,1.9258e+06,12.0559
2018-07-16,187.713,16510.9,10126,1.90078e+06,1.9173e+06,12.4443
2018-07-17,186.034,16510.9,10126,1.88378e+06,1.90029e+06,13.2211
2018-07-18,187.293,16510.9,10126,1.89653e+06,1.91304e+06,12.6385
2018-07-19,188.553,16510.9,10126,1.90929e+06,1.9258e+06,12.0559
2018-07-20,199.472,16510.9,10126,2.01985e+06,2.03636e+06,7.00707
2018-07-23,202.411,16510.9,10126,2.04962e+06,2.06613e+06,5.64777
2018-07-24,202.411,16510.9,10126,2.04962e+06,2.06613e+06,5.64777
2018-07-25,201.991,16510.9,10126,2.04536e+06,2.06187e+06,5.84195
2018-07-26,202.411,16510.9,10126,2.04962e+06,2.06613e+06,5.64777
2018-07-27,205.351,16510.9,10126,2.07938e+06,2.09589e+06,4.28845
2018-07-30,206.191,16510.9,10126,2.08789e+06,2.1044e+06,3.90009
2018-07-31,206.611,16510.9,10126,2.09214e+06,2.10865e+06,3.70587
2018-08-01,208.29,16510.9,10126,2.10915e+06,2.12566e+06,2.92917
2018-08-02,205.351,16510.9,10126,2.07938e+06,2.09589e+06,4.28845
2018-08-03,207.45,16510.9,10126,2.10064e+06,2.11715e+06,3.31752
2018-08-06,206.191,16510.9,10126,2.08789e+06,2.1044e+06,3.90009
2018-08-07,202.831,16510.9,10126,2.05387e+06,2.07038e+06,5.45357
2018-08-08,207.87,16510.9,10126,2.1049e+06,2.12141e+06,3.12332
2018-08-09,207.45,16510.9,10126,2.10064e+06,2.11715e+06,3.31752
2018-08-10,205.771,16510.9,10126,2.08363e+06,2.10015e+06,4.09427
2018-08-13,201.991,16510.9,10126,2.04536e+06,2.06187e+06,5.84195
2018-08-14,204.511,16510.9,10126,2.07088e+06,2.08739e+06,4.67681
2018-08-15,202.831,16510.9,10126,2.05387e+06,2.07038e+06,5.45357
2018-08-16,200.731,16510.9,10126,2.03261e+06,2.04912e+06,6.42452
2018-08-17,201.151,16510.9,10126,2.03686e+06,2.05337e+06,6.23034
2018-08-20,201.151,16510.9,10126,2.03686e+06,2.05337e+06,6.23034
2018-08-21,202.411,16510.9,10126,2.04962e+06,2.06613e+06,5.64777
2018-08-22,203.251,16510.9,10126,2.05812e+06,2.07463e+06,5.2594
2018-08-23,205.351,16510.9,10126,2.07938e+06,2.09589e+06,4.28845
2018-08-24,204.511,16510.9,10126,2.07088e+06,2.08739e+06,4.67681
2018-08-27,205.771,16510.9,10126,2.08363e+06,2.10015e+06,4.09427
2018-08-28,209.55,16510.9,10126,2.12191e+06,2.13842e+06,2.34659
2018-08-29,217.529,16510.9,10126,2.2027e+06,2.21921e+06,0
2018-08-30,221.309,16510.9,10126,2.24097e+06,2.25748e+06,0
2018-08-31,215.009,16510.9,10126,2.17719e+06,2.1937e+06,2.82549
2018-09-03,215.849,16510.9,10126,2.18569e+06,2.2022e+06,2.44875
2018-09-04,216.269,16510.9,10126,2.18994e+06,2.20645e+06,2.26038
2018-09-05,221.728,16510.9,10126,2.24522e+06,2.26173e+06,0
2018-09-06,219.209,16510.9,10126,2.21971e+06,2.23622e+06,1.12806
2018-09-07,221.728,16510.9,10126,2.24522e+06,2.26173e+06,0
2018-09-10,222.148,16510.9,10126,2.24947e+06,2.26599e+06,0
2018-09-11,218.369,16510.9,10126,2.2112e+06,2.22771e+06,1.68892
2018-09-12,218.789,16510.9,10126,2.21546e+06,2.23197e+06,1.50126
2018-09-13,214.17,16510.9,10126,2.16868e+06,2.18519e+06,3.56551
2018-09-14,219.209,16510.9,10126,2.21971e+06,2.23622e+06,1.31361
2018-09-17,216.689,16510.9,10126,2.19419e+06,2.21071e+06,2.43954
2018-09-18,213.75,16510.9,10126,2.16443e+06,2.18094e+06,3.75316
2018-09-19,216.689,16510.9,10126,2.19419e+06,2.21071e+06,2.43954
2018-09-20,218.369,16510.9,10126,2.2112e+06,2.22771e+06,1.68892
2018-09-21,219.629,16510.9,10126,2.22396e+06,2.24047e+06,1.12594
2018-09-25,221.309,16510.9,10126,2.24097e+06,2.25748e+06,0.375301
2018-09-26,221.309,16510.9,10126,2.24097e+06,2.25748e+06,0.375301
2018-09-27,222.568,16510.9,10126,2.25373e+06,2.27024e+06,0
2018-09-28,220.469,16510.9,10126,2.23247e+06,2.24898e+06,0.936542
2018-10-01,220.889,16510.9,10126,2.23672e+06,2.25323e+06,0.749223
2018-10-02,216.269,16510.9,10126,2.18994e+06,2.20645e+06,2.80959
2018-10-03,218.369,16510.9,10126,2.2112e+06,2.22771e+06,1.87307
2018-10-04,213.33,16510.9,10126,2.16018e+06,2.17669e+06,4.12074
2018-10-05,209.97,16510.9,10126,2.12616e+06,2.14267e+06,5.61919
2018-10-08,204.511,16510.9,10126,2.07088e+06,2.08739e+06,8.05418
2018-10-09,204.931,16510.9,10126,2.07513e+06,2.09164e+06,7.86689
2018-10-11,191.073,1.94275e+06,0,0,1.94275e+06,14.4251
2018-10-12,199.052,1.94275e+06,0,0,1.94275e+06,14.4251
2018-10-15,193.592,1.94275e+06,0,0,1.94275e+06,14.4251
2018-10-16,199.052,1.94275e+06,0,0,1.94275e+06,14.4251
2018-10-17,200.311,1.94275e+06,0,0,1.94275e+06,14.4251
2018-10-18,198.632,1.94275e+06,0,0,1.94275e+06,14.4251
2018-10-19,198.212,1.94275e+06,0,0,1.94275e+06,14.4251
2018-10-22,199.052,1.94275e+06,0,0,1.94275e+06,14.4251
2018-10-23,193.172,1.94275e+06,0,0,1.94275e+06,14.4251
2018-10-24,192.753,1.94275e+06,0,0,1.94275e+06,14.4251
2018-10-25,184.354,1.94275e+06,0,0,1.94275e+06,14.4251
2018-10-26,185.614,1.94275e+06,0,0,1.94275e+06,14.4251
2018-10-29,186.873,1.94275e+06,0,0,1.94275e+06,14.4251
2018-10-30,187.293,1.94275e+06,0,0,1.94275e+06,14.4251
2018-10-31,196.532,1.94275e+06,0,0,1.94275e+06,14.4251
2018-11-01,197.792,1.94275e+06,0,0,1.94275e+06,14.4251
2018-11-02,198.632,1.94275e+06,0,0,1.94275e+06,14.4251
2018-11-05,197.372,1.94275e+06,0,0,1.94275e+06,14.4251
2018-11-06,196.952,1.94275e+06,0,0,1.94275e+06,14.4251
2018-11-07,196.532,1.94275e+06,0,0,1.94275e+06,14.4251
2018-11-08,198.632,1.94275e+06,0,0,1.94275e+06,14.4251
2018-11-09,194.012,1.94275e+06,0,0,1.94275e+06,14.4251
2018-11-12,194.432,1.94275e+06,0,0,1.94275e+06,14.4251
2018-11-13,191.073,1.94275e+06,0,0,1.94275e+06,14.4251
2018-11-14,191.913,1.94275e+06,0,0,1.94275e+06,14.4251
2018-11-15,194.012,1.94275e+06,0,0,1.94275e+06,14.4251
2018-11-16,189.813,1.94275e+06,0,0,1.94275e+06,14.4251
2018-11-19,186.453,1.94275e+06,0,0,1.94275e+06,14.4251
2018-11-20,183.094,1.94275e+06,0,0,1.94275e+06,14.4251
2018-11-21,183.934,1.94275e+06,0,0,1.94275e+06,14.4251
2018-11-22,183.934,1.94275e+06,0,0,1.94275e+06,14.4251
2018-11-23,183.514,1.94275e+06,0,0,1.94275e+06,14.4251
2018-11-26,187.293,1.94275e+06,0,0,1.94275e+06,14.4251
2018-11-27,188.133,1.94275e+06,0,0,1.94275e+06,14.4251
2018-11-28,190.233,1.94275e+06,0,0,1.94275e+06,14.4251
2018-11-29,192.333,1.94275e+06,0,0,1.94275e+06,14.4251
2018-11-30,189.393,1.94275e+06,0,0,1.94275e+06,14.4251
2018-12-03,197.372,1.94275e+06,0,0,1.94275e+06,14.4251
2018-12-04,196.532,1.94275e+06,0,0,1.94275e+06,14.4251
2018-12-05,189.813,1.94275e+06,0,0,1.94275e+06,14.4251
2018-12-06,184.774,1.94275e+06,0,0,1.94275e+06,14.4251
2018-12-07,185.614,1.94275e+06,0,0,1.94275e+06,14.4251
2018-12-10,183.934,1.94275e+06,0,0,1.94275e+06,14.4251
2018-12-11,186.873,1.94275e+06,0,0,1.94275e+06,14.4251
2018-12-12,190.233,1.94275e+06,0,0,1.94275e+06,14.4251
2018-12-13,189.813,1.94275e+06,0,0,1.94275e+06,14.4251
2018-12-14,186.873,1.94275e+06,0,0,1.94275e+06,14.4251
2018-12-17,187.713,1.94275e+06,0,0,1.94275e+06,14.4251
2018-12-18,186.873,1.94275e+06,0,0,1.94275e+06,14.4251
2018-12-19,189.393,1.94275e+06,0,0,1.94275e+06,14.4251
2018-12-20,185.614,1.94275e+06,0,0,1.94275e+06,14.4251
2018-12-21,187.713,1.94275e+06,0,0,1.94275e+06,14.4251
2018-12-24,184.774,1.94275e+06,0,0,1.94275e+06,14.4251
2018-12-25,182.674,1.94275e+06,0,0,1.94275e+06,14.4251
2018-12-26,181.834,1.94275e+06,0,0,1.94275e+06,14.4251
2018-12-27,187.293,1.94275e+06,0,0,1.94275e+06,14.4251
2018-12-28,189.393,1.94275e+06,0,0,1.94275e+06,14.4251
2019-01-02,184.354,1.94275e+06,0,0,1.94275e+06,14.4251
2019-01-03,180.994,1.94275e+06,0,0,1.94275e+06,14.4251
2019-01-04,174.695,1.94275e+06,0,0,1.94275e+06,14.4251
2019-01-07,178.895,1.94275e+06,0,0,1.94275e+06,14.4251
2019-01-08,177.215,1.94275e+06,0,0,1.94275e+06,14.4251
2019-01-09,180.994,1.94275e+06,0,0,1.94275e+06,14.4251
2019-01-10,181.414,1.94275e+06,0,0,1.94275e+06,14.4251
2019-01-11,185.194,1.94275e+06,0,0,1.94275e+06,14.4251
2019-01-14,183.514,1.94275e+06,0,0,1.94275e+06,14.4251
2019-01-15,185.614,1.94275e+06,0,0,1.94275e+06,14.4251
2019-01-16,182.674,1.94275e+06,0,0,1.94275e+06,14.4251
2019-01-17,185.194,1.94275e+06,0,0,1.94275e+06,14.4251
2019-01-18,183.514,1.94275e+06,0,0,1.94275e+06,14.4251
2019-01-21,185.614,1.94275e+06,0,0,1.94275e+06,14.4251
2019-01-22,187.293,1.94275e+06,0,0,1.94275e+06,14.4251
2019-01-23,185.194,1.94275e+06,0,0,1.94275e+06,14.4251
2019-01-24,186.873,1.94275e+06,0,0,1.94275e+06,14.4251
2019-01-25,189.813,16828.1,10132,1.92319e+06,1.94001e+06,14.5458
2019-01-28,192.333,16828.1,10132,1.94871e+06,1.96554e+06,13.4213
2019-01-29,186.873,16828.1,10132,1.8934e+06,1.91023e+06,15.8577
2019-01-30,185.614,16828.1,10132,1.88064e+06,1.89746e+06,16.42
2019-02-11,191.493,16828.1,10132,1.9402e+06,1.95703e+06,13.7961
2019-02-12,193.172,16828.1,10132,1.95722e+06,1.97405e+06,13.0465
2019-02-13,192.333,16828.1,10132,1.94871e+06,1.96554e+06,13.4213
2019-02-14,190.653,16828.1,10132,1.93169e+06,1.94852e+06,14.171
2019-02-15,190.653,16828.1,10132,1.93169e+06,1.94852e+06,14.171
2019-02-18,193.172,16828.1,10132,1.95722e+06,1.97405e+06,13.0465
2019-02-19,192.333,16828.1,10132,1.94871e+06,1.96554e+06,13.4213
2019-02-20,196.952,16828.1,10132,1.99552e+06,2.01235e+06,11.3597
2019-02-21,198.632,16828.1,10132,2.01254e+06,2.02937e+06,10.61
2019-02-22,198.632,16828.1,10132,2.01254e+06,2.02937e+06,10.61
2019-02-25,199.892,16828.1,10132,2.0253e+06,2.04213e+06,10.0478
2019-02-26,201.151,16828.1,10132,2.03807e+06,2.05489e+06,9.48553
2019-02-27,200.731,16828.1,10132,2.03381e+06,2.05064e+06,9.67295
2019-03-04,197.792,16828.1,10132,2.00403e+06,2.02085e+06,10.9849
2019-03-05,195.692,16828.1,10132,1.98275e+06,1.99958e+06,11.9219
2019-03-06,196.532,16828.1,10132,1.99126e+06,2.00809e+06,11.5471
2019-03-07,196.532,16828.1,10132,1.99126e+06,2.00809e+06,11.5471
2019-03-08,193.172,16828.1,10132,1.95722e+06,1.97405e+06,13.0465
2019-03-11,193.592,16828.1,10132,1.96148e+06,1.97831e+06,12.859
2019-03-12,197.792,16828.1,10132,2.00403e+06,2.02085e+06,10.9849
2019-03-13,199.052,16828.1,10132,2.01679e+06,2.03362e+06,10.4226
2019-03-14,196.952,16828.1,10132,1.99552e+06,2.01235e+06,11.3597
2019-03-15,200.731,16828.1,10132,2.03381e+06,2.05064e+06,9.67295
2019-03-18,202.411,16828.1,10132,2.05083e+06,2.06766e+06,8.92328
2019-03-19,201.991,16828.1,10132,2.04658e+06,2.0634e+06,9.11068
2019-03-20,203.251,16828.1,10132,2.05934e+06,2.07617e+06,8.54844
2019-03-21,206.191,16828.1,10132,2.08912e+06,2.10595e+06,7.23651
2019-03-22,208.71,16828.1,10132,2.11465e+06,2.13148e+06,6.11198
2019-03-25,202.831,16828.1,10132,2.05509e+06,2.07191e+06,8.73584
2019-03-26,204.931,16828.1,10132,2.07636e+06,2.09319e+06,7.79876
2019-03-27,202.831,16828.1,10132,2.05509e+06,2.07191e+06,8.73584
2019-03-28,203.251,16828.1,10132,2.05934e+06,2.07617e+06,8.54844
2019-03-29,206.191,16828.1,10132,2.08912e+06,2.10595e+06,7.23651
2019-04-01,206.191,16828.1,10132,2.08912e+06,2.10595e+06,7.23651
2019-04-02,206.611,16828.1,10132,2.09338e+06,2.11021e+06,7.04906
2019-04-03,207.031,16828.1,10132,2.09763e+06,2.11446e+06,6.86168
2019-04-08,212.49,16828.1,10132,2.15295e+06,2.16977e+06,4.42524
2019-04-09,213.33,16828.1,10132,2.16146e+06,2.17828e+06,4.0504
2019-04-10,213.33,16828.1,10132,2.16146e+06,2.17828e+06,4.0504
2019-04-11,211.65,16828.1,10132,2.14444e+06,2.16126e+06,4.80007
2019-04-12,211.65,16828.1,10132,2.14444e+06,2.16126e+06,4.80007
2019-04-15,214.589,16828.1,10132,2.17422e+06,2.19105e+06,3.48814
2019-04-16,215.849,16828.1,10132,2.18699e+06,2.20381e+06,2.92588
2019-04-17,219.629,16828.1,10132,2.22528e+06,2.24211e+06,1.23913
2019-04-18,222.148,16828.1,10132,2.25081e+06,2.26764e+06,0.114632
2019-04-19,222.148,16828.1,10132,2.25081e+06,2.26764e+06,0.114632
2019-04-22,223.408,16828.1,10132,2.26357e+06,2.2804e+06,0
2019-04-23,225.088,16828.1,10132,2.28059e+06,2.29742e+06,0
2019-04-24,225.928,16828.1,10132,2.2891e+06,2.30593e+06,0
2019-04-25,224.668,16828.1,10132,2.27634e+06,2.29316e+06,0.553581
2019-04-26,218.369,16828.1,10132,2.21251e+06,2.22934e+06,3.32133
2019-04-29,217.949,16828.1,10132,2.20826e+06,2.22509e+06,3.50585
2019-04-30,217.529,16828.1,10132,2.204e+06,2.22083e+06,3.69038
2019-05-02,217.529,16828.1,10132,2.204e+06,2.22083e+06,3.69038
2019-05-03,222.568,16828.1,10132,2.25506e+06,2.27189e+06,1.47616
2019-05-06,217.529,16828.1,10132,2.204e+06,2.22083e+06,3.69038
2019-05-07,220.469,16828.1,10132,2.23379e+06,2.25062e+06,2.39875
2019-05-08,218.369,16828.1,10132,2.21251e+06,2.22934e+06,3.32133
2019-05-09,215.429,16828.1,10132,2.18273e+06,2.19956e+06,4.61293
2019-05-10,215.009,16828.1,10132,2.17848e+06,2.1953e+06,4.79746
2019-05-13,210.39,16828.1,10132,2.13167e+06,2.1485e+06,6.82715
2019-05-14,208.71,16828.1,10132,2.11465e+06,2.13148e+06,7.56521
2019-05-15,209.13,16828.1,10132,2.11891e+06,2.13574e+06,7.38071
2019-05-16,207.45,16828.1,10132,2.10189e+06,2.11872e+06,8.11877
2019-05-17,202.831,2.06282e+06,0,0,2.06282e+06,10.5428
2019-05-20,199.892,2.06282e+06,0,0,2.06282e+06,10.5428
2019-05-21,196.532,2.06282e+06,0,0,2.06282e+06,10.5428
2019-05-22,199.892,2.06282e+06,0,0,2.06282e+06,10.5428
2019-05-23,193.172,2.06282e+06,0,0,2.06282e+06,10.5428
2019-05-24,195.692,2.06282e+06,0,0,2.06282e+06,10.5428
2019-05-27,194.012,2.06282e+06,0,0,2.06282e+06,10.5428
2019-05-28,193.592,2.06282e+06,0,0,2.06282e+06,10.5428
2019-05-29,192.753,2.06282e+06,0,0,2.06282e+06,10.5428
2019-05-30,194.012,2.06282e+06,0,0,2.06282e+06,10.5428
2019-05-31,197.792,2.06282e+06,0,0,2.06282e+06,10.5428
2019-06-03,199.892,2.06282e+06,0,0,2.06282e+06,10.5428
2019-06-04,195.692,2.06282e+06,0,0,2.06282e+06,10.5428
2019-06-05,197.372,2.06282e+06,0,0,2.06282e+06,10.5428
2019-06-06,194.852,2.06282e+06,0,0,2.06282e+06,10.5428
2019-06-10,201.571,2.06282e+06,0,0,2.06282e+06,10.5428
2019-06-11,205.351,2.06282e+06,0,0,2.06282e+06,10.5428
2019-06-12,206.611,2.06282e+06,0,0,2.06282e+06,10.5428
2019-06-13,201.571,2.06282e+06,0,0,2.06282e+06,10.5428
2019-06-14,198.212,2.06282e+06,0,0,2.06282e+06,10.5428
2019-06-17,195.692,2.06282e+06,0,0,2.06282e+06,10.5428
2019-06-18,197.792,2.06282e+06,0,0,2.06282e+06,10.5428
2019-06-19,204.931,2.06282e+06,0,0,2.06282e+06,10.5428
2019-06-20,205.771,2.06282e+06,0,0,2.06282e+06,10.5428
2019-06-21,208.71,17889.6,9784,2.04202e+06,2.05991e+06,10.6689
2019-06-24,209.144,17889.6,9784,2.04627e+06,2.06416e+06,10.4848
2019-06-25,206.975,17889.6,9784,2.02504e+06,2.04293e+06,11.4054
2019-06-26,203.503,17889.6,9784,1.99108e+06,2.00897e+06,12.8782
2019-06-27,208.71,17889.6,9784,2.04202e+06,2.05991e+06,10.6689
2019-06-28,207.409,17889.6,9784,2.02929e+06,2.04717e+06,11.2213
2019-07-01,215.653,17889.6,9784,2.10995e+06,2.12784e+06,7.72322
2019-07-02,216.087,17889.6,9784,2.11419e+06,2.13208e+06,7.53914
2019-07-03,210.446,17889.6,9784,2.059e+06,2.07689e+06,9.9325
2019-07-04,211.748,17889.6,9784,2.07174e+06,2.08963e+06,9.3802
2019-07-05,210.88,17889.6,9784,2.06325e+06,2.08114e+06,9.74842
2019-07-08,210.446,17889.6,9784,2.059e+06,2.07689e+06,9.9325
2019-07-09,210.012,17889.6,9784,2.05476e+06,2.07265e+06,10.1166
2019-07-10,214.351,17889.6,9784,2.09721e+06,2.1151e+06,8.27556
2019-07-11,216.955,17889.6,9784,2.12268e+06,2.14057e+06,7.1709
2019-07-12,217.388,17889.6,9784,2.12693e+06,2.14482e+06,6.98682
2019-07-15,220.86,17889.6,9784,2.16089e+06,2.17878e+06,5.51396
2019-07-16,222.161,17889.6,9784,2.17363e+06,2.19152e+06,4.96164
2019-07-17,218.69,17889.6,9784,2.13967e+06,2.15755e+06,6.43448
2019-07-18,220.426,17889.6,9784,2.15665e+06,2.17454e+06,5.69807
2019-07-19,224.765,17889.6,9784,2.1991e+06,2.21699e+06,3.85701
2019-07-22,229.104,17889.6,9784,2.24155e+06,2.25944e+06,2.01595
2019-07-23,229.104,17889.6,9784,2.24155e+06,2.25944e+06,2.01595
2019-07-24,229.972,17889.6,9784,2.25004e+06,2.26793e+06,1.64772
2019-07-25,229.972,17889.6,9784,2.25004e+06,2.26793e+06,1.64772
2019-07-26,226.501,17889.6,9784,2.21608e+06,2.23397e+06,3.12059
2019-07-29,226.501,17889.6,9784,2.21608e+06,2.23397e+06,3.12059
2019-07-30,225.633,17889.6,9784,2.20759e+06,2.22548e+06,3.4888
2019-07-31,225.199,17889.6,9784,2.20335e+06,2.22123e+06,3.6729
2019-08-01,222.595,17889.6,9784,2.17787e+06,2.19576e+06,4.77752
2019-08-02,218.256,17889.6,9784,2.13542e+06,2.15331e+06,6.61861
2019-08-05,213.917,17889.6,9784,2.09297e+06,2.11086e+06,8.45967
2019-08-06,215.653,17889.6,9784,2.10995e+06,2.12784e+06,7.72322
2019-08-07,215.219,17889.6,9784,2.1057e+06,2.12359e+06,7.90736
2019-08-08,219.992,17889.6,9784,2.1524e+06,2.17029e+06,5.88216
2019-08-12,217.822,17889.6,9784,2.13117e+06,2.14906e+06,6.80271
2019-08-13,213.917,17889.6,9784,2.09297e+06,2.11086e+06,8.45967
2019-08-14,216.521,17889.6,9784,2.11844e+06,2.13633e+06,7.35503
2019-08-15,215.219,17889.6,9784,2.1057e+06,2.12359e+06,7.90736
2019-08-16,216.955,17889.6,9784,2.12268e+06,2.14057e+06,7.1709
2019-08-19,218.69,17889.6,9784,2.13967e+06,2.15755e+06,6.43448
2019-08-20,220.86,17889.6,9784,2.16089e+06,2.17878e+06,5.51396
2019-08-21,220.86,17889.6,9784,2.16089e+06,2.17878e+06,5.51396
2019-08-22,220.426,17889.6,9784,2.15665e+06,2.17454e+06,5.69807
2019-08-23,220.426,17889.6,9784,2.15665e+06,2.17454e+06,5.69807
2019-08-26,215.653,17889.6,9784,2.10995e+06,2.12784e+06,7.72322
2019-08-27,216.955,17889.6,9784,2.12268e+06,2.14057e+06,7.1709
2019-08-28,218.69,17889.6,9784,2.13967e+06,2.15755e+06,6.43448
2019-08-29,220.426,17889.6,9784,2.15665e+06,2.17454e+06,5.69807
2019-08-30,224.765,17889.6,9784,2.1991e+06,2.21699e+06,3.85701
2019-09-02,223.463,17889.6,9784,2.18636e+06,2.20425e+06,4.40932
2019-09-03,220.426,17889.6,9784,2.15665e+06,2.17454e+06,5.69807
2019-09-04,223.463,17889.6,9784,2.18636e+06,2.20425e+06,4.40932
2019-09-05,228.236,17889.6,9784,2.23306e+06,2.25095e+06,2.38414
2019-09-06,228.67,17889.6,9784,2.23731e+06,2.2552e+06,2.20004
2019-09-10,226.934,17889.6,9784,2.22033e+06,2.23822e+06,2.93647
2019-09-11,228.236,17889.6,9784,2.23306e+06,2.25095e+06,2.38414
2019-09-12,227.802,17889.6,9784,2.22882e+06,2.24671e+06,2.56827
2019-09-16,230.406,17889.6,9784,2.25429e+06,2.27218e+06,1.46363
2019-09-17,229.972,17889.6,9784,2.25004e+06,2.26793e+06,1.64772
2019-09-18,231.707,17889.6,9784,2.26703e+06,2.28492e+06,0.911307
2019-09-19,231.707,17889.6,9784,2.26703e+06,2.28492e+06,0.911294
2019-09-20,230.833,17889.6,9784,2.25847e+06,2.27636e+06,1.28228
2019-09-23,230.833,17889.6,9784,2.25847e+06,2.27636e+06,1.28228
2019-09-24,231.707,17889.6,9784,2.26703e+06,2.28492e+06,0.911294
2019-09-25,232.582,17889.6,9784,2.27558e+06,2.29347e+06,0.540279
2019-09-26,234.331,17889.6,9784,2.29269e+06,2.31058e+06,0
2019-09-27,237.828,17889.6,9784,2.32691e+06,2.3448e+06,0
2019-10-01,244.823,17889.6,9784,2.39535e+06,2.41324e+06,0
2019-10-02,244.386,17889.6,9784,2.39107e+06,2.40896e+06,0.177234
2019-10-03,241.763,17889.6,9784,2.36541e+06,2.3833e+06,1.24073
2019-10-04,241.763,17889.6,9784,2.36541e+06,2.3833e+06,1.24073
2019-10-07,243.074,17889.6,9784,2.37824e+06,2.39613e+06,0.709002
2019-10-08,250.506,17889.6,9784,2.45095e+06,2.46884e+06,0
2019-10-09,246.572,17889.6,9784,2.41246e+06,2.43035e+06,1.55928
2019-10-14,253.567,17889.6,9784,2.4809e+06,2.49879e+06,0
2019-10-15,256.627,17889.6,9784,2.51084e+06,2.52873e+06,0
2019-10-16,259.25,17889.6,9784,2.5365e+06,2.55439e+06,0
2019-10-17,256.627,17889.6,9784,2.51084e+06,2.52873e+06,1.00476
2019-10-18,256.19,17889.6,9784,2.50656e+06,2.52445e+06,1.17218
2019-10-21,253.567,17889.6,9784,2.4809e+06,2.49879e+06,2.1769
2019-10-22,257.064,17889.6,9784,2.51512e+06,2.53301e+06,0.837263
2019-10-23,256.19,17889.6,9784,2.50656e+06,2.52445e+06,1.17218
2019-10-24,256.19,17889.6,9784,2.50656e+06,2.52445e+06,1.17218
2019-10-25,256.627,17889.6,9784,2.51084e+06,2.52873e+06,1.00476
2019-10-28,257.501,17889.6,9784,2.51939e+06,2.53728e+06,0.669841
2019-10-29,260.999,17889.6,9784,2.55361e+06,2.5715e+06,0
2019-10-30,261.873,17889.6,9784,2.56217e+06,2.58006e+06,0
2019-10-31,260.999,17889.6,9784,2.55361e+06,2.5715e+06,0.331595
2019-11-01,261.436,17889.6,9784,2.55789e+06,2.57578e+06,0.165768
2019-11-04,268.431,17889.6,9784,2.62633e+06,2.64422e+06,0
2019-11-05,271.491,17889.6,9784,2.65627e+06,2.67416e+06,0
2019-11-06,271.928,17889.6,9784,2.66055e+06,2.67844e+06,0
2019-11-07,270.18,17889.6,9784,2.64344e+06,2.66133e+06,0.638785
2019-11-08,267.119,17889.6,9784,2.6135e+06,2.63139e+06,1.75666
2019-11-11,263.185,17889.6,9784,2.575e+06,2.59289e+06,3.19397
2019-11-12,266.682,17889.6,9784,2.60922e+06,2.62711e+06,1.9164
2019-11-13,265.808,17889.6,9784,2.60066e+06,2.61855e+06,2.23577
2019-11-14,265.371,17889.6,9784,2.59639e+06,2.61428e+06,2.39545
2019-11-15,268.431,17889.6,9784,2.62633e+06,2.64422e+06,1.27758
2019-11-18,271.928,17889.6,9784,2.66055e+06,2.67844e+06,0
2019-11-19,275.426,17889.6,9784,2.69477e+06,2.71266e+06,0
2019-11-20,274.114,17889.6,9784,2.68193e+06,2.69982e+06,0.473073
2019-11-21,271.928,17889.6,9784,2.66055e+06,2.67844e+06,1.26147
2019-11-22,270.18,17889.6,9784,2.64344e+06,2.66133e+06,1.89219
2019-11-25,268.431,17889.6,9784,2.62633e+06,2.64422e+06,2.52293
2019-11-26,268.431,17889.6,9784,2.62633e+06,2.64422e+06,2.52293
2019-11-27,271.928,17889.6,9784,2.66055e+06,2.67844e+06,1.26147
2019-11-28,270.617,17889.6,9784,2.64772e+06,2.66561e+06,1.73449
2019-11-29,266.682,17889.6,9784,2.60922e+06,2.62711e+06,3.15369
2019-12-02,268.868,17889.6,9784,2.63061e+06,2.64849e+06,2.36527
2019-12-03,268.431,17889.6,9784,2.62633e+06,2.64422e+06,2.52293
2019-12-04,267.557,17889.6,9784,2.61777e+06,2.63566e+06,2.83832
2019-12-05,272.803,17889.6,9784,2.6691e+06,2.68699e+06,0.946135
2019-12-06,273.677,17889.6,9784,2.67766e+06,2.69555e+06,0.630738
2019-12-09,276.3,17889.6,9784,2.70332e+06,2.72121e+06,0
2019-12-10,274.114,17889.6,9784,2.68193e+06,2.69982e+06,0.78598
2019-12-11,278.923,17889.6,9784,2.72899e+06,2.74688e+06,0
2019-12-12,289.853,17889.6,9784,2.83592e+06,2.85381e+06,0
2019-12-13,296.411,17889.6,9784,2.90008e+06,2.91797e+06,0
2019-12-16,293.788,17889.6,9784,2.87442e+06,2.89231e+06,0.879511
2019-12-17,301.657,17889.6,9784,2.95141e+06,2.9693e+06,0
2019-12-18,301.22,17889.6,9784,2.94713e+06,2.96502e+06,0.144038
2019-12-19,295.054,17889.6,9784,2.88681e+06,2.9047e+06,2.17557
2019-12-20,289.77,17889.6,9784,2.83511e+06,2.853e+06,3.91684
2019-12-23,294.174,17889.6,9784,2.87819e+06,2.89608e+06,2.46578
2019-12-24,292.412,17889.6,9784,2.86096e+06,2.87885e+06,3.04618
2019-12-25,293.293,17889.6,9784,2.86958e+06,2.88747e+06,2.75599
2019-12-26,293.293,17889.6,9784,2.86958e+06,2.88747e+06,2.75599
2019-12-27,297.697,17889.6,9784,2.91266e+06,2.93055e+06,1.30495
2019-12-30,294.614,17889.6,9784,2.8825e+06,2.90039e+06,2.32066
2019-12-31,291.531,17889.6,9784,2.85234e+06,2.87023e+06,3.33642
2020-01-02,298.577,17889.6,9784,2.92128e+06,2.93917e+06,1.0147
2020-01-03,299.018,17889.6,9784,2.92559e+06,2.94348e+06,0.869577
2020-01-06,292.412,17889.6,9784,2.86096e+06,2.87885e+06,3.04618
2020-01-07,290.21,17889.6,9784,2.83942e+06,2.85731e+06,3.77171
2020-01-08,290.21,17889.6,9784,2.83942e+06,2.85731e+06,3.77171
2020-01-09,297.256,17889.6,9784,2.90836e+06,2.92625e+06,1.45001
2020-01-10,299.018,17889.6,9784,2.92559e+06,2.94348e+06,0.869577
2020-01-13,300.779,17889.6,9784,2.94282e+06,2.96071e+06,0.289162
2020-01-14,304.743,17889.6,9784,2.9816e+06,2.99949e+06,0
2020-01-15,299.458,17889.6,9784,2.9299e+06,2.94779e+06,1.72376
2020-01-16,294.614,17889.6,9784,2.8825e+06,2.90039e+06,3.30387
2020-01-17,293.293,17889.6,9784,2.86958e+06,2.88747e+06,3.73481
2020-01-20,293.293,17889.6,9784,2.86958e+06,2.88747e+06,3.73481
2020-01-30,278.76,17889.6,9784,2.72739e+06,2.74528e+06,8.47517
2020-01-31,281.843,17889.6,9784,2.75755e+06,2.77544e+06,7.46961
2020-02-03,277.439,17889.6,9784,2.71447e+06,2.73235e+06,8.9061
2020-02-04,286.247,17889.6,9784,2.80064e+06,2.81853e+06,6.03313
2020-02-05,288.449,17889.6,9784,2.82218e+06,2.84007e+06,5.31493
2020-02-06,292.853,17889.6,9784,2.86527e+06,2.88316e+06,3.87844
2020-02-07,288.889,17889.6,9784,2.82649e+06,2.84438e+06,5.17128
2020-02-10,288.449,17889.6,9784,2.82218e+06,2.84007e+06,5.31493
2020-02-11,291.972,17889.6,9784,2.85665e+06,2.87454e+06,4.16577
2020-02-12,295.054,17889.6,9784,2.88681e+06,2.9047e+06,3.16024
2020-02-13,295.054,17889.6,9784,2.88681e+06,2.9047e+06,3.16024
2020-02-14,295.054,17889.6,9784,2.88681e+06,2.9047e+06,3.16024
2020-02-17,291.972,17889.6,9784,2.85665e+06,2.87454e+06,4.16577
2020-02-18,283.604,17889.6,9784,2.77479e+06,2.79268e+06,6.89505
2020-02-19,287.568,17889.6,9784,2.81357e+06,2.83145e+06,5.6022
2020-02-20,286.687,17889.6,9784,2.80495e+06,2.82284e+06,5.88952
2020-02-21,286.247,17889.6,9784,2.80064e+06,2.81853e+06,6.03313
2020-02-24,281.843,17889.6,9784,2.75755e+06,2.77544e+06,7.46961
2020-02-25,283.604,17889.6,9784,2.77479e+06,2.79268e+06,6.89505
2020-02-26,280.522,17889.6,9784,2.74463e+06,2.76252e+06,7.90058
2020-02-27,278.32,17889.6,9784,2.72308e+06,2.74097e+06,8.61879
2020-03-02,273.916,17889.6,9784,2.68e+06,2.69789e+06,10.0553
2020-03-03,279.641,17889.6,9784,2.73601e+06,2.7539e+06,8.1879
2020-03-04,282.283,17889.6,9784,2.76186e+06,2.77975e+06,7.32597
2020-03-05,284.485,17889.6,9784,2.7834e+06,2.80129e+06,6.60776
2020-03-06,277.439,17889.6,9784,2.71447e+06,2.73235e+06,8.9061
2020-03-09,269.072,2.63884e+06,0,0,2.63884e+06,12.0237
2020-03-10,270.393,2.63884e+06,0,0,2.63884e+06,12.0237
2020-03-11,265.989,2.63884e+06,0,0,2.63884e+06,12.0237
2020-03-12,258.943,2.63884e+06,0,0,2.63884e+06,12.0237
2020-03-13,255.42,2.63884e+06,0,0,2.63884e+06,12.0237
2020-03-16,243.53,2.63884e+06,0,0,2.63884e+06,12.0237
2020-03-17,236.044,2.63884e+06,0,0,2.63884e+06,12.0237
2020-03-18,228.997,2.63884e+06,0,0,2.63884e+06,12.0237
2020-03-19,220.549,2.63884e+06,0,0,2.63884e+06,12.0237
2020-03-20,240.114,2.63884e+06,0,0,2.63884e+06,12.0237
2020-03-23,226.774,2.63884e+06,0,0,2.63884e+06,12.0237
2020-03-24,237.891,2.63884e+06,0,0,2.63884e+06,12.0237
2020-03-25,246.339,2.63884e+06,0,0,2.63884e+06,12.0237
2020-03-26,249.007,2.63884e+06,0,0,2.63884e+06,12.0237
2020-03-27,242.782,2.63884e+06,0,0,2.63884e+06,12.0237
2020-03-30,237.891,2.63884e+06,0,0,2.63884e+06,12.0237
2020-03-31,243.671,2.63884e+06,0,0,2.63884e+06,12.0237
2020-04-01,241.448,2.63884e+06,0,0,2.63884e+06,12.0237
2020-04-06,245.005,2.63884e+06,0,0,2.63884e+06,12.0237
2020-04-07,251.675,2.63884e+06,0,0,2.63884e+06,12.0237
2020-04-08,253.454,2.63884e+06,0,0,2.63884e+06,12.0237
2020-04-09,251.675,2.63884e+06,0,0,2.63884e+06,12.0237
2020-04-10,248.562,2.63884e+06,0,0,2.63884e+06,12.0237
2020-04-13,247.673,2.63884e+06,0,0,2.63884e+06,12.0237
2020-04-14,253.454,2.63884e+06,0,0,2.63884e+06,12.0237
2020-04-15,255.677,22871.1,10217,2.61225e+06,2.63512e+06,12.1478
2020-04-16,254.787,22871.1,10217,2.60316e+06,2.62603e+06,12.4507
2020-04-17,272.574,22871.1,10217,2.78488e+06,2.80776e+06,6.3923
2020-04-20,270.35,22871.1,10217,2.76217e+06,2.78504e+06,7.14961
2020-04-21,262.347,22871.1,10217,2.6804e+06,2.70327e+06,9.87586
2020-04-22,261.457,22871.1,10217,2.67131e+06,2.69418e+06,10.1788
2020-04-23,262.791,22871.1,10217,2.68494e+06,2.70781e+06,9.72443
2020-04-24,261.457,22871.1,10217,2.67131e+06,2.69418e+06,10.1788
2020-04-27,265.014,22871.1,10217,2.70765e+06,2.73052e+06,8.96713
2020-04-28,263.681,22871.1,10217,2.69402e+06,2.71689e+06,9.42151
2020-04-29,265.904,22871.1,10217,2.71674e+06,2.73961e+06,8.66419
2020-04-30,270.795,22871.1,10217,2.76671e+06,2.78958e+06,6.99813
2020-05-04,262.347,22871.1,10217,2.6804e+06,2.70327e+06,9.87586
2020-05-05,262.791,22871.1,10217,2.68494e+06,2.70781e+06,9.72443
2020-05-06,263.236,22871.1,10217,2.68948e+06,2.71235e+06,9.57297
2020-05-07,264.57,22871.1,10217,2.70311e+06,2.72598e+06,9.11859
2020-05-08,264.57,22871.1,10217,2.70311e+06,2.72598e+06,9.11859
2020-05-11,267.682,22871.1,10217,2.73491e+06,2.75778e+06,8.05837
2020-05-12,262.347,22871.1,10217,2.6804e+06,2.70327e+06,9.87586
2020-05-13,264.125,22871.1,10217,2.69857e+06,2.72144e+06,9.27006
2020-05-14,260.568,22871.1,10217,2.66222e+06,2.68509e+06,10.4817
2020-05-15,265.014,22871.1,10217,2.70765e+06,2.73052e+06,8.96713
2020-05-18,257.9,22871.1,10217,2.63496e+06,2.65784e+06,11.3905
2020-05-19,259.234,22871.1,10217,2.64859e+06,2.67146e+06,10.9361
2020-05-20,261.457,22871.1,10217,2.67131e+06,2.69418e+06,10.1788
2020-05-21,264.57,22871.1,10217,2.70311e+06,2.72598e+06,9.11859
2020-05-22,259.679,22871.1,10217,2.65314e+06,2.67601e+06,10.7847
2020-05-25,259.679,22871.1,10217,2.65314e+06,2.67601e+06,10.7847
2020-05-26,262.791,22871.1,10217,2.68494e+06,2.70781e+06,9.72443
2020-05-27,263.681,22871.1,10217,2.69402e+06,2.71689e+06,9.42151
2020-05-28,261.457,22871.1,10217,2.67131e+06,2.69418e+06,10.1788
2020-05-29,259.679,22871.1,10217,2.65314e+06,2.67601e+06,10.7847
2020-06-01,262.791,22871.1,10217,2.68494e+06,2.70781e+06,9.72443
2020-06-02,263.681,22871.1,10217,2.69402e+06,2.71689e+06,9.42151
2020-06-03,267.682,22871.1,10217,2.73491e+06,2.75778e+06,8.05837
2020-06-04,272.129,22871.1,10217,2.78034e+06,2.80321e+06,6.54373
2020-06-05,277.02,22871.1,10217,2.83032e+06,2.85319e+06,4.8777
2020-06-08,282.801,22871.1,10217,2.88938e+06,2.91225e+06,2.9087
2020-06-09,283.69,22871.1,10217,2.89846e+06,2.92133e+06,2.60582
2020-06-10,286.803,22871.1,10217,2.93026e+06,2.95313e+06,1.54558
2020-06-11,285.024,22871.1,10217,2.91209e+06,2.93496e+06,2.15142
2020-06-12,281.022,22871.1,10217,2.8712e+06,2.89407e+06,3.51453
2020-06-15,275.242,22871.1,10217,2.81214e+06,2.83501e+06,5.48351
2020-06-16,280.133,22871.1,10217,2.86212e+06,2.88499e+06,3.81748
2020-06-17,280.133,22871.1,10217,2.86212e+06,2.88499e+06,3.81748
2020-06-18,281.926,22871.1,10217,2.88043e+06,2.9033e+06,3.20679
2020-06-19,281.926,22871.1,10217,2.88043e+06,2.9033e+06,3.20679
2020-06-22,279.685,22871.1,10217,2.85754e+06,2.88041e+06,3.97015
2020-06-23,282.374,22871.1,10217,2.88501e+06,2.90788e+06,3.05411
2020-06-24,284.615,22871.1,10217,2.90791e+06,2.93078e+06,2.29074
2020-06-29,279.685,22871.1,10217,2.85754e+06,2.88041e+06,3.97015
2020-06-30,280.581,22871.1,10217,2.8667e+06,2.88957e+06,3.66478
2020-07-01,284.615,22871.1,10217,2.90791e+06,2.93078e+06,2.29074
2020-07-02,288.649,22871.1,10217,2.94913e+06,2.972e+06,0.916686
2020-07-03,295.372,22871.1,10217,3.01782e+06,3.04069e+06,0
2020-07-06,302.992,22871.1,10217,3.09567e+06,3.11854e+06,0
2020-07-07,303.44,22871.1,10217,3.10024e+06,3.12312e+06,0
2020-07-08,305.681,22871.1,10217,3.12314e+06,3.14601e+06,0
2020-07-09,309.267,22871.1,10217,3.15978e+06,3.18265e+06,0
2020-07-10,312.404,22871.1,10217,3.19183e+06,3.2147e+06,0
2020-07-13,317.783,22871.1,10217,3.24679e+06,3.26966e+06,0
2020-07-14,325.85,22871.1,10217,3.32921e+06,3.35208e+06,0
2020-07-15,325.402,22871.1,10217,3.32463e+06,3.34751e+06,0.136613
2020-07-16,320.472,22871.1,10217,3.27426e+06,3.29713e+06,1.63934
2020-07-17,328.988,22871.1,10217,3.36127e+06,3.38414e+06,0
2020-07-20,328.092,22871.1,10217,3.35211e+06,3.37498e+06,0.270619
2020-07-21,343.331,22871.1,10217,3.50781e+06,3.53068e+06,0
2020-07-22,344.227,22871.1,10217,3.51697e+06,3.53984e+06,0
2020-07-23,341.986,22871.1,10217,3.49407e+06,3.51694e+06,0.646843
2020-07-24,346.02,22871.1,10217,3.53529e+06,3.55816e+06,0
2020-07-27,380.532,22871.1,10217,3.8879e+06,3.91077e+06,0
2020-07-28,389.945,22871.1,10217,3.98407e+06,4.00694e+06,0
2020-07-29,378.291,22871.1,10217,3.865e+06,3.88787e+06,2.97144
2020-07-30,389.048,22871.1,10217,3.97491e+06,3.99778e+06,0.228565
2020-07-31,381.429,22871.1,10217,3.89706e+06,3.91993e+06,2.17144
2020-08-03,372.913,22871.1,10217,3.81005e+06,3.83292e+06,4.34289
2020-08-04,381.429,22871.1,10217,3.89706e+06,3.91993e+06,2.17144
2020-08-05,384.566,22871.1,10217,3.92911e+06,3.95199e+06,1.37142
2020-08-06,389.945,22871.1,10217,3.98407e+06,4.00694e+06,0
2020-08-07,388.152,22871.1,10217,3.96575e+06,3.98862e+06,0.457145
2020-08-10,390.393,22871.1,10217,3.98865e+06,4.01152e+06,0
2020-08-11,384.566,22871.1,10217,3.92911e+06,3.95199e+06,1.48401
2020-08-12,375.602,22871.1,10217,3.83753e+06,3.8604e+06,3.76714
2020-08-13,384.566,22871.1,10217,3.92911e+06,3.95199e+06,1.48401
2020-08-14,382.773,22871.1,10217,3.9108e+06,3.93367e+06,1.94065
2020-08-17,389.945,22871.1,10217,3.98407e+06,4.00694e+06,0.114156
2020-08-18,388.152,22871.1,10217,3.96575e+06,3.98862e+06,0.570779
2020-08-19,383.222,22871.1,10217,3.91538e+06,3.93825e+06,1.8265
2020-08-20,372.016,22871.1,10217,3.80089e+06,3.82376e+06,4.68037
2020-08-21,380.532,22871.1,10217,3.8879e+06,3.91077e+06,2.51144
2020-08-24,383.67,22871.1,10217,3.91995e+06,3.94283e+06,1.71234
2020-08-25,389.497,22871.1,10217,3.97949e+06,4.00236e+06,0.228288
2020-08-26,396.22,22871.1,10217,4.04818e+06,4.07105e+06,0
2020-08-27,398.013,22871.1,10217,4.0665e+06,4.08937e+06,0
2020-08-28,389.945,22871.1,10217,3.98407e+06,4.00694e+06,2.01569
2020-08-31,382.325,22871.1,10217,3.90622e+06,3.92909e+06,3.9194
2020-09-01,389.945,22871.1,10217,3.98407e+06,4.00694e+06,2.01569
2020-09-02,388.152,22871.1,10217,3.96575e+06,3.98862e+06,2.46362
2020-09-03,390.841,22871.1,10217,3.99323e+06,4.0161e+06,1.79172
2020-09-04,384.566,22871.1,10217,3.92911e+06,3.95199e+06,3.35946
2020-09-07,381.877,22871.1,10217,3.90164e+06,3.92451e+06,4.03136
2020-09-08,386.359,22871.1,10217,3.94743e+06,3.9703e+06,2.91154
2020-09-09,382.773,22871.1,10217,3.9108e+06,3.93367e+06,3.80741
2020-09-10,389.945,22871.1,10217,3.98407e+06,4.00694e+06,2.01569
2020-09-11,391.29,22871.1,10217,3.99781e+06,4.02068e+06,1.67972
2020-09-14,395.323,22871.1,10217,4.03902e+06,4.06189e+06,0.671903
2020-09-15,398.909,22871.1,10217,4.07565e+06,4.09853e+06,0
2020-09-16,410.563,22871.1,10217,4.19472e+06,4.21759e+06,0
2020-09-17,404.253,22871.1,10217,4.13025e+06,4.15313e+06,1.52845
2020-09-18,400.197,22871.1,10217,4.08881e+06,4.11169e+06,2.51101
2020-09-21,396.592,22871.1,10217,4.05198e+06,4.07485e+06,3.38438
2020-09-22,393.888,22871.1,10217,4.02435e+06,4.04722e+06,4.03944
2020-09-23,390.733,22871.1,10217,3.99212e+06,4.01499e+06,4.80366
2020-09-24,381.269,22871.1,10217,3.89542e+06,3.9183e+06,7.09633
2020-09-25,382.17,22871.1,10217,3.90463e+06,3.9275e+06,6.87798
2020-09-28,388.93,22871.1,10217,3.9737e+06,3.99657e+06,5.24037
2020-09-29,388.48,22871.1,10217,3.9691e+06,3.99197e+06,5.34954
2020-09-30,390.282,22871.1,10217,3.98751e+06,4.01039e+06,4.91284
2020-10-05,389.832,22871.1,10217,3.98291e+06,4.00578e+06,5.02201
2020-10-06,396.141,22871.1,10217,4.04737e+06,4.07024e+06,3.49357
2020-10-07,399.296,22871.1,10217,4.07961e+06,4.10248e+06,2.72936
2020-10-08,408.309,22871.1,10217,4.1717e+06,4.19457e+06,0.545862
2020-10-12,414.619,22871.1,10217,4.23616e+06,4.25903e+06,0
2020-10-13,416.421,22871.1,10217,4.25458e+06,4.27745e+06,0
2020-10-14,413.717,22871.1,10217,4.22695e+06,4.24982e+06,0.64588
2020-10-15,408.309,22871.1,10217,4.1717e+06,4.19457e+06,1.93763
2020-10-16,404.704,22871.1,10217,4.13486e+06,4.15773e+06,2.79878
2020-10-19,412.365,22871.1,10217,4.21314e+06,4.23601e+06,0.968805
2020-10-20,406.507,22871.1,10217,4.15328e+06,4.17615e+06,2.36821
2020-10-21,408.309,22871.1,10217,4.1717e+06,4.19457e+06,1.93763
2020-10-22,410.112,22871.1,10217,4.19011e+06,4.21299e+06,1.50704
2020-10-23,407.408,22871.1,10217,4.16249e+06,4.18536e+06,2.15292
2020-10-26,405.605,22871.1,10217,4.14407e+06,4.16694e+06,2.58351
2020-10-27,402.901,22871.1,10217,4.11644e+06,4.13931e+06,3.2294
2020-10-28,400.197,22871.1,10217,4.08881e+06,4.11169e+06,3.87527
2020-10-29,393.888,22871.1,10217,4.02435e+06,4.04722e+06,5.38232
2020-10-30,389.381,22871.1,10217,3.97831e+06,4.00118e+06,6.45879
2020-11-02,392.536,22871.1,10217,4.01054e+06,4.03341e+06,5.70526
2020-11-03,397.493,22871.1,10217,4.06119e+06,4.08406e+06,4.52115
2020-11-04,405.605,22871.1,10217,4.14407e+06,4.16694e+06,2.58351
2020-11-05,406.507,22871.1,10217,4.15328e+06,4.17615e+06,2.36821
2020-11-06,407.859,22871.1,10217,4.16709e+06,4.18996e+06,2.04529
2020-11-09,413.267,22871.1,10217,4.22235e+06,4.24522e+06,0.753522
2020-11-10,406.507,22871.1,10217,4.15328e+06,4.17615e+06,2.36821
2020-11-11,411.915,22871.1,10217,4.20853e+06,4.2314e+06,1.07644
2020-11-12,412.816,22871.1,10217,4.21774e+06,4.24061e+06,0.861164
2020-11-13,416.421,22871.1,10217,4.25458e+06,4.27745e+06,0
2020-11-16,436.251,22871.1,10217,4.45718e+06,4.48005e+06,0
2020-11-17,437.603,22871.1,10217,4.47099e+06,4.49386e+06,0
2020-11-18,447.968,22871.1,10217,4.57689e+06,4.59977e+06,0
2020-11-19,441.659,22871.1,10217,4.51243e+06,4.5353e+06,1.40144
2020-11-20,439.856,22871.1,10217,4.49401e+06,4.51688e+06,1.80187
2020-11-23,447.518,22871.1,10217,4.57229e+06,4.59516e+06,0.100106
2020-11-24,443.462,22871.1,10217,4.53085e+06,4.55372e+06,1.00102
2020-11-25,438.955,22871.1,10217,4.4848e+06,4.50767e+06,2.00207
2020-11-26,440.758,22871.1,10217,4.50322e+06,4.52609e+06,1.60165
2020-11-27,440.758,22871.1,10217,4.50322e+06,4.52609e+06,1.60165
2020-11-30,433.096,22871.1,10217,4.42494e+06,4.44782e+06,3.30342
2020-12-01,441.659,22871.1,10217,4.51243e+06,4.5353e+06,1.40144
2020-12-02,449.771,22871.1,10217,4.59531e+06,4.61818e+06,0
2020-12-03,447.968,22871.1,10217,4.57689e+06,4.59977e+06,0.398813
2020-12-04,453.377,22871.1,10217,4.63215e+06,4.65502e+06,0
2020-12-07,463.291,22871.1,10217,4.73345e+06,4.75632e+06,0
2020-12-08,472.305,22871.1,10217,4.82554e+06,4.84841e+06,0
2020-12-09,468.699,22871.1,10217,4.7887e+06,4.81157e+06,0.759738
2020-12-10,461.489,22871.1,10217,4.71503e+06,4.7379e+06,2.27927
2020-12-11,465.094,22871.1,10217,4.75187e+06,4.77474e+06,1.51951
2020-12-14,457.883,22871.1,10217,4.67819e+06,4.70106e+06,3.03902
2020-12-15,454.278,22871.1,10217,4.64136e+06,4.66423e+06,3.79877
2020-12-16,461.489,22871.1,10217,4.71503e+06,4.7379e+06,2.27927
2020-12-17,460.13,22871.1,10217,4.70115e+06,4.72402e+06,2.56557
2020-12-18,461.942,22871.1,10217,4.71966e+06,4.74253e+06,2.18383
2020-12-21,467.376,22871.1,10217,4.77518e+06,4.79805e+06,1.0386
2020-12-22,461.036,22871.1,10217,4.7104e+06,4.73327e+06,2.3747
2020-12-23,461.036,22871.1,10217,4.7104e+06,4.73327e+06,2.3747
2020-12-24,461.942,22871.1,10217,4.71966e+06,4.74253e+06,2.18383
2020-12-25,462.847,22871.1,10217,4.72891e+06,4.75178e+06,1.99295
2020-12-28,466.47,22871.1,10217,4.76593e+06,4.7888e+06,1.22949
2020-12-29,466.47,22871.1,10217,4.76593e+06,4.7888e+06,1.22949
2020-12-30,475.528,22871.1,10217,4.85847e+06,4.88134e+06,0
2020-12-31,480.057,22871.1,10217,4.90474e+06,4.92761e+06,0
2021-01-04,485.491,22871.1,10217,4.96027e+06,4.98314e+06,0
2021-01-05,490.926,22871.1,10217,5.01579e+06,5.03866e+06,0
2021-01-06,497.266,22871.1,10217,5.08057e+06,5.10344e+06,0
2021-01-07,511.759,22871.1,10217,5.22864e+06,5.25151e+06,0
2021-01-08,525.345,22871.1,10217,5.36745e+06,5.39032e+06,0
2021-01-11,528.968,22871.1,10217,5.40447e+06,5.42734e+06,0
2021-01-12,535.309,22871.1,10217,5.46925e+06,5.49212e+06,0
2021-01-13,547.989,22871.1,10217,5.59881e+06,5.62168e+06,0
2021-01-14,536.215,22871.1,10217,5.4785e+06,5.50138e+06,2.13999
2021-01-15,544.366,22871.1,10217,5.56179e+06,5.58466e+06,0.658452
2021-01-18,549.801,22871.1,10217,5.61732e+06,5.64019e+06,0
2021-01-19,567.916,22871.1,10217,5.8024e+06,5.82527e+06,0
2021-01-20,586.032,22871.1,10217,5.98749e+06,6.01036e+06,0
2021-01-21,609.582,22871.1,10217,6.2281e+06,6.25097e+06,0
2021-01-22,587.843,22871.1,10217,6.00599e+06,6.02886e+06,3.55308
2021-01-25,573.351,22871.1,10217,5.85793e+06,5.8808e+06,5.9218
2021-01-26,558.859,22871.1,10217,5.70986e+06,5.73273e+06,8.29051
2021-01-27,557.047,22871.1,10217,5.69135e+06,5.71422e+06,8.5866
2021-01-28,544.366,22871.1,10217,5.56179e+06,5.58466e+06,10.6592
2021-01-29,535.309,22871.1,10217,5.46925e+06,5.49212e+06,12.1396
2021-02-01,553.424,22871.1,10217,5.65433e+06,5.6772e+06,9.17876
2021-02-02,572.445,22871.1,10217,5.84867e+06,5.87154e+06,6.06982
2021-02-03,570.634,22871.1,10217,5.83016e+06,5.85303e+06,6.36592
2021-02-04,567.916,22871.1,10217,5.8024e+06,5.82527e+06,6.81004
2021-02-05,572.445,22871.1,10217,5.84867e+06,5.87154e+06,6.06982
2021-02-17,600.524,22871.1,10217,6.13555e+06,6.15842e+06,1.48045
2021-02-18,597.807,22871.1,10217,6.10779e+06,6.13066e+06,1.92457
2021-02-19,590.56,22871.1,10217,6.03376e+06,6.05663e+06,3.10895
2021-02-22,588.749,22871.1,10217,6.01525e+06,6.03812e+06,3.40503
2021-02-23,580.597,22871.1,10217,5.93196e+06,5.95483e+06,4.7374
2021-02-24,566.105,22871.1,10217,5.78389e+06,5.80676e+06,7.10613
2021-02-25,575.162,22871.1,10217,5.87643e+06,5.89931e+06,5.6257
2021-02-26,548.895,22871.1,10217,5.60806e+06,5.63093e+06,9.91898
2021-03-02,551.612,22871.1,10217,5.63582e+06,5.6587e+06,9.47486
2021-03-03,563.388,22871.1,10217,5.75613e+06,5.779e+06,7.55027
2021-03-04,544.366,22871.1,10217,5.56179e+06,5.58466e+06,10.6592
2021-03-05,544.366,22871.1,10217,5.56179e+06,5.58466e+06,10.6592
2021-03-08,541.649,22871.1,10217,5.53403e+06,5.5569e+06,11.1034
2021-03-09,538.932,22871.1,10217,5.50626e+06,5.52914e+06,11.5475
2021-03-10,540.743,22871.1,10217,5.52477e+06,5.54764e+06,11.2514
2021-03-11,551.612,22871.1,10217,5.63582e+06,5.6587e+06,9.47486
2021-03-12,556.141,22871.1,10217,5.6821e+06,5.70497e+06,8.73462
2021-03-15,553.424,22871.1,10217,5.65433e+06,5.6772e+06,9.17876
2021-03-16,555.236,22871.1,10217,5.67284e+06,5.69571e+06,8.88267
2021-03-17,549.324,22871.1,10217,5.61244e+06,5.63531e+06,9.84892
2021-03-18,547.505,22871.1,10217,5.59386e+06,5.61673e+06,10.1462
2021-03-19,537.501,22871.1,10217,5.49164e+06,5.51452e+06,11.7814
2021-03-22,539.32,22871.1,10217,5.51023e+06,5.5331e+06,11.4841
2021-03-23,540.229,22871.1,10217,5.51952e+06,5.54239e+06,11.3354
2021-03-24,523.859,5.35145e+06,0,0,5.35145e+06,14.39
2021-03-25,522.949,5.35145e+06,0,0,5.35145e+06,14.39
2021-03-26,536.591,5.35145e+06,0,0,5.35145e+06,14.39
2021-03-29,544.777,5.35145e+06,0,0,5.35145e+06,14.39
2021-03-30,542.958,5.35145e+06,0,0,5.35145e+06,14.39
2021-03-31,533.863,5.35145e+06,0,0,5.35145e+06,14.39
2021-04-01,547.505,5.35145e+06,0,0,5.35145e+06,14.39
2021-04-07,554.781,5.35145e+06,0,0,5.35145e+06,14.39
2021-04-08,557.509,5.35145e+06,0,0,5.35145e+06,14.39
2021-04-09,554.781,46300.6,9549,5.2976e+06,5.3439e+06,14.5108
2021-04-12,550.234,46300.6,9549,5.25418e+06,5.30048e+06,15.2054
2021-04-13,550.234,46300.6,9549,5.25418e+06,5.30048e+06,15.2054
2021-04-14,556.6,46300.6,9549,5.31497e+06,5.36127e+06,14.2329
2021-04-15,562.966,46300.6,9549,5.37576e+06,5.42207e+06,13.2604
2021-04-16,554.781,46300.6,9549,5.2976e+06,5.3439e+06,14.5108
2021-04-19,548.414,46300.6,9549,5.23681e+06,5.28311e+06,15.4833
2021-04-20,547.505,46300.6,9549,5.22812e+06,5.27443e+06,15.6222
2021-04-21,538.41,46300.6,9549,5.14128e+06,5.18758e+06,17.0115
2021-04-22,537.501,46300.6,9549,5.13259e+06,5.17889e+06,17.1505
2021-04-23,547.505,46300.6,9549,5.22812e+06,5.27443e+06,15.6222
2021-04-26,554.781,46300.6,9549,5.2976e+06,5.3439e+06,14.5108
2021-04-27,554.781,46300.6,9549,5.2976e+06,5.3439e+06,14.5108
2021-04-28,547.505,46300.6,9549,5.22812e+06,5.27443e+06,15.6222
2021-04-29,545.686,46300.6,9549,5.21076e+06,5.25706e+06,15.9001
2021-05-03,534.772,46300.6,9549,5.10654e+06,5.15284e+06,17.5673
2021-05-04,537.501,46300.6,9549,5.13259e+06,5.17889e+06,17.1505
2021-05-05,532.044,46300.6,9549,5.08049e+06,5.12679e+06,17.9841
2021-05-06,533.863,46300.6,9549,5.09786e+06,5.14416e+06,17.7062
2021-05-07,544.777,46300.6,9549,5.20207e+06,5.24837e+06,16.039
2021-05-10,535.682,46300.6,9549,5.11523e+06,5.16153e+06,17.4284
2021-05-11,519.311,46300.6,9549,4.9589e+06,5.00521e+06,19.9291
2021-05-12,509.307,46300.6,9549,4.86337e+06,4.90967e+06,21.4574
2021-05-13,497.484,46300.6,9549,4.75047e+06,4.79677e+06,23.2635
2021-05-14,506.579,46300.6,9549,4.83732e+06,4.88362e+06,21.8742
2021-05-17,499.303,46300.6,9549,4.76784e+06,4.81414e+06,22.9856
2021-05-18,520.221,46300.6,9549,4.96759e+06,5.01389e+06,19.7902
2021-05-19,515.673,46300.6,9549,4.92416e+06,4.97047e+06,20.4848
2021-05-20,515.673,46300.6,9549,4.92416e+06,4.97047e+06,20.4848
2021-05-21,521.13,46300.6,9549,4.97627e+06,5.02257e+06,19.6513
2021-05-24,516.583,46300.6,9549,4.93285e+06,4.97915e+06,20.3459
2021-05-25,530.225,46300.6,9549,5.06312e+06,5.10942e+06,18.2619
2021-05-26,532.044,46300.6,9549,5.08049e+06,5.12679e+06,17.9841
2021-05-27,529.315,46300.6,9549,5.05443e+06,5.10073e+06,18.4009
2021-05-28,536.591,46300.6,9549,5.12391e+06,5.17021e+06,17.2894
2021-05-31,542.958,46300.6,9549,5.1847e+06,5.231e+06,16.3169
2021-06-01,543.867,46300.6,9549,5.19339e+06,5.23969e+06,16.178
2021-06-02,541.139,46300.6,9549,5.16733e+06,5.21363e+06,16.5948
2021-06-03,542.048,46300.6,9549,5.17602e+06,5.22232e+06,16.4558
2021-06-04,541.139,46300.6,9549,5.16733e+06,5.21363e+06,16.5948
2021-06-07,538.41,46300.6,9549,5.14128e+06,5.18758e+06,17.0115
2021-06-08,535.682,46300.6,9549,5.11523e+06,5.16153e+06,17.4284
2021-06-09,532.953,46300.6,9549,5.08917e+06,5.13547e+06,17.8452
2021-06-10,544.777,46300.6,9549,5.20207e+06,5.24837e+06,16.039
2021-06-11,547.505,46300.6,9549,5.22812e+06,5.27443e+06,15.6222
2021-06-15,553.871,46300.6,9549,5.28892e+06,5.33522e+06,14.6497
2021-06-16,550.234,46300.6,9549,5.25418e+06,5.30048e+06,15.2054
2021-06-17,553.43,46300.6,9549,5.2847e+06,5.331e+06,14.7171
2021-06-18,550.69,46300.6,9549,5.25854e+06,5.30484e+06,15.1357
2021-06-21,532.425,46300.6,9549,5.08413e+06,5.13043e+06,17.9259
2021-06-22,527.859,46300.6,9549,5.04052e+06,5.08682e+06,18.6234
2021-06-23,543.384,46300.6,9549,5.18877e+06,5.23507e+06,16.2518
2021-06-24,538.818,46300.6,9549,5.14517e+06,5.19147e+06,16.9493
2021-06-25,539.731,46300.6,9549,5.15389e+06,5.20019e+06,16.8098
2021-06-28,538.818,46300.6,9549,5.14517e+06,5.19147e+06,16.9493
2021-06-29,543.384,46300.6,9549,5.18877e+06,5.23507e+06,16.2518
2021-06-30,543.384,46300.6,9549,5.18877e+06,5.23507e+06,16.2518
2021-07-01,541.557,46300.6,9549,5.17133e+06,5.21763e+06,16.5308
2021-07-02,536.991,46300.6,9549,5.12773e+06,5.17403e+06,17.2283
2021-07-05,539.731,46300.6,9549,5.15389e+06,5.20019e+06,16.8098
2021-07-06,540.644,46300.6,9549,5.16261e+06,5.20891e+06,16.6703
2021-07-07,542.471,46300.6,9549,5.18005e+06,5.22635e+06,16.3913
2021-07-08,536.991,46300.6,9549,5.12773e+06,5.17403e+06,17.2283
2021-07-09,533.338,46300.6,9549,5.09285e+06,5.13915e+06,17.7863
2021-07-12,541.557,46300.6,9549,5.17133e+06,5.21763e+06,16.5308
2021-07-13,554.343,46300.6,9549,5.29342e+06,5.33972e+06,14.5777
2021-07-14,559.823,46300.6,9549,5.34575e+06,5.39205e+06,13.7406
2021-07-15,560.736,46300.6,9549,5.35447e+06,5.40077e+06,13.6011
2021-07-16,537.905,46300.6,9549,5.13645e+06,5.18275e+06,17.0888
2021-07-19,531.512,46300.6,9549,5.07541e+06,5.12171e+06,18.0653
2021-07-20,530.599,46300.6,9549,5.06669e+06,5.11299e+06,18.2049
2021-07-21,534.252,46300.6,9549,5.10157e+06,5.14787e+06,17.6468
2021-07-22,539.731,46300.6,9549,5.15389e+06,5.20019e+06,16.8098
2021-07-23,534.252,46300.6,9549,5.10157e+06,5.14787e+06,17.6468
2021-07-26,529.685,46300.6,9549,5.05796e+06,5.10426e+06,18.3444
2021-07-27,529.685,46300.6,9549,5.05796e+06,5.10426e+06,18.3444
2021-07-28,528.772,46300.6,9549,5.04924e+06,5.09554e+06,18.4839
2021-07-29,532.425,46300.6,9549,5.08413e+06,5.13043e+06,17.9259
2021-07-30,529.685,46300.6,9549,5.05796e+06,5.10426e+06,18.3444
2021-08-02,538.818,46300.6,9549,5.14517e+06,5.19147e+06,16.9493
2021-08-03,542.471,46300.6,9549,5.18005e+06,5.22635e+06,16.3913
2021-08-04,544.297,46300.6,9549,5.19749e+06,5.24379e+06,16.1123
2021-08-05,544.297,46300.6,9549,5.19749e+06,5.24379e+06,16.1123
2021-08-06,539.731,46300.6,9549,5.15389e+06,5.20019e+06,16.8098
2021-08-09,543.384,46300.6,9549,5.18877e+06,5.23507e+06,16.2518
2021-08-10,539.731,46300.6,9549,5.15389e+06,5.20019e+06,16.8098
2021-08-11,538.818,46300.6,9549,5.14517e+06,5.19147e+06,16.9493
2021-08-12,535.165,46300.6,9549,5.11029e+06,5.15659e+06,17.5073
2021-08-13,530.599,46300.6,9549,5.06669e+06,5.11299e+06,18.2049
2021-08-16,533.338,46300.6,9549,5.09285e+06,5.13915e+06,17.7863
2021-08-17,533.338,46300.6,9549,5.09285e+06,5.13915e+06,17.7863
2021-08-18,524.206,46300.6,9549,5.00564e+06,5.05194e+06,19.1814
2021-08-19,510.507,4.89956e+06,0,0,4.89956e+06,21.6191
2021-08-20,504.114,4.89956e+06,0,0,4.89956e+06,21.6191
2021-08-23,516.9,4.89956e+06,0,0,4.89956e+06,21.6191
2021-08-24,522.379,4.89956e+06,0,0,4.89956e+06,21.6191
2021-08-25,534.252,4.89956e+06,0,0,4.89956e+06,21.6191
2021-08-26,542.471,42420.1,8941,4.85023e+06,4.89265e+06,21.7297
2021-08-27,547.037,42420.1,8941,4.89106e+06,4.93348e+06,21.0765
2021-08-30,552.516,42420.1,8941,4.94005e+06,4.98247e+06,20.2928
2021-08-31,560.736,42420.1,8941,5.01354e+06,5.05596e+06,19.1172
2021-09-01,559.823,42420.1,8941,5.00537e+06,5.04779e+06,19.2478
2021-09-02,554.343,42420.1,8941,4.95638e+06,4.9988e+06,20.0315
2021-09-03,566.215,42420.1,8941,5.06253e+06,5.10495e+06,18.3334
2021-09-06,576.261,42420.1,8941,5.15235e+06,5.19477e+06,16.8965
2021-09-07,568.955,42420.1,8941,5.08703e+06,5.12945e+06,17.9415
2021-09-08,565.302,42420.1,8941,5.05437e+06,5.09679e+06,18.464
2021-09-09,565.302,42420.1,8941,5.05437e+06,5.09679e+06,18.464
2021-09-10,568.042,42420.1,8941,5.07886e+06,5.12128e+06,18.0721
2021-09-13,561.649,42420.1,8941,5.0217e+06,5.06412e+06,18.9865
2021-09-14,559.823,42420.1,8941,5.00537e+06,5.04779e+06,19.2478
2021-09-15,554.343,42420.1,8941,4.95638e+06,4.9988e+06,20.0315
2021-09-16,550.444,42420.1,8941,4.92152e+06,4.96394e+06,20.5892
2021-09-17,550.444,42420.1,8941,4.92152e+06,4.96394e+06,20.5892
2021-09-22,537.6,42420.1,8941,4.80669e+06,4.84911e+06,22.4263
2021-09-23,539.435,42420.1,8941,4.82309e+06,4.86551e+06,22.1639
2021-09-24,548.609,42420.1,8941,4.90512e+06,4.94754e+06,20.8517
2021-09-27,552.279,42420.1,8941,4.93793e+06,4.98035e+06,20.3268
2021-09-28,544.94,42420.1,8941,4.87231e+06,4.91473e+06,21.3765
2021-09-29,532.096,42420.1,8941,4.75747e+06,4.79989e+06,23.2136
2021-09-30,532.096,42420.1,8941,4.75747e+06,4.79989e+06,23.2136
2021-10-01,526.592,42420.1,8941,4.70826e+06,4.75068e+06,24.0009
2021-10-04,524.757,42420.1,8941,4.69185e+06,4.73427e+06,24.2634
2021-10-05,524.757,42420.1,8941,4.69185e+06,4.73427e+06,24.2634
2021-10-06,523.839,42420.1,8941,4.68365e+06,4.72607e+06,24.3946
2021-10-07,532.096,42420.1,8941,4.75747e+06,4.79989e+06,23.2136
2021-10-08,527.509,42420.1,8941,4.71646e+06,4.75888e+06,23.8697
2021-10-12,527.509,42420.1,8941,4.71646e+06,4.75888e+06,23.8697
2021-10-13,523.839,42420.1,8941,4.68365e+06,4.72607e+06,24.3946
2021-10-14,525.674,42420.1,8941,4.70005e+06,4.74247e+06,24.1322
2021-10-15,550.444,42420.1,8941,4.92152e+06,4.96394e+06,20.5892
2021-10-18,541.27,42420.1,8941,4.8395e+06,4.88192e+06,21.9014
2021-10-19,550.444,42420.1,8941,4.92152e+06,4.96394e+06,20.5892
2021-10-20,548.609,42420.1,8941,4.90512e+06,4.94754e+06,20.8517
2021-10-21,546.774,42420.1,8941,4.88871e+06,4.93113e+06,21.1141
2021-10-22,550.444,42420.1,8941,4.92152e+06,4.96394e+06,20.5892
2021-10-25,544.022,42420.1,8941,4.8641e+06,4.90652e+06,21.5078
2021-10-26,549.527,42420.1,8941,4.91332e+06,4.95574e+06,20.7204
2021-10-27,549.527,42420.1,8941,4.91332e+06,4.95574e+06,20.7204
2021-10-28,545.857,42420.1,8941,4.88051e+06,4.92293e+06,21.2453
2021-10-29,541.27,42420.1,8941,4.8395e+06,4.88192e+06,21.9014
2021-11-01,541.27,42420.1,8941,4.8395e+06,4.88192e+06,21.9014
2021-11-02,543.105,42420.1,8941,4.8559e+06,4.89832e+06,21.639
2021-11-03,543.105,42420.1,8941,4.8559e+06,4.89832e+06,21.639
2021-11-04,538.518,42420.1,8941,4.81489e+06,4.85731e+06,22.2951
2021-11-05,550.444,42420.1,8941,4.92152e+06,4.96394e+06,20.5892
2021-11-08,552.279,42420.1,8941,4.93793e+06,4.98035e+06,20.3268
2021-11-09,560.536,42420.1,8941,5.01175e+06,5.05417e+06,19.1458
2021-11-10,561.453,42420.1,8941,5.01995e+06,5.06237e+06,19.0146
2021-11-11,555.949,42420.1,8941,4.97074e+06,5.01316e+06,19.8019
2021-11-12,554.114,42420.1,8941,4.95433e+06,4.99675e+06,20.0643
2021-11-15,557.783,42420.1,8941,4.98714e+06,5.02956e+06,19.5395
2021-11-16,559.618,42420.1,8941,5.00355e+06,5.04597e+06,19.277
2021-11-17,559.618,42420.1,8941,5.00355e+06,5.04597e+06,19.277
2021-11-18,562.37,42420.1,8941,5.02815e+06,5.07057e+06,18.8834
2021-11-19,566.958,42420.1,8941,5.06917e+06,5.11159e+06,18.2272
2021-11-22,564.205,42420.1,8941,5.04456e+06,5.08698e+06,18.6209
2021-11-23,561.453,42420.1,8941,5.01995e+06,5.06237e+06,19.0146
2021-11-24,553.196,42420.1,8941,4.94613e+06,4.98855e+06,20.1956
2021-11-25,553.196,42420.1,8941,4.94613e+06,4.98855e+06,20.1956
2021-11-26,546.774,42420.1,8941,4.88871e+06,4.93113e+06,21.1141
2021-11-29,544.022,42420.1,8941,4.8641e+06,4.90652e+06,21.5078
2021-11-30,546.774,42420.1,8941,4.88871e+06,4.93113e+06,21.1141
2021-12-01,550.444,42420.1,8941,4.92152e+06,4.96394e+06,20.5892
2021-12-02,564.205,42420.1,8941,5.04456e+06,5.08698e+06,18.6209
2021-12-03,557.783,42420.1,8941,4.98714e+06,5.02956e+06,19.5395
2021-12-06,550.444,42420.1,8941,4.92152e+06,4.96394e+06,20.5892
2021-12-07,556.866,42420.1,8941,4.97894e+06,5.02136e+06,19.6707
2021-12-08,552.279,42420.1,8941,4.93793e+06,4.98035e+06,20.3268
2021-12-09,557.783,42420.1,8941,4.98714e+06,5.02956e+06,19.5395
2021-12-10,555.031,42420.1,8941,4.96253e+06,5.00495e+06,19.9331
2021-12-13,551.361,42420.1,8941,4.92972e+06,4.97214e+06,20.458
2021-12-14,549.527,42420.1,8941,4.91332e+06,4.95574e+06,20.7204
2021-12-15,550.444,42420.1,8941,4.92152e+06,4.96394e+06,20.5892
2021-12-16,557.587,42420.1,8941,4.98538e+06,5.0278e+06,19.5676
2021-12-17,559.43,42420.1,8941,5.00186e+06,5.04428e+06,19.3039
2021-12-20,551.135,42420.1,8941,4.9277e+06,4.97012e+06,20.4904
2021-12-21,550.214,42420.1,8941,4.91946e+06,4.96188e+06,20.6222
2021-12-22,552.979,42420.1,8941,4.94418e+06,4.9866e+06,20.2267
2021-12-23,558.508,42420.1,8941,4.99362e+06,5.03604e+06,19.4358
2021-12-24,556.665,42420.1,8941,4.97714e+06,5.01956e+06,19.6994
2021-12-27,558.508,42420.1,8941,4.99362e+06,5.03604e+06,19.4358
2021-12-28,566.803,42420.1,8941,5.06779e+06,5.11021e+06,18.2493
2021-12-29,567.725,42420.1,8941,5.07603e+06,5.11845e+06,18.1175
2021-12-30,566.803,42420.1,8941,5.06779e+06,5.11021e+06,18.2493
2022-01-03,581.549,42420.1,8941,5.19963e+06,5.24205e+06,16.1401
2022-01-04,604.59,42420.1,8941,5.40564e+06,5.44806e+06,12.8445
2022-01-05,599.06,42420.1,8941,5.3562e+06,5.39862e+06,13.6355
2022-01-06,593.53,42420.1,8941,5.30675e+06,5.34917e+06,14.4264
2022-01-07,584.314,42420.1,8941,5.22435e+06,5.26677e+06,15.7447
2022-01-10,592.609,42420.1,8941,5.29852e+06,5.34094e+06,14.5582
2022-01-11,599.982,42420.1,8941,5.36444e+06,5.40686e+06,13.5037
2022-01-12,608.276,42420.1,8941,5.4386e+06,5.48102e+06,12.3172
2022-01-13,609.198,42420.1,8941,5.44684e+06,5.48926e+06,12.1854
2022-01-14,619.336,42420.1,8941,5.53748e+06,5.5799e+06,10.7354
2022-01-17,629.474,42420.1,8941,5.62813e+06,5.67055e+06,9.28527
2022-01-18,610.12,42420.1,8941,5.45508e+06,5.4975e+06,12.0536
2022-01-19,602.747,42420.1,8941,5.38916e+06,5.43158e+06,13.1082
2022-01-20,599.982,42420.1,8941,5.36444e+06,5.40686e+06,13.5037
2022-01-21,590.766,42420.1,8941,5.28203e+06,5.32445e+06,14.8219
2022-01-24,601.825,42420.1,8941,5.38092e+06,5.42334e+06,13.24
2022-01-25,590.766,42420.1,8941,5.28203e+06,5.32445e+06,14.8219
2022-01-26,586.157,42420.1,8941,5.24083e+06,5.28325e+06,15.481
2022-02-07,585.236,42420.1,8941,5.23259e+06,5.27501e+06,15.6128
2022-02-08,578.784,42420.1,8941,5.17491e+06,5.21733e+06,16.5356
2022-02-09,583.392,42420.1,8941,5.21611e+06,5.25853e+06,15.8765
2022-02-10,598.138,42420.1,8941,5.34796e+06,5.39038e+06,13.7673
2022-02-11,599.06,42420.1,8941,5.3562e+06,5.39862e+06,13.6355
2022-02-14,587.079,42420.1,8941,5.24907e+06,5.29149e+06,15.3492
2022-02-15,583.392,42420.1,8941,5.21611e+06,5.25853e+06,15.8765
2022-02-16,595.374,42420.1,8941,5.32324e+06,5.36566e+06,14.1628
2022-02-17,594.452,42420.1,8941,5.315e+06,5.35742e+06,14.2946
2022-02-18,587.079,42420.1,8941,5.24907e+06,5.29149e+06,15.3492
2022-02-21,582.471,42420.1,8941,5.20787e+06,5.25029e+06,16.0083
2022-02-22,577.863,42420.1,8941,5.16667e+06,5.20909e+06,16.6674
2022-02-23,576.019,42420.1,8941,5.15019e+06,5.19261e+06,16.9311
2022-02-24,556.665,4.99754e+06,0,0,4.99754e+06,20.0517
2022-02-25,556.665,4.99754e+06,0,0,4.99754e+06,20.0517
2022-03-01,556.665,4.99754e+06,0,0,4.99754e+06,20.0517
2022-03-02,553.9,4.99754e+06,0,0,4.99754e+06,20.0517
2022-03-03,554.822,4.99754e+06,0,0,4.99754e+06,20.0517
2022-03-04,548.37,4.99754e+06,0,0,4.99754e+06,20.0517
2022-03-07,530.859,4.99754e+06,0,0,4.99754e+06,20.0517
2022-03-08,518.878,4.99754e+06,0,0,4.99754e+06,20.0517
2022-03-09,523.487,4.99754e+06,0,0,4.99754e+06,20.0517
2022-03-10,540.997,4.99754e+06,0,0,4.99754e+06,20.0517
2022-03-11,529.938,4.99754e+06,0,0,4.99754e+06,20.0517
2022-03-14,527.173,4.99754e+06,0,0,4.99754e+06,20.0517
2022-03-15,514.27,4.99754e+06,0,0,4.99754e+06,20.0517
2022-03-16,516.817,4.99754e+06,0,0,4.99754e+06,20.0517
2022-03-17,539.046,4.99754e+06,0,0,4.99754e+06,20.0517
2022-03-18,538.12,4.99754e+06,0,0,4.99754e+06,20.0517
2022-03-21,542.75,4.99754e+06,0,0,4.99754e+06,20.0517
2022-03-22,539.972,4.99754e+06,0,0,4.99754e+06,20.0517
2022-03-23,546.455,4.99754e+06,0,0,4.99754e+06,20.0517
2022-03-24,547.382,4.99754e+06,0,0,4.99754e+06,20.0517
2022-03-25,553.865,4.99754e+06,0,0,4.99754e+06,20.0517
2022-03-28,540.898,4.99754e+06,0,0,4.99754e+06,20.0517
2022-03-29,545.529,4.99754e+06,0,0,4.99754e+06,20.0517
2022-03-30,555.717,4.99754e+06,0,0,4.99754e+06,20.0517
2022-03-31,552.939,4.99754e+06,0,0,4.99754e+06,20.0517
2022-04-01,545.529,4.99754e+06,0,0,4.99754e+06,20.0517
2022-04-06,535.341,4.99754e+06,0,0,4.99754e+06,20.0517
2022-04-07,524.227,4.99754e+06,0,0,4.99754e+06,20.0517
2022-04-08,525.153,4.99754e+06,0,0,4.99754e+06,20.0517
2022-04-11,516.817,4.99754e+06,0,0,4.99754e+06,20.0517
2022-04-12,515.891,4.99754e+06,0,0,4.99754e+06,20.0517
2022-04-13,530.71,4.99754e+06,0,0,4.99754e+06,20.0517
2022-04-14,530.71,4.99754e+06,0,0,4.99754e+06,20.0517
2022-04-15,520.522,4.99754e+06,0,0,4.99754e+06,20.0517
2022-04-18,519.596,4.99754e+06,0,0,4.99754e+06,20.0517
2022-04-19,523.3,4.99754e+06,0,0,4.99754e+06,20.0517
2022-04-20,527.932,4.99754e+06,0,0,4.99754e+06,20.0517
2022-04-21,523.3,4.99754e+06,0,0,4.99754e+06,20.0517
2022-04-22,516.817,4.99754e+06,0,0,4.99754e+06,20.0517
2022-04-25,506.629,4.99754e+06,0,0,4.99754e+06,20.0517
2022-04-26,505.703,4.99754e+06,0,0,4.99754e+06,20.0517
2022-04-27,487.179,4.99754e+06,0,0,4.99754e+06,20.0517
2022-04-28,491.81,4.99754e+06,0,0,4.99754e+06,20.0517
2022-04-29,498.293,4.99754e+06,0,0,4.99754e+06,20.0517
2022-05-03,491.81,4.99754e+06,0,0,4.99754e+06,20.0517
2022-05-04,494.588,4.99754e+06,0,0,4.99754e+06,20.0517
2022-05-05,501.998,4.99754e+06,0,0,4.99754e+06,20.0517
2022-05-06,489.031,4.99754e+06,0,0,4.99754e+06,20.0517
2022-05-09,481.622,4.99754e+06,0,0,4.99754e+06,20.0517
2022-05-10,479.769,4.99754e+06,0,0,4.99754e+06,20.0517
2022-05-11,482.548,4.99754e+06,0,0,4.99754e+06,20.0517
2022-05-12,467.729,4.99754e+06,0,0,4.99754e+06,20.0517
2022-05-13,473.286,4.99754e+06,0,0,4.99754e+06,20.0517
2022-05-16,481.622,4.99754e+06,0,0,4.99754e+06,20.0517
2022-05-17,490.884,4.99754e+06,0,0,4.99754e+06,20.0517
2022-05-18,498.293,4.99754e+06,0,0,4.99754e+06,20.0517
2022-05-19,483.474,4.99754e+06,0,0,4.99754e+06,20.0517
2022-05-20,490.884,4.99754e+06,0,0,4.99754e+06,20.0517
2022-05-23,489.031,4.99754e+06,0,0,4.99754e+06,20.0517
2022-05-24,481.622,4.99754e+06,0,0,4.99754e+06,20.0517
2022-05-25,485.327,4.99754e+06,0,0,4.99754e+06,20.0517
2022-05-26,476.064,4.99754e+06,0,0,4.99754e+06,20.0517
2022-05-27,490.884,4.99754e+06,0,0,4.99754e+06,20.0517
2022-05-30,506.629,4.99754e+06,0,0,4.99754e+06,20.0517
2022-05-31,518.67,43421.1,9538,4.94707e+06,4.99049e+06,20.1645
2022-06-01,508.481,43421.1,9538,4.8499e+06,4.89332e+06,21.719
2022-06-02,500.146,43421.1,9538,4.77039e+06,4.81381e+06,22.991
2022-06-06,500.146,43421.1,9538,4.77039e+06,4.81381e+06,22.991
2022-06-07,495.515,43421.1,9538,4.72622e+06,4.76964e+06,23.6976
2022-06-08,503.85,43421.1,9538,4.80573e+06,4.84915e+06,22.4256
2022-06-09,501.072,43421.1,9538,4.77922e+06,4.82264e+06,22.8496
2022-06-10,490.884,43421.1,9538,4.68205e+06,4.72547e+06,24.4042
2022-06-13,477.917,43421.1,9538,4.55837e+06,4.60179e+06,26.3827
2022-06-14,475.138,43421.1,9538,4.53187e+06,4.57529e+06,26.8067
2022-06-15,471.434,43421.1,9538,4.49653e+06,4.53995e+06,27.372
2022-06-16,473.063,43421.1,9538,4.51208e+06,4.5555e+06,27.1233
2022-06-17,466.545,43421.1,9538,4.4499e+06,4.49332e+06,28.1179
2022-06-20,463.751,43421.1,9538,4.42326e+06,4.46668e+06,28.5442
2022-06-21,470.27,43421.1,9538,4.48543e+06,4.52885e+06,27.5496
2022-06-22,460.492,43421.1,9538,4.39217e+06,4.43559e+06,29.0415
2022-06-23,452.111,4.33657e+06,0,0,4.33657e+06,30.6256
2022-06-24,453.042,4.33657e+06,0,0,4.33657e+06,30.6256
2022-06-27,464.217,4.33657e+06,0,0,4.33657e+06,30.6256
2022-06-28,463.285,4.33657e+06,0,0,4.33657e+06,30.6256
2022-06-29,457.232,4.33657e+06,0,0,4.33657e+06,30.6256
2022-06-30,443.264,4.33657e+06,0,0,4.33657e+06,30.6256
2022-07-01,422.311,4.33657e+06,0,0,4.33657e+06,30.6256
2022-07-04,409.74,4.33657e+06,0,0,4.33657e+06,30.6256
2022-07-05,415.327,4.33657e+06,0,0,4.33657e+06,30.6256
2022-07-06,405.549,4.33657e+06,0,0,4.33657e+06,30.6256
2022-07-07,426.036,4.33657e+06,0,0,4.33657e+06,30.6256
2022-07-08,434.883,4.33657e+06,0,0,4.33657e+06,30.6256
2022-07-11,430.227,4.33657e+06,0,0,4.33657e+06,30.6256
2022-07-12,418.586,4.33657e+06,0,0,4.33657e+06,30.6256
2022-07-13,438.142,4.33657e+06,0,0,4.33657e+06,30.6256
2022-07-14,442.333,4.33657e+06,0,0,4.33657e+06,30.6256
2022-07-15,458.629,4.33657e+06,0,0,4.33657e+06,30.6256
2022-07-18,461.423,4.33657e+06,0,0,4.33657e+06,30.6256
2022-07-19,457.232,4.33657e+06,0,0,4.33657e+06,30.6256
2022-07-20,460.957,4.33657e+06,0,0,4.33657e+06,30.6256
2022-07-21,466.545,4.33657e+06,0,0,4.33657e+06,30.6256
2022-07-22,468.407,4.33657e+06,0,0,4.33657e+06,30.6256
2022-07-25,465.148,4.33657e+06,0,0,4.33657e+06,30.6256
2022-07-26,460.957,4.33657e+06,0,0,4.33657e+06,30.6256
2022-07-27,467.476,4.33657e+06,0,0,4.33657e+06,30.6256
2022-07-28,466.545,37311.9,9202,4.29314e+06,4.33046e+06,30.7234
2022-07-29,473.994,37311.9,9202,4.3617e+06,4.39901e+06,29.6267
2022-08-01,469.338,37311.9,9202,4.31885e+06,4.35616e+06,30.3122
2022-08-02,458.164,37311.9,9202,4.21602e+06,4.25333e+06,31.9572
2022-08-03,466.545,37311.9,9202,4.29314e+06,4.33046e+06,30.7234
2022-08-04,465.613,37311.9,9202,4.28457e+06,4.32189e+06,30.8605
2022-08-05,480.513,37311.9,9202,4.42168e+06,4.45899e+06,28.6671
2022-08-08,476.788,37311.9,9202,4.3874e+06,4.42472e+06,29.2155
2022-08-09,474.926,37311.9,9202,4.37027e+06,4.40758e+06,29.4897
2022-08-10,465.613,37311.9,9202,4.28457e+06,4.32189e+06,30.8605
2022-08-11,478.651,37311.9,9202,4.40454e+06,4.44185e+06,28.9413
2022-08-12,481.444,37311.9,9202,4.43025e+06,4.46756e+06,28.5301
2022-08-15,487.032,37311.9,9202,4.48166e+06,4.51898e+06,27.7075
2022-08-16,488.894,37311.9,9202,4.4988e+06,4.53612e+06,27.4334
2022-08-17,490.757,37311.9,9202,4.51594e+06,4.55325e+06,27.1592
2022-08-18,484.238,37311.9,9202,4.45596e+06,4.49327e+06,28.1188
2022-08-19,483.307,37311.9,9202,4.44739e+06,4.4847e+06,28.2559
2022-08-22,476.788,37311.9,9202,4.3874e+06,4.42472e+06,29.2155
2022-08-23,469.338,37311.9,9202,4.31885e+06,4.35616e+06,30.3122
2022-08-24,468.407,37311.9,9202,4.31028e+06,4.34759e+06,30.4492
2022-08-25,473.063,37311.9,9202,4.35313e+06,4.39044e+06,29.7638
2022-08-26,476.788,37311.9,9202,4.3874e+06,4.42472e+06,29.2155
2022-08-29,464.217,37311.9,9202,4.27172e+06,4.30903e+06,31.0661
2022-08-30,461.888,37311.9,9202,4.2503e+06,4.28761e+06,31.4088
2022-08-31,470.27,37311.9,9202,4.32742e+06,4.36473e+06,30.1751
2022-09-01,456.767,37311.9,9202,4.20317e+06,4.24048e+06,32.1628
2022-09-02,451.645,37311.9,9202,4.15604e+06,4.19335e+06,32.9168
2022-09-05,452.576,37311.9,9202,4.16461e+06,4.20192e+06,32.7797
2022-09-06,455.37,37311.9,9202,4.19031e+06,4.22763e+06,32.3685
2022-09-07,440.005,4.06832e+06,0,0,4.06832e+06,34.917
2022-09-08,442.333,4.06832e+06,0,0,4.06832e+06,34.917
2022-09-12,453.042,4.06832e+06,0,0,4.06832e+06,34.917
2022-09-13,459.095,4.06832e+06,0,0,4.06832e+06,34.917
2022-09-14,446.989,4.06832e+06,0,0,4.06832e+06,34.917
2022-09-15,446.286,4.06832e+06,0,0,4.06832e+06,34.917
2022-09-16,442.072,4.06832e+06,0,0,4.06832e+06,34.917
2022-09-19,437.389,4.06832e+06,0,0,4.06832e+06,34.917
2022-09-20,446.286,4.06832e+06,0,0,4.06832e+06,34.917
2022-09-21,441.135,4.06832e+06,0,0,4.06832e+06,34.917
2022-09-22,435.047,4.06832e+06,0,0,4.06832e+06,34.917
2022-09-23,426.15,4.06832e+06,0,0,4.06832e+06,34.917
2022-09-26,418.189,4.06832e+06,0,0,4.06832e+06,34.917
2022-09-27,419.593,4.06832e+06,0,0,4.06832e+06,34.917
2022-09-28,410.228,4.06832e+06,0,0,4.06832e+06,34.917
2022-09-29,407.418,4.06832e+06,0,0,4.06832e+06,34.917
2022-09-30,395.242,4.06832e+06,0,0,4.06832e+06,34.917
2022-10-03,390.559,4.06832e+06,0,0,4.06832e+06,34.917
2022-10-04,401.798,4.06832e+06,0,0,4.06832e+06,34.917
2022-10-05,416.784,4.06832e+06,0,0,4.06832e+06,34.917
2022-10-06,422.403,4.06832e+06,0,0,4.06832e+06,34.917
2022-10-07,410.228,4.06832e+06,0,0,4.06832e+06,34.917
2022-10-11,376.042,4.06832e+06,0,0,4.06832e+06,34.917
2022-10-12,372.296,4.06832e+06,0,0,4.06832e+06,34.917
2022-10-13,369.954,4.06832e+06,0,0,4.06832e+06,34.917
2022-10-14,385.876,4.06832e+06,0,0,4.06832e+06,34.917
2022-10-17,371.827,4.06832e+06,0,0,4.06832e+06,34.917
2022-10-18,381.193,4.06832e+06,0,0,4.06832e+06,34.917
2022-10-19,370.422,4.06832e+06,0,0,4.06832e+06,34.917
2022-10-20,372.296,4.06832e+06,0,0,4.06832e+06,34.917
2022-10-21,364.803,4.06832e+06,0,0,4.06832e+06,34.917
2022-10-24,362.461,4.06832e+06,0,0,4.06832e+06,34.917
2022-10-25,347.476,4.06832e+06,0,0,4.06832e+06,34.917
2022-10-26,352.159,4.06832e+06,0,0,4.06832e+06,34.917
2022-10-27,361.057,4.06832e+06,0,0,4.06832e+06,34.917
2022-10-28,355.437,4.06832e+06,0,0,4.06832e+06,34.917
2022-10-31,365.271,4.06832e+06,0,0,4.06832e+06,34.917
2022-11-01,366.676,4.06832e+06,0,0,4.06832e+06,34.917
2022-11-02,369.954,4.06832e+06,0,0,4.06832e+06,34.917
2022-11-03,359.652,4.06832e+06,0,0,4.06832e+06,34.917
2022-11-04,357.778,4.06832e+06,0,0,4.06832e+06,34.917
2022-11-07,365.271,4.06832e+06,0,0,4.06832e+06,34.917
2022-11-08,373.7,4.06832e+06,0,0,4.06832e+06,34.917
2022-11-09,390.559,35134.4,10312,4.02745e+06,4.06258e+06,35.0088
2022-11-10,381.661,35134.4,10312,3.93569e+06,3.97083e+06,36.4766
2022-11-11,413.506,35134.4,10312,4.26407e+06,4.2992e+06,31.2234
2022-11-14,416.784,35134.4,10312,4.29787e+06,4.33301e+06,30.6826
2022-11-15,449.564,35134.4,10312,4.63591e+06,4.67104e+06,25.2749
2022-11-16,456.121,35134.4,10312,4.70352e+06,4.73865e+06,24.1933
2022-11-17,454.247,35134.4,10312,4.6842e+06,4.71933e+06,24.5023
2022-11-18,456.121,35134.4,10312,4.70352e+06,4.73865e+06,24.1933
2022-11-21,451.438,35134.4,10312,4.65523e+06,4.69036e+06,24.9658
2022-11-22,459.867,35134.4,10312,4.74215e+06,4.77728e+06,23.5753
2022-11-23,460.804,35134.4,10312,4.75181e+06,4.78694e+06,23.4208
2022-11-24,464.55,35134.4,10312,4.79044e+06,4.82557e+06,22.8028
2022-11-25,466.423,35134.4,10312,4.80976e+06,4.84489e+06,22.4937
2022-11-28,450.033,35134.4,10312,4.64074e+06,4.67587e+06,25.1976
2022-11-29,456.121,35134.4,10312,4.70352e+06,4.73865e+06,24.1933
2022-11-30,458.93,35134.4,10312,4.73249e+06,4.76763e+06,23.7298
2022-12-01,466.891,35134.4,10312,4.81458e+06,4.84972e+06,22.4165
2022-12-02,461.272,35134.4,10312,4.75664e+06,4.79177e+06,23.3435
2022-12-05,457.994,35134.4,10312,4.72283e+06,4.75797e+06,23.8843
2022-12-06,447.691,35134.4,10312,4.61659e+06,4.65173e+06,25.5839
2022-12-07,444.881,35134.4,10312,4.58762e+06,4.62275e+06,26.0474
2022-12-08,441.603,35134.4,10312,4.55381e+06,4.58895e+06,26.5882
2022-12-09,450.969,35134.4,10312,4.6504e+06,4.68553e+06,25.0431
2022-12-12,444.881,35134.4,10312,4.58762e+06,4.62275e+06,26.0474
2022-12-13,441.603,35134.4,10312,4.55381e+06,4.58895e+06,26.5882
2022-12-14,450.033,35134.4,10312,4.64074e+06,4.67587e+06,25.1976
2022-12-15,452.623,35134.4,10312,4.66745e+06,4.70258e+06,24.7703
2022-12-16,443.674,35134.4,10312,4.57517e+06,4.6103e+06,26.2465
2022-12-19,439.435,35134.4,10312,4.53146e+06,4.56659e+06,26.9458
2022-12-20,430.958,35134.4,10312,4.44403e+06,4.47917e+06,28.3444
2022-12-21,432.371,35134.4,10312,4.45861e+06,4.49374e+06,28.1113
2022-12-22,440.848,35134.4,10312,4.54603e+06,4.58116e+06,26.7127
2022-12-23,428.603,35134.4,10312,4.41975e+06,4.45488e+06,28.7329
2022-12-26,430.016,35134.4,10312,4.43432e+06,4.46945e+06,28.4998
2022-12-27,430.487,35134.4,10312,4.43918e+06,4.47431e+06,28.4221
2022-12-28,424.835,35134.4,10312,4.3809e+06,4.41603e+06,29.3544
2022-12-29,420.125,35134.4,10312,4.33233e+06,4.36746e+06,30.1314
2022-12-30,422.48,35134.4,10312,4.35661e+06,4.39175e+06,29.7429
2023-01-03,426.719,35134.4,10312,4.40032e+06,4.43546e+06,29.0436
2023-01-04,423.422,35134.4,10312,4.36632e+06,4.40146e+06,29.5875
2023-01-05,431.9,35134.4,10312,4.45375e+06,4.48888e+06,28.189
2023-01-06,431.9,35134.4,10312,4.45375e+06,4.48888e+06,28.189
2023-01-09,453.094,35134.4,10312,4.67231e+06,4.70744e+06,24.6926
2023-01-10,457.804,35134.4,10312,4.72088e+06,4.75601e+06,23.9156
2023-01-11,456.391,35134.4,10312,4.70631e+06,4.74144e+06,24.1487
2023-01-12,458.275,35134.4,10312,4.72573e+06,4.76087e+06,23.8379
2023-01-13,470.992,35134.4,10312,4.85687e+06,4.892e+06,21.7401
2023-01-16,475.702,35134.4,10312,4.90544e+06,4.94057e+06,20.9631
2023-01-17,473.818,35134.4,10312,4.88601e+06,4.92114e+06,21.2739
2023-01-30,511.497,35134.4,10312,5.27456e+06,5.30969e+06,15.058
2023-01-31,491.716,35134.4,10312,5.07057e+06,5.10571e+06,18.3213
2023-02-01,499.251,35134.4,10312,5.14828e+06,5.18342e+06,17.0782
2023-02-02,508.671,35134.4,10312,5.24542e+06,5.28055e+06,15.5242
2023-02-03,510.555,35134.4,10312,5.26484e+06,5.29998e+06,15.2134
2023-02-06,495.483,35134.4,10312,5.10943e+06,5.14456e+06,17.6998
2023-02-07,492.658,35134.4,10312,5.08028e+06,5.11542e+06,18.1659
2023-02-08,508.671,35134.4,10312,5.24542e+06,5.28055e+06,15.5242
2023-02-09,508.671,35134.4,10312,5.24542e+06,5.28055e+06,15.5242
2023-02-10,513.381,35134.4,10312,5.29399e+06,5.32912e+06,14.7473
2023-02-13,509.613,35134.4,10312,5.25513e+06,5.29027e+06,15.3688
2023-02-14,513.381,35134.4,10312,5.29399e+06,5.32912e+06,14.7473
2023-02-15,494.542,35134.4,10312,5.09971e+06,5.13485e+06,17.8552
2023-02-16,497.368,35134.4,10312,5.12885e+06,5.16399e+06,17.389
2023-02-17,487.948,35134.4,10312,5.03172e+06,5.06685e+06,18.9429
2023-02-20,487.006,35134.4,10312,5.022e+06,5.05714e+06,19.0983
2023-02-21,486.064,35134.4,10312,5.01229e+06,5.04742e+06,19.2537
2023-02-22,477.586,35134.4,10312,4.92486e+06,4.96e+06,20.6523
2023-02-23,487.948,35134.4,10312,5.03172e+06,5.06685e+06,18.9429
2023-02-24,481.354,35134.4,10312,4.96372e+06,4.99885e+06,20.0307
2023-03-01,491.716,35134.4,10312,5.07057e+06,5.10571e+06,18.3213
2023-03-02,488.89,35134.4,10312,5.04143e+06,5.07656e+06,18.7875
2023-03-03,486.064,35134.4,10312,5.01229e+06,5.04742e+06,19.2537
2023-03-06,490.774,35134.4,10312,5.06086e+06,5.09599e+06,18.4767
2023-03-07,493.599,35134.4,10312,5.09e+06,5.12513e+06,18.0106
2023-03-08,490.774,35134.4,10312,5.06086e+06,5.09599e+06,18.4767
2023-03-09,491.716,35134.4,10312,5.07057e+06,5.10571e+06,18.3213
2023-03-10,483.238,35134.4,10312,4.98315e+06,5.01828e+06,19.7199
2023-03-13,486.064,35134.4,10312,5.01229e+06,5.04742e+06,19.2537
2023-03-14,480.412,35134.4,10312,4.95401e+06,4.98914e+06,20.1861
2023-03-15,481.354,35134.4,10312,4.96372e+06,4.99885e+06,20.0307
2023-03-16,478.276,35134.4,10312,4.93198e+06,4.96711e+06,20.5385
2023-03-17,490.588,35134.4,10312,5.05894e+06,5.09407e+06,18.5074
2023-03-20,484.905,35134.4,10312,5.00034e+06,5.03548e+06,19.4448
2023-03-21,489.64,35134.4,10312,5.04917e+06,5.08431e+06,18.6637
2023-03-22,504.794,35134.4,10312,5.20543e+06,5.24057e+06,16.1639
2023-03-23,509.529,35134.4,10312,5.25427e+06,5.2894e+06,15.3827
2023-03-24,510.476,35134.4,10312,5.26403e+06,5.29917e+06,15.2265
2023-03-27,502.9,35134.4,10312,5.1859e+06,5.22104e+06,16.4763
2023-03-28,497.217,35134.4,10312,5.1273e+06,5.16244e+06,17.4138
2023-03-29,501.953,35134.4,10312,5.17613e+06,5.21127e+06,16.6326
2023-03-30,506.688,35134.4,10312,5.22497e+06,5.2601e+06,15.8514
2023-03-31,504.794,35134.4,10312,5.20543e+06,5.24057e+06,16.1639
2023-04-06,501.953,35134.4,10312,5.17613e+06,5.21127e+06,16.6326
2023-04-07,502.9,35134.4,10312,5.1859e+06,5.22104e+06,16.4763
2023-04-10,501.005,35134.4,10312,5.16637e+06,5.2015e+06,16.7888
2023-04-11,496.27,35134.4,10312,5.11754e+06,5.15267e+06,17.57
2023-04-12,492.482,35134.4,10312,5.07847e+06,5.11361e+06,18.195
2023-04-13,483.011,35134.4,10312,4.98081e+06,5.01594e+06,19.7573
2023-04-14,488.693,35134.4,10312,5.03941e+06,5.07454e+06,18.8199
2023-04-17,492.482,35134.4,10312,5.07847e+06,5.11361e+06,18.195
2023-04-18,487.746,35134.4,10312,5.02964e+06,5.06477e+06,18.9761
2023-04-19,483.011,35134.4,10312,4.98081e+06,5.01594e+06,19.7573
2023-04-20,485.852,35134.4,10312,5.01011e+06,5.04524e+06,19.2886
2023-04-21,483.958,35134.4,10312,4.99058e+06,5.02571e+06,19.6011
2023-04-24,480.17,35134.4,10312,4.95151e+06,4.98664e+06,20.226
2023-04-25,471.646,35134.4,10312,4.86361e+06,4.89875e+06,21.6322
2023-04-26,465.49,4.81403e+06,0,0,4.81403e+06,22.9875
2023-04-27,467.384,4.81403e+06,0,0,4.81403e+06,22.9875
2023-04-28,475.434,4.81403e+06,0,0,4.81403e+06,22.9875
2023-05-02,474.487,4.81403e+06,0,0,4.81403e+06,22.9875
2023-05-03,469.752,4.81403e+06,0,0,4.81403e+06,22.9875
2023-05-04,471.646,4.81403e+06,0,0,4.81403e+06,22.9875
2023-05-05,473.54,4.81403e+06,0,0,4.81403e+06,22.9875
2023-05-08,477.328,4.81403e+06,0,0,4.81403e+06,22.9875
2023-05-09,483.011,4.81403e+06,0,0,4.81403e+06,22.9875
2023-05-10,476.381,4.81403e+06,0,0,4.81403e+06,22.9875
2023-05-11,472.593,4.81403e+06,0,0,4.81403e+06,22.9875
2023-05-12,469.752,4.81403e+06,0,0,4.81403e+06,22.9875
2023-05-15,469.278,4.81403e+06,0,0,4.81403e+06,22.9875
2023-05-16,478.276,4.81403e+06,0,0,4.81403e+06,22.9875
2023-05-17,491.535,41808,9695,4.76543e+06,4.80724e+06,23.0961
2023-05-18,501.953,41808,9695,4.86643e+06,4.90824e+06,21.4803
2023-05-19,503.847,41808,9695,4.88479e+06,4.9266e+06,21.1866
2023-05-22,502.9,41808,9695,4.87561e+06,4.91742e+06,21.3334
2023-05-23,501.953,41808,9695,4.86643e+06,4.90824e+06,21.4803
2023-05-24,497.217,41808,9695,4.82052e+06,4.86233e+06,22.2148
2023-05-25,514.265,41808,9695,4.9858e+06,5.0276e+06,19.5708
2023-05-26,536.047,41808,9695,5.19698e+06,5.23879e+06,16.1924
2023-05-29,537.942,41808,9695,5.21534e+06,5.25715e+06,15.8986
2023-05-30,536.047,41808,9695,5.19698e+06,5.23879e+06,16.1924
2023-05-31,528.471,41808,9695,5.12352e+06,5.16533e+06,17.3675
2023-06-01,521.841,41808,9695,5.05925e+06,5.10106e+06,18.3957
2023-06-02,532.259,41808,9695,5.16025e+06,5.20206e+06,16.7799
2023-06-05,525.63,41808,9695,5.09598e+06,5.13779e+06,17.8081
2023-06-06,530.365,41808,9695,5.14189e+06,5.1837e+06,17.0737
2023-06-07,537.942,41808,9695,5.21534e+06,5.25715e+06,15.8986
2023-06-08,529.418,41808,9695,5.13271e+06,5.17451e+06,17.2206
2023-06-09,535.1,41808,9695,5.1878e+06,5.22961e+06,16.3392
2023-06-12,543.624,41808,9695,5.27043e+06,5.31224e+06,15.0173
2023-06-13,561.619,41808,9695,5.44489e+06,5.4867e+06,12.2264
2023-06-14,558.777,41808,9695,5.41735e+06,5.45915e+06,12.6671
2023-06-15,562.345,41808,9695,5.45194e+06,5.49375e+06,12.1137
2023-06-16,560.442,41808,9695,5.43349e+06,5.4753e+06,12.4088
2023-06-19,554.733,41808,9695,5.37814e+06,5.41995e+06,13.2943
2023-06-20,554.733,41808,9695,5.37814e+06,5.41995e+06,13.2943
2023-06-21,552.83,41808,9695,5.35969e+06,5.4015e+06,13.5894
2023-06-26,546.17,41808,9695,5.29511e+06,5.33692e+06,14.6225
2023-06-27,544.267,41808,9695,5.27666e+06,5.31847e+06,14.9176
2023-06-28,546.17,41808,9695,5.29511e+06,5.33692e+06,14.6225
2023-06-29,545.218,41808,9695,5.28589e+06,5.3277e+06,14.77
2023-06-30,548.073,41808,9695,5.31356e+06,5.35537e+06,14.3273
2023-07-03,550.927,41808,9695,5.34124e+06,5.38305e+06,13.8845
2023-07-04,556.636,41808,9695,5.39659e+06,5.4384e+06,12.9991
2023-07-05,553.782,41808,9695,5.36891e+06,5.41072e+06,13.4418
2023-07-06,537.606,41808,9695,5.21209e+06,5.2539e+06,15.9506
2023-07-07,537.606,41808,9695,5.21209e+06,5.2539e+06,15.9506
2023-07-10,537.606,41808,9695,5.21209e+06,5.2539e+06,15.9506
2023-07-11,549.024,41808,9695,5.32279e+06,5.3646e+06,14.1797
2023-07-12,549.976,41808,9695,5.33201e+06,5.37382e+06,14.0321
2023-07-13,556.636,41808,9695,5.39659e+06,5.4384e+06,12.9991
2023-07-14,562.345,41808,9695,5.45194e+06,5.49375e+06,12.1137
2023-07-17,562.345,41808,9695,5.45194e+06,5.49375e+06,12.1137
2023-07-18,552.83,41808,9695,5.35969e+06,5.4015e+06,13.5894
2023-07-19,552.83,41808,9695,5.35969e+06,5.4015e+06,13.5894
2023-07-20,550.927,41808,9695,5.34124e+06,5.38305e+06,13.8845
2023-07-21,532.848,41808,9695,5.16597e+06,5.20777e+06,16.6885
2023-07-24,530.945,41808,9695,5.14752e+06,5.18932e+06,16.9837
2023-07-25,541.412,41808,9695,5.24899e+06,5.2908e+06,15.3603
2023-07-26,538.557,41808,9695,5.22131e+06,5.26312e+06,15.8031
2023-07-27,541.412,41808,9695,5.24899e+06,5.2908e+06,15.3603
2023-07-28,539.509,41808,9695,5.23054e+06,5.27235e+06,15.6555
2023-07-31,537.606,41808,9695,5.21209e+06,5.2539e+06,15.9506
2023-08-01,539.509,41808,9695,5.23054e+06,5.27235e+06,15.6555
2023-08-02,533.8,41808,9695,5.17519e+06,5.217e+06,16.5409
2023-08-04,527.139,41808,9695,5.11062e+06,5.15242e+06,17.574
2023-08-07,530.945,41808,9695,5.14752e+06,5.18932e+06,16.9837
2023-08-08,525.236,41808,9695,5.09217e+06,5.13397e+06,17.8691
2023-08-09,527.139,41808,9695,5.11062e+06,5.15242e+06,17.574
2023-08-10,524.285,41808,9695,5.08294e+06,5.12475e+06,18.0167
2023-08-11,519.527,41808,9695,5.03682e+06,5.07862e+06,18.7546
2023-08-14,514.77,5.01042e+06,0,0,5.01042e+06,19.8457
2023-08-15,515.721,5.01042e+06,0,0,5.01042e+06,19.8457
2023-08-16,515.721,5.01042e+06,0,0,5.01042e+06,19.8457
2023-08-17,517.624,5.01042e+06,0,0,5.01042e+06,19.8457
2023-08-18,512.867,5.01042e+06,0,0,5.01042e+06,19.8457
2023-08-21,510.964,5.01042e+06,0,0,5.01042e+06,19.8457
2023-08-22,514.77,5.01042e+06,0,0,5.01042e+06,19.8457
2023-08-23,525.236,5.01042e+06,0,0,5.01042e+06,19.8457
2023-08-24,536.655,5.01042e+06,0,0,5.01042e+06,19.8457
2023-08-25,519.527,5.01042e+06,0,0,5.01042e+06,19.8457
2023-08-28,522.382,5.01042e+06,0,0,5.01042e+06,19.8457
2023-08-29,525.236,5.01042e+06,0,0,5.01042e+06,19.8457
2023-08-30,528.091,5.01042e+06,0,0,5.01042e+06,19.8457
2023-08-31,522.382,5.01042e+06,0,0,5.01042e+06,19.8457
2023-09-01,521.43,5.01042e+06,0,0,5.01042e+06,19.8457
2023-09-04,529.994,5.01042e+06,0,0,5.01042e+06,19.8457
2023-09-05,525.236,5.01042e+06,0,0,5.01042e+06,19.8457
2023-09-06,523.333,5.01042e+06,0,0,5.01042e+06,19.8457
2023-09-07,515.721,5.01042e+06,0,0,5.01042e+06,19.8457
2023-09-08,512.867,5.01042e+06,0,0,5.01042e+06,19.8457
2023-09-11,510.012,5.01042e+06,0,0,5.01042e+06,19.8457
2023-09-12,517.624,5.01042e+06,0,0,5.01042e+06,19.8457
2023-09-13,514.77,5.01042e+06,0,0,5.01042e+06,19.8457
2023-09-14,526.251,5.01042e+06,0,0,5.01042e+06,19.8457
2023-09-15,533.906,5.01042e+06,0,0,5.01042e+06,19.8457
2023-09-18,516.683,5.01042e+06,0,0,5.01042e+06,19.8457
2023-09-19,514.77,5.01042e+06,0,0,5.01042e+06,19.8457
2023-09-20,511.899,5.01042e+06,0,0,5.01042e+06,19.8457
2023-09-21,504.245,5.01042e+06,0,0,5.01042e+06,19.8457
2023-09-22,499.46,5.01042e+06,0,0,5.01042e+06,19.8457
2023-09-25,502.331,5.01042e+06,0,0,5.01042e+06,19.8457
2023-09-26,496.59,5.01042e+06,0,0,5.01042e+06,19.8457
2023-09-27,499.46,5.01042e+06,0,0,5.01042e+06,19.8457
2023-09-28,500.417,5.01042e+06,0,0,5.01042e+06,19.8457
2023-10-02,509.986,5.01042e+06,0,0,5.01042e+06,19.8457
2023-10-03,506.158,5.01042e+06,0,0,5.01042e+06,19.8457
2023-10-04,497.547,5.01042e+06,0,0,5.01042e+06,19.8457
2023-10-05,505.201,5.01042e+06,0,0,5.01042e+06,19.8457
2023-10-06,509.029,5.01042e+06,0,0,5.01042e+06,19.8457
2023-10-11,520.511,5.01042e+06,0,0,5.01042e+06,19.8457
2023-10-12,526.251,5.01042e+06,0,0,5.01042e+06,19.8457
2023-10-13,529.122,5.01042e+06,0,0,5.01042e+06,19.8457
2023-10-16,521.467,5.01042e+06,0,0,5.01042e+06,19.8457
2023-10-17,527.208,5.01042e+06,0,0,5.01042e+06,19.8457
2023-10-18,516.683,5.01042e+06,0,0,5.01042e+06,19.8457
2023-10-19,522.424,5.01042e+06,0,0,5.01042e+06,19.8457
2023-10-20,531.992,43052,9324,4.9603e+06,5.00335e+06,19.9588
2023-10-23,520.511,43052,9324,4.85324e+06,4.89629e+06,21.6714
2023-10-24,520.511,43052,9324,4.85324e+06,4.89629e+06,21.6714
2023-10-25,520.511,43052,9324,4.85324e+06,4.89629e+06,21.6714
2023-10-26,508.072,43052,9324,4.73726e+06,4.78031e+06,23.5268
2023-10-27,509.986,43052,9324,4.75511e+06,4.79816e+06,23.2414
2023-10-30,509.029,43052,9324,4.74618e+06,4.78924e+06,23.3841
2023-10-31,506.158,43052,9324,4.71942e+06,4.76247e+06,23.8122
2023-11-01,505.201,43052,9324,4.7105e+06,4.75355e+06,23.9549
2023-11-02,523.381,43052,9324,4.88e+06,4.92306e+06,21.2433
2023-11-03,525.295,43052,9324,4.89785e+06,4.9409e+06,20.9578
2023-11-06,526.251,43052,9324,4.90677e+06,4.94982e+06,20.8151
2023-11-07,531.036,43052,9324,4.95138e+06,4.99443e+06,20.1015
2023-11-08,531.992,43052,9324,4.9603e+06,5.00335e+06,19.9588
2023-11-09,532.949,43052,9324,4.96922e+06,5.01227e+06,19.8161
2023-11-10,532.949,43052,9324,4.96922e+06,5.01227e+06,19.8161
2023-11-13,546.345,43052,9324,5.09412e+06,5.13717e+06,17.818
2023-11-14,547.302,43052,9324,5.10304e+06,5.14609e+06,17.6753
2023-11-15,555.913,43052,9324,5.18333e+06,5.22638e+06,16.3908
2023-11-16,557.826,43052,9324,5.20117e+06,5.24423e+06,16.1054
2023-11-17,554.956,43052,9324,5.17441e+06,5.21746e+06,16.5335
2023-11-20,552.086,43052,9324,5.14765e+06,5.1907e+06,16.9617
2023-11-21,559.74,43052,9324,5.21902e+06,5.26207e+06,15.8199
2023-11-22,552.086,43052,9324,5.14765e+06,5.1907e+06,16.9617
2023-11-23,553.042,43052,9324,5.15657e+06,5.19962e+06,16.8189
2023-11-24,550.172,43052,9324,5.1298e+06,5.17286e+06,17.2471
2023-11-27,543.474,43052,9324,5.06735e+06,5.11041e+06,18.2462
2023-11-28,550.172,43052,9324,5.1298e+06,5.17286e+06,17.2471
2023-11-29,549.215,43052,9324,5.12088e+06,5.16393e+06,17.3898
2023-11-30,552.086,43052,9324,5.14765e+06,5.1907e+06,16.9617
2023-12-01,553.999,43052,9324,5.16549e+06,5.20854e+06,16.6762
2023-12-04,549.215,43052,9324,5.12088e+06,5.16393e+06,17.3898
2023-12-05,545.388,43052,9324,5.0852e+06,5.12825e+06,17.9607
2023-12-06,545.388,43052,9324,5.0852e+06,5.12825e+06,17.9607
2023-12-07,541.561,43052,9324,5.04951e+06,5.09256e+06,18.5316
2023-12-08,545.388,43052,9324,5.0852e+06,5.12825e+06,17.9607
2023-12-11,549.215,43052,9324,5.12088e+06,5.16393e+06,17.3898
2023-12-12,553.042,43052,9324,5.15657e+06,5.19962e+06,16.8189
2023-12-13,552.086,43052,9324,5.14765e+06,5.1907e+06,16.9617
2023-12-14,559.78,43052,9324,5.21939e+06,5.26244e+06,15.8139
2023-12-15,562.666,43052,9324,5.2463e+06,5.28935e+06,15.3835
2023-12-18,562.666,43052,9324,5.2463e+06,5.28935e+06,15.3835
2023-12-19,562.666,43052,9324,5.2463e+06,5.28935e+06,15.3835
2023-12-20,562.666,43052,9324,5.2463e+06,5.28935e+06,15.3835
2023-12-21,554.971,43052,9324,5.17455e+06,5.2176e+06,16.5313
2023-12-22,559.78,43052,9324,5.21939e+06,5.26244e+06,15.8139
2023-12-25,558.818,43052,9324,5.21042e+06,5.25347e+06,15.9574
2023-12-26,563.628,43052,9324,5.25526e+06,5.29831e+06,15.2401
2023-12-27,569.398,43052,9324,5.30907e+06,5.35212e+06,14.3793
2023-12-28,570.36,43052,9324,5.31804e+06,5.36109e+06,14.2358
2023-12-29,570.36,43052,9324,5.31804e+06,5.36109e+06,14.2358
2024-01-02,570.36,43052,9324,5.31804e+06,5.36109e+06,14.2358
2024-01-03,555.933,43052,9324,5.18352e+06,5.22657e+06,16.3878
2024-01-04,557.857,43052,9324,5.20145e+06,5.24451e+06,16.1009
2024-01-05,554.009,43052,9324,5.16558e+06,5.20863e+06,16.6747
2024-01-08,560.742,43052,9324,5.22836e+06,5.27141e+06,15.6705
2024-01-09,563.628,43052,9324,5.25526e+06,5.29831e+06,15.2401
2024-01-10,561.704,43052,9324,5.23733e+06,5.28038e+06,15.527
2024-01-11,563.628,43052,9324,5.25526e+06,5.29831e+06,15.2401
2024-01-12,561.704,43052,9324,5.23733e+06,5.28038e+06,15.527
2024-01-15,563.628,43052,9324,5.25526e+06,5.29831e+06,15.2401
2024-01-16,557.857,43052,9324,5.20145e+06,5.24451e+06,16.1009
2024-01-17,558.818,43052,9324,5.21042e+06,5.25347e+06,15.9574
2024-01-18,565.551,43052,9324,5.2732e+06,5.31625e+06,14.9531
2024-01-19,602.1,43052,9324,5.61398e+06,5.65703e+06,9.50143
2024-01-22,602.1,43052,9324,5.61398e+06,5.65703e+06,9.50143
2024-01-23,604.024,43052,9324,5.63192e+06,5.67497e+06,9.21448
2024-01-24,603.062,43052,9324,5.62295e+06,5.666e+06,9.35797
2024-01-25,617.489,43052,9324,5.75747e+06,5.80052e+06,7.20597
2024-01-26,619.413,43052,9324,5.77541e+06,5.81846e+06,6.91903
2024-01-29,623.26,43052,9324,5.81128e+06,5.85433e+06,6.34516
2024-01-30,617.489,43052,9324,5.75747e+06,5.80052e+06,7.20597
2024-01-31,604.024,43052,9324,5.63192e+06,5.67497e+06,9.21448
2024-02-01,604.024,43052,9324,5.63192e+06,5.67497e+06,9.21448
2024-02-02,610.757,43052,9324,5.6947e+06,5.73775e+06,8.21023
2024-02-05,621.337,43052,9324,5.79334e+06,5.8364e+06,6.63211
2024-02-15,670.39,43052,9324,6.25071e+06,6.29377e+06,0
2024-02-16,656.924,43052,9324,6.12516e+06,6.16821e+06,1.99487
2024-02-19,652.115,43052,9324,6.08032e+06,6.12337e+06,2.70732
2024-02-20,660.771,43052,9324,6.16103e+06,6.20408e+06,1.42491
2024-02-21,655.001,43052,9324,6.10723e+06,6.15028e+06,2.27984
2024-02-22,665.581,43052,9324,6.20587e+06,6.24893e+06,0.712449
2024-02-23,670.39,43052,9324,6.25071e+06,6.29377e+06,0
2024-02-26,671.352,43052,9324,6.25968e+06,6.30273e+06,0
2024-02-27,671.352,43052,9324,6.25968e+06,6.30273e+06,0
2024-02-29,663.657,43052,9324,6.18794e+06,6.23099e+06,1.1383
2024-03-01,662.695,43052,9324,6.17897e+06,6.22202e+06,1.28061
2024-03-04,697.321,43052,9324,6.50182e+06,6.54487e+06,0
2024-03-05,702.13,43052,9324,6.54666e+06,6.58971e+06,0
2024-03-06,706.939,43052,9324,6.5915e+06,6.63455e+06,0
2024-03-07,730.984,43052,9324,6.8157e+06,6.85875e+06,0
2024-03-08,754.068,43052,9324,7.03093e+06,7.07398e+06,0
2024-03-11,736.755,43052,9324,6.86951e+06,6.91256e+06,2.28195
2024-03-12,740.603,43052,9324,6.90538e+06,6.94843e+06,1.77484
2024-03-13,749.259,43052,9324,6.98609e+06,7.02914e+06,0.633878
2024-03-14,754.068,43052,9324,7.03093e+06,7.07398e+06,0
2024-03-15,724.252,43052,9324,6.75292e+06,6.79597e+06,3.93002
2024-03-18,738.263,43052,9324,6.88356e+06,6.92662e+06,2.08323
2024-03-19,736.33,43052,9324,6.86554e+06,6.9086e+06,2.33796
2024-03-20,732.465,43052,9324,6.82951e+06,6.87256e+06,2.84741
2024-03-21,757.589,43052,9324,7.06376e+06,7.10681e+06,0
2024-03-22,758.556,43052,9324,7.07277e+06,7.11582e+06,0
2024-03-25,753.724,43052,9324,7.02772e+06,7.07078e+06,0.633086
2024-03-26,755.657,43052,9324,7.04574e+06,7.08879e+06,0.37986
2024-03-27,752.758,43052,9324,7.01871e+06,7.06176e+06,0.75972
2024-03-28,743.095,43052,9324,6.92861e+06,6.97167e+06,2.02588
2024-03-29,749.859,43052,9324,6.99168e+06,7.03474e+06,1.13956
2024-04-01,744.061,43052,9324,6.93762e+06,6.98068e+06,1.89927
2024-04-02,763.387,43052,9324,7.11782e+06,7.16087e+06,0
2024-04-03,753.724,43052,9324,7.02772e+06,7.07078e+06,1.2582
2024-04-08,756.623,43052,9324,7.05475e+06,7.0978e+06,0.880737
2024-04-09,791.41,43052,9324,7.37911e+06,7.42216e+06,0
2024-04-10,787.545,43052,9324,7.34307e+06,7.38612e+06,0.485565
2024-04-11,792.377,43052,9324,7.38812e+06,7.43117e+06,0
2024-04-12,790.444,43052,9324,7.3701e+06,7.41315e+06,0.242496
2024-04-15,778.848,43052,9324,7.26198e+06,7.30503e+06,1.69743
2024-04-16,761.454,43052,9324,7.0998e+06,7.14285e+06,3.87984
2024-04-17,776.916,43052,9324,7.24396e+06,7.28701e+06,1.93991
2024-04-18,776.916,43052,9324,7.24396e+06,7.28701e+06,1.93991
2024-04-19,724.735,43052,9324,6.75743e+06,6.80048e+06,8.48712
2024-04-22,717.004,43052,9324,6.68535e+06,6.7284e+06,9.45709
2024-04-23,728.6,43052,9324,6.79347e+06,6.83652e+06,8.00214
2024-04-24,756.623,43052,9324,7.05475e+06,7.0978e+06,4.48605
2024-04-25,740.196,43052,9324,6.90158e+06,6.94464e+06,6.54722
2024-04-26,755.657,43052,9324,7.04574e+06,7.08879e+06,4.6073
2024-04-29,768.219,43052,9324,7.16287e+06,7.20592e+06,3.03112
2024-04-30,763.387,43052,9324,7.11782e+06,7.16087e+06,3.63735
2024-05-02,745.993,43052,9324,6.95564e+06,6.9987e+06,5.81975
2024-05-03,753.724,43052,9324,7.02772e+06,7.07078e+06,4.84978
2024-05-06,759.522,43052,9324,7.08178e+06,7.12483e+06,4.12232
2024-05-07,773.05,43052,9324,7.20792e+06,7.25097e+06,2.4249
2024-05-08,774.983,43052,9324,7.22594e+06,7.26899e+06,2.1824
2024-05-09,769.185,43052,9324,7.17188e+06,7.21493e+06,2.90988
2024-05-10,774.983,43052,9324,7.22594e+06,7.26899e+06,2.1824
2024-05-13,791.41,43052,9324,7.37911e+06,7.42216e+06,0.121237
2024-05-14,797.208,43052,9324,7.43317e+06,7.47622e+06,0
2024-05-15,810.736,43052,9324,7.55931e+06,7.60236e+06,0
2024-05-16,812.669,43052,9324,7.57733e+06,7.62038e+06,0
2024-05-17,806.871,43052,9324,7.52327e+06,7.56632e+06,0.709403
2024-05-20,806.871,43052,9324,7.52327e+06,7.56632e+06,0.709403
2024-05-21,812.669,43052,9324,7.57733e+06,7.62038e+06,0
2024-05-22,834.894,43052,9324,7.78455e+06,7.82761e+06,0
2024-05-23,845.524,43052,9324,7.88366e+06,7.92672e+06,0
2024-05-24,837.793,43052,9324,7.81158e+06,7.85464e+06,0.909323
2024-05-27,839.726,43052,9324,7.8296e+06,7.87266e+06,0.681987
2024-05-28,835.861,43052,9324,7.79356e+06,7.83662e+06,1.13664
2024-05-29,828.13,43052,9324,7.72148e+06,7.76454e+06,2.04598
2024-05-30,809.77,43052,9324,7.5503e+06,7.59335e+06,4.2056
2024-05-31,793.343,43052,9324,7.39713e+06,7.44018e+06,6.13791
2024-06-03,817.501,43052,9324,7.62238e+06,7.66543e+06,3.29628
2024-06-04,810.736,43052,9324,7.55931e+06,7.60236e+06,4.09194
2024-06-05,825.231,43052,9324,7.69446e+06,7.73751e+06,2.38696
2024-06-06,863.884,43052,9324,8.05485e+06,8.0979e+06,0
2024-06-07,849.389,43052,9324,7.9197e+06,7.96275e+06,1.66893
2024-06-11,853.254,43052,9324,7.95574e+06,7.99879e+06,1.22388
2024-06-12,878.378,43052,9324,8.19e+06,8.23305e+06,0
2024-06-13,891.474,43052,9324,8.3121e+06,8.35515e+06,0
2024-06-14,894.384,43052,9324,8.33924e+06,8.38229e+06,0
2024-06-17,893.414,43052,9324,8.33019e+06,8.37324e+06,0.107901
2024-06-18,914.755,43052,9324,8.52918e+06,8.57223e+06,0
2024-06-19,951.617,43052,9324,8.87287e+06,8.91593e+06,0
2024-06-20,951.617,43052,9324,8.87287e+06,8.91593e+06,0
2024-06-21,940.946,43052,9324,8.77338e+06,8.81644e+06,1.11588
2024-06-24,911.845,43052,9324,8.50204e+06,8.54509e+06,4.15923
2024-06-25,916.695,43052,9324,8.54726e+06,8.59032e+06,3.65201
2024-06-26,931.246,43052,9324,8.68294e+06,8.72599e+06,2.13033
2024-06-27,931.246,43052,9324,8.68294e+06,8.72599e+06,2.13033
2024-06-28,937.066,43052,9324,8.7372e+06,8.78026e+06,1.52167
2024-07-01,939.006,43052,9324,8.75529e+06,8.79835e+06,1.31878
2024-07-02,931.246,43052,9324,8.68294e+06,8.72599e+06,2.13033
2024-07-03,949.677,43052,9324,8.85479e+06,8.89784e+06,0.202886
2024-07-04,974.898,43052,9324,9.08995e+06,9.133e+06,0
2024-07-05,974.898,43052,9324,9.08995e+06,9.133e+06,0
2024-07-08,1004,43052,9324,9.36129e+06,9.40434e+06,0
2024-07-09,1008.85,43052,9324,9.40651e+06,9.44957e+06,0
2024-07-10,1013.7,43052,9324,9.45174e+06,9.49479e+06,0
2024-07-11,1047.65,43052,9324,9.7683e+06,9.81136e+06,0
2024-07-12,1008.85,43052,9324,9.40651e+06,9.44957e+06,3.68745
2024-07-15,1008.85,43052,9324,9.40651e+06,9.44957e+06,3.68745
2024-07-16,1023.4,43052,9324,9.54219e+06,9.58524e+06,2.30465
2024-07-17,999.149,43052,9324,9.31607e+06,9.35912e+06,4.60933
2024-07-18,974.898,43052,9324,9.08995e+06,9.133e+06,6.91397
2024-07-19,940.946,43052,9324,8.77338e+06,8.81644e+06,10.1405
2024-07-22,910.875,43052,9324,8.493e+06,8.53605e+06,12.9983
2024-07-23,949.677,43052,9324,8.85479e+06,8.89784e+06,9.31082
2024-07-26,896.324,43052,9324,8.35733e+06,8.40038e+06,14.3811
2024-07-29,915.725,43052,9324,8.53822e+06,8.58127e+06,12.5373
2024-07-30,911.845,43052,9324,8.50204e+06,8.54509e+06,12.9061
2024-07-31,906.025,43052,9324,8.44777e+06,8.49082e+06,13.4592
2024-08-01,931.246,43052,9324,8.68294e+06,8.72599e+06,11.0624
2024-08-02,875.953,8.1743e+06,0,0,8.1743e+06,16.6853
2024-08-05,790.589,8.1743e+06,0,0,8.1743e+06,16.6853
2024-08-06,853.642,8.1743e+06,0,0,8.1743e+06,16.6853
2024-08-07,892.444,8.1743e+06,0,0,8.1743e+06,16.6853
2024-08-08,869.163,8.1743e+06,0,0,8.1743e+06,16.6853
2024-08-09,906.025,8.1743e+06,0,0,8.1743e+06,16.6853
2024-08-12,911.845,8.1743e+06,0,0,8.1743e+06,16.6853
2024-08-13,912.815,8.1743e+06,0,0,8.1743e+06,16.6853
2024-08-14,919.605,8.1743e+06,0,0,8.1743e+06,16.6853
2024-08-15,914.755,8.1743e+06,0,0,8.1743e+06,16.6853
2024-08-16,939.976,8.1743e+06,0,0,8.1743e+06,16.6853
2024-08-19,943.856,8.1743e+06,0,0,8.1743e+06,16.6853
2024-08-20,943.856,8.1743e+06,0,0,8.1743e+06,16.6853
2024-08-21,929.306,8.1743e+06,0,0,8.1743e+06,16.6853
2024-08-22,922.515,8.1743e+06,0,0,8.1743e+06,16.6853
2024-08-23,920.575,8.1743e+06,0,0,8.1743e+06,16.6853
2024-08-26,921.545,8.1743e+06,0,0,8.1743e+06,16.6853
2024-08-27,913.785,8.1743e+06,0,0,8.1743e+06,16.6853
2024-08-28,935.126,8.1743e+06,0,0,8.1743e+06,16.6853
2024-08-29,914.755,8.1743e+06,0,0,8.1743e+06,16.6853
2024-08-30,915.725,8.1743e+06,0,0,8.1743e+06,16.6853
2024-09-02,919.605,8.1743e+06,0,0,8.1743e+06,16.6853
2024-09-03,911.845,8.1743e+06,0,0,8.1743e+06,16.6853
2024-09-04,862.372,8.1743e+06,0,0,8.1743e+06,16.6853
2024-09-05,874.983,8.1743e+06,0,0,8.1743e+06,16.6853
2024-09-06,890.504,8.1743e+06,0,0,8.1743e+06,16.6853
2024-09-09,872.073,8.1743e+06,0,0,8.1743e+06,16.6853
2024-09-10,876.923,8.1743e+06,0,0,8.1743e+06,16.6853
2024-09-11,874.013,8.1743e+06,0,0,8.1743e+06,16.6853
2024-09-12,915.911,8.1743e+06,0,0,8.1743e+06,16.6853
2024-09-13,922.732,8.1743e+06,0,0,8.1743e+06,16.6853
2024-09-16,922.732,8.1743e+06,0,0,8.1743e+06,16.6853
2024-09-18,916.886,8.1743e+06,0,0,8.1743e+06,16.6853
2024-09-19,935.399,70633.9,8651,8.09213e+06,8.16277e+06,16.8029
2024-09-20,948.065,70633.9,8651,8.20171e+06,8.27235e+06,15.686
2024-09-23,951.963,70633.9,8651,8.23543e+06,8.30607e+06,15.3423
2024-09-24,961.707,70633.9,8651,8.31972e+06,8.39036e+06,14.4832
2024-09-25,979.245,70633.9,8651,8.47145e+06,8.54209e+06,12.9367
2024-09-26,988.989,70633.9,8651,8.55575e+06,8.62638e+06,12.0776
2024-09-27,974.373,70633.9,8651,8.4293e+06,8.49994e+06,13.3663
2024-09-30,932.475,70633.9,8651,8.06685e+06,8.13748e+06,17.0606
2024-10-01,947.091,70633.9,8651,8.19329e+06,8.26392e+06,15.7719
2024-10-04,951.963,70633.9,8651,8.23543e+06,8.30607e+06,15.3423
2024-10-07,979.245,70633.9,8651,8.47145e+06,8.54209e+06,12.9367
2024-10-08,984.117,70633.9,8651,8.5136e+06,8.58423e+06,12.5072
2024-10-09,993.861,70633.9,8651,8.59789e+06,8.66853e+06,11.648
2024-10-11,1018.22,70633.9,8651,8.80862e+06,8.87926e+06,9.5002
2024-10-14,1018.22,70633.9,8651,8.80862e+06,8.87926e+06,9.5002
2024-10-15,1042.58,70633.9,8651,9.01936e+06,9.08999e+06,7.35235
2024-10-16,1018.22,70633.9,8651,8.80862e+06,8.87926e+06,9.5002
2024-10-17,1008.48,70633.9,8651,8.72433e+06,8.79496e+06,10.3593
2024-10-18,1057.2,70633.9,8651,9.1458e+06,9.21643e+06,6.06364
2024-10-21,1057.2,70633.9,8651,9.1458e+06,9.21643e+06,6.06364
2024-10-22,1047.45,70633.9,8651,9.0615e+06,9.13214e+06,6.92278
2024-10-23,1032.84,70633.9,8651,8.93506e+06,9.0057e+06,8.21147
2024-10-24,1032.84,70633.9,8651,8.93506e+06,9.0057e+06,8.21147
2024-10-25,1037.71,70633.9,8651,8.97721e+06,9.04784e+06,7.78191
2024-10-28,1023.09,70633.9,8651,8.85077e+06,8.92141e+06,9.07062
2024-10-29,1013.35,70633.9,8651,8.76648e+06,8.83711e+06,9.92975
2024-10-30,1003.6,70633.9,8651,8.68218e+06,8.75282e+06,10.7889
2024-11-01,998.733,70633.9,8651,8.64004e+06,8.71067e+06,11.2185
2024-11-04,1013.35,70633.9,8651,8.76648e+06,8.83711e+06,9.92975
2024-11-05,1023.09,70633.9,8651,8.85077e+06,8.92141e+06,9.07062
2024-11-06,1032.84,70633.9,8651,8.93506e+06,9.0057e+06,8.21147
2024-11-07,1037.71,70633.9,8651,8.97721e+06,9.04784e+06,7.78191
2024-11-08,1062.07,70633.9,8651,9.18794e+06,9.25858e+06,5.63407
2024-11-11,1057.2,70633.9,8651,9.1458e+06,9.21643e+06,6.06364
2024-11-12,1023.09,70633.9,8651,8.85077e+06,8.92141e+06,9.07062
2024-11-13,1008.48,70633.9,8651,8.72433e+06,8.79496e+06,10.3593
2024-11-14,1008.48,70633.9,8651,8.72433e+06,8.79496e+06,10.3593
2024-11-15,1008.48,70633.9,8651,8.72433e+06,8.79496e+06,10.3593
2024-11-18,998.733,70633.9,8651,8.64004e+06,8.71067e+06,11.2185
2024-11-19,1013.35,70633.9,8651,8.76648e+06,8.83711e+06,9.92975
2024-11-20,998.733,70633.9,8651,8.64004e+06,8.71067e+06,11.2185
2024-11-21,984.117,70633.9,8651,8.5136e+06,8.58423e+06,12.5072
2024-11-22,1013.35,70633.9,8651,8.76648e+06,8.83711e+06,9.92975
2024-11-25,1003.6,70633.9,8651,8.68218e+06,8.75282e+06,10.7889
2024-11-26,984.117,70633.9,8651,8.5136e+06,8.58423e+06,12.5072
2024-11-27,974.373,70633.9,8651,8.4293e+06,8.49994e+06,13.3663
2024-11-28,979.245,70633.9,8651,8.47145e+06,8.54209e+06,12.9367
2024-11-29,970.476,70633.9,8651,8.39559e+06,8.46622e+06,13.71
2024-12-02,1008.48,70633.9,8651,8.72433e+06,8.79496e+06,10.3593
2024-12-03,1027.96,70633.9,8651,8.89292e+06,8.96355e+06,8.64105
2024-12-04,1042.58,70633.9,8651,9.01936e+06,9.08999e+06,7.35235
2024-12-05,1047.45,70633.9,8651,9.0615e+06,9.13214e+06,6.92278
2024-12-06,1037.71,70633.9,8651,8.97721e+06,9.04784e+06,7.78191
2024-12-09,1047.45,70633.9,8651,9.0615e+06,9.13214e+06,6.92278
2024-12-10,1037.71,70633.9,8651,8.97721e+06,9.04784e+06,7.78191
2024-12-11,1018.22,70633.9,8651,8.80862e+06,8.87926e+06,9.5002
2024-12-12,1036.8,70633.9,8651,8.96939e+06,9.04003e+06,7.86159
2024-12-13,1041.69,70633.9,8651,9.0117e+06,9.08234e+06,7.43037
2024-12-16,1061.26,70633.9,8651,9.18094e+06,9.25157e+06,5.70549
2024-12-17,1051.48,70633.9,8651,9.09632e+06,9.16695e+06,6.56793
2024-12-18,1061.26,70633.9,8651,9.18094e+06,9.25157e+06,5.70549
2024-12-19,1046.59,70633.9,8651,9.05401e+06,9.12464e+06,6.99917
2024-12-20,1012.35,70633.9,8651,8.75785e+06,8.82848e+06,10.0177
2024-12-23,1056.37,70633.9,8651,9.13863e+06,9.20926e+06,6.13672
2024-12-24,1056.37,70633.9,8651,9.13863e+06,9.20926e+06,6.13672
2024-12-25,1061.26,70633.9,8651,9.18094e+06,9.25157e+06,5.70549
2024-12-26,1061.26,70633.9,8651,9.18094e+06,9.25157e+06,5.70549
2024-12-27,1066.15,70633.9,8651,9.22324e+06,9.29388e+06,5.27429
2024-12-30,1066.15,70633.9,8651,9.22324e+06,9.29388e+06,5.27429
2024-12-31,1051.48,70633.9,8651,9.09632e+06,9.16695e+06,6.56793
2025-01-02,1041.69,70633.9,8651,9.0117e+06,9.08234e+06,7.43037
2025-01-03,1051.48,70633.9,8651,9.09632e+06,9.16695e+06,6.56793
2025-01-06,1100.38,70633.9,8651,9.5194e+06,9.59004e+06,2.25573
2025-01-07,1105.27,70633.9,8651,9.56171e+06,9.63234e+06,1.82453
2025-01-08,1080.82,70633.9,8651,9.35017e+06,9.4208e+06,3.98061
2025-01-09,1075.93,70633.9,8651,9.30786e+06,9.37849e+06,4.41184
2025-01-10,1075.93,70633.9,8651,9.30786e+06,9.37849e+06,4.41184
2025-01-13,1051.48,70633.9,8651,9.09632e+06,9.16695e+06,6.56793
2025-01-14,1066.15,70633.9,8651,9.22324e+06,9.29388e+06,5.27429
2025-01-15,1041.69,70633.9,8651,9.0117e+06,9.08234e+06,7.43037
2025-01-16,1080.82,70633.9,8651,9.35017e+06,9.4208e+06,3.98061
2025-01-17,1095.49,70633.9,8651,9.4771e+06,9.54773e+06,2.68695
2025-01-20,1095.49,70633.9,8651,9.4771e+06,9.54773e+06,2.68695
2025-01-21,1095.49,70633.9,8651,9.4771e+06,9.54773e+06,2.68695
2025-01-22,1110.16,70633.9,8651,9.60402e+06,9.67465e+06,1.39329
2025-02-03,1046.59,70633.9,8651,9.05401e+06,9.12464e+06,6.99917
2025-02-04,1071.04,70633.9,8651,9.26555e+06,9.33619e+06,4.84305
2025-02-05,1085.71,70633.9,8651,9.39248e+06,9.46311e+06,3.54941
2025-02-06,1090.6,70633.9,8651,9.43479e+06,9.50542e+06,3.11818
2025-02-07,1100.38,70633.9,8651,9.5194e+06,9.59004e+06,2.25573
2025-02-10,1080.82,70633.9,8651,9.35017e+06,9.4208e+06,3.98061
2025-02-11,1085.71,70633.9,8651,9.39248e+06,9.46311e+06,3.54941
2025-02-12,1075.93,70633.9,8651,9.30786e+06,9.37849e+06,4.41184
2025-02-13,1066.15,70633.9,8651,9.22324e+06,9.29388e+06,5.27429
2025-02-14,1036.8,70633.9,8651,8.96939e+06,9.04003e+06,7.86159
2025-02-17,1061.26,70633.9,8651,9.18094e+06,9.25157e+06,5.70549
2025-02-18,1075.93,70633.9,8651,9.30786e+06,9.37849e+06,4.41184
2025-02-19,1066.15,70633.9,8651,9.22324e+06,9.29388e+06,5.27429
2025-02-20,1056.37,70633.9,8651,9.13863e+06,9.20926e+06,6.13672
2025-02-21,1071.04,70633.9,8651,9.26555e+06,9.33619e+06,4.84305
2025-02-24,1051.48,70633.9,8651,9.09632e+06,9.16695e+06,6.56793
2025-02-25,1031.91,70633.9,8651,8.92708e+06,8.99772e+06,8.29281
2025-02-26,1036.8,70633.9,8651,8.96939e+06,9.04003e+06,7.86159
2025-02-27,1017.24,70633.9,8651,8.80016e+06,8.87079e+06,9.58646
2025-03-03,997.68,70633.9,8651,8.63093e+06,8.70156e+06,11.3113
2025-03-04,978.117,8.49488e+06,0,0,8.49488e+06,13.4178
2025-03-05,997.68,8.49488e+06,0,0,8.49488e+06,13.4178
2025-03-06,983.008,8.49488e+06,0,0,8.49488e+06,13.4178
2025-03-07,983.008,8.49488e+06,0,0,8.49488e+06,13.4178
2025-03-10,976.161,8.49488e+06,0,0,8.49488e+06,13.4178
2025-03-11,949.752,8.49488e+06,0,0,8.49488e+06,13.4178
2025-03-12,966.38,8.49488e+06,0,0,8.49488e+06,13.4178
2025-03-13,943.883,8.49488e+06,0,0,8.49488e+06,13.4178
2025-03-14,938.014,8.49488e+06,0,0,8.49488e+06,13.4178
2025-03-17,948.774,8.49488e+06,0,0,8.49488e+06,13.4178
2025-03-18,954.178,8.49488e+06,0,0,8.49488e+06,13.4178
2025-03-19,935.508,8.49488e+06,0,0,8.49488e+06,13.4178
2025-03-20,967.936,8.49488e+06,0,0,8.49488e+06,13.4178
2025-03-21,955.161,8.49488e+06,0,0,8.49488e+06,13.4178
2025-03-24,955.161,8.49488e+06,0,0,8.49488e+06,13.4178
2025-03-25,972.849,8.49488e+06,0,0,8.49488e+06,13.4178
2025-03-26,963.022,8.49488e+06,0,0,8.49488e+06,13.4178
2025-03-27,941.404,8.49488e+06,0,0,8.49488e+06,13.4178
2025-03-28,935.508,8.49488e+06,0,0,8.49488e+06,13.4178
2025-03-31,894.235,8.49488e+06,0,0,8.49488e+06,13.4178
2025-04-01,927.646,8.49488e+06,0,0,8.49488e+06,13.4178
2025-04-02,925.681,8.49488e+06,0,0,8.49488e+06,13.4178
2025-04-07,833.309,8.49488e+06,0,0,8.49488e+06,13.4178
2025-04-08,801.864,8.49488e+06,0,0,8.49488e+06,13.4178
2025-04-09,771.401,8.49488e+06,0,0,8.49488e+06,13.4178
2025-04-10,848.049,8.49488e+06,0,0,8.49488e+06,13.4178
2025-04-11,873.599,8.49488e+06,0,0,8.49488e+06,13.4178
2025-04-14,850.015,8.49488e+06,0,0,8.49488e+06,13.4178
2025-04-15,861.807,8.49488e+06,0,0,8.49488e+06,13.4178
2025-04-16,840.188,8.49488e+06,0,0,8.49488e+06,13.4178
2025-04-17,832.327,8.49488e+06,0,0,8.49488e+06,13.4178
2025-04-18,835.275,8.49488e+06,0,0,8.49488e+06,13.4178
2025-04-21,820.534,8.49488e+06,0,0,8.49488e+06,13.4178
2025-04-22,801.864,8.49488e+06,0,0,8.49488e+06,13.4178
2025-04-23,857.876,8.49488e+06,0,0,8.49488e+06,13.4178
2025-04-24,849.032,8.49488e+06,0,0,8.49488e+06,13.4178
2025-04-25,872.616,8.49488e+06,0,0,8.49488e+06,13.4178
2025-04-28,881.46,8.49488e+06,0,0,8.49488e+06,13.4178
2025-04-29,886.374,8.49488e+06,0,0,8.49488e+06,13.4178
2025-04-30,892.27,8.49488e+06,0,0,8.49488e+06,13.4178
2025-05-02,933.542,8.49488e+06,0,0,8.49488e+06,13.4178
2025-05-05,921.75,73774.4,9123,8.40913e+06,8.4829e+06,13.54
2025-05-06,904.062,73774.4,9123,8.24776e+06,8.32153e+06,15.1847
2025-05-07,911.923,73774.4,9123,8.31948e+06,8.39325e+06,14.4537
2025-05-08,902.097,73774.4,9123,8.22983e+06,8.3036e+06,15.3674
2025-05-09,932.56,73774.4,9123,8.50774e+06,8.58152e+06,12.5349
2025-05-12,940.421,73774.4,9123,8.57946e+06,8.65324e+06,11.8039
2025-05-13,952.213,73774.4,9123,8.68704e+06,8.76081e+06,10.7074
2025-05-14,981.693,73774.4,9123,8.95599e+06,9.02976e+06,7.9662
2025-05-15,975.797,73774.4,9123,8.9022e+06,8.97597e+06,8.51445
2025-05-16,980.711,73774.4,9123,8.94702e+06,9.0208e+06,8.05758
2025-05-19,966.953,73774.4,9123,8.82151e+06,8.89529e+06,9.3368
2025-05-20,961.057,73774.4,9123,8.76772e+06,8.8415e+06,9.88504
2025-05-21,972.849,73774.4,9123,8.8753e+06,8.94908e+06,8.78856
2025-05-22,964.988,73774.4,9123,8.80358e+06,8.87736e+06,9.51955
2025-05-23,966.953,73774.4,9123,8.82151e+06,8.89529e+06,9.3368
2025-05-26,959.092,73774.4,9123,8.74979e+06,8.82357e+06,10.0678
2025-05-27,948.282,73774.4,9123,8.65118e+06,8.72495e+06,11.0729
2025-05-28,950.248,73774.4,9123,8.66911e+06,8.74288e+06,10.8902
2025-05-29,950.248,73774.4,9123,8.66911e+06,8.74288e+06,10.8902
2025-06-02,929.612,73774.4,9123,8.48085e+06,8.55462e+06,12.809
2025-06-03,933.542,73774.4,9123,8.51671e+06,8.59048e+06,12.4435
2025-06-04,972.849,73774.4,9123,8.8753e+06,8.94908e+06,8.78856
2025-06-05,980.711,73774.4,9123,8.94702e+06,9.0208e+06,8.05758
2025-06-06,977.763,73774.4,9123,8.92013e+06,8.9939e+06,8.33171
2025-06-09,987.589,73774.4,9123,9.00978e+06,9.08355e+06,7.41796
2025-06-10,1026.9,73774.4,9123,9.36838e+06,9.44215e+06,3.76303
2025-06-11,1046.55,73774.4,9123,9.54767e+06,9.62145e+06,1.93559
2025-06-12,1031.25,73774.4,9123,9.40813e+06,9.4819e+06,3.35786
2025-06-13,1016.45,73774.4,9123,9.27308e+06,9.34686e+06,4.73429
2025-06-16,1011.52,73774.4,9123,9.22807e+06,9.30184e+06,5.19308
2025-06-17,1031.25,73774.4,9123,9.40813e+06,9.4819e+06,3.35786
2025-06-18,1041.12,73774.4,9123,9.49816e+06,9.57193e+06,2.44025
2025-06-19,1021.39,73774.4,9123,9.3181e+06,9.39187e+06,4.27548
2025-06-20,1041.12,73774.4,9123,9.49816e+06,9.57193e+06,2.44025
2025-06-23,1006.58,73774.4,9123,9.18305e+06,9.25683e+06,5.65189
2025-06-24,1036.19,73774.4,9123,9.45314e+06,9.52692e+06,2.89906
2025-06-25,1055.92,73774.4,9123,9.6332e+06,9.70698e+06,1.06385
2025-06-26,1060.86,73774.4,9123,9.67822e+06,9.75199e+06,0.605025
2025-06-27,1065.79,73774.4,9123,9.72323e+06,9.79701e+06,0.146234
2025-06-30,1046.06,73774.4,9123,9.54317e+06,9.61695e+06,1.98146
2025-07-01,1070.73,73774.4,9123,9.76825e+06,9.84202e+06,0
2025-07-02,1070.73,73774.4,9123,9.76825e+06,9.84202e+06,0
2025-07-03,1075.66,73774.4,9123,9.81326e+06,9.88704e+06,0
2025-07-04,1070.73,73774.4,9123,9.76825e+06,9.84202e+06,0.455291
2025-07-07,1065.79,73774.4,9123,9.72323e+06,9.79701e+06,0.910581
2025-07-08,1065.79,73774.4,9123,9.72323e+06,9.79701e+06,0.910581
2025-07-09,1075.66,73774.4,9123,9.81326e+06,9.88704e+06,0
2025-07-10,1085.53,73774.4,9123,9.90329e+06,9.97707e+06,0
2025-07-11,1085.53,73774.4,9123,9.90329e+06,9.97707e+06,0
2025-07-14,1080.6,73774.4,9123,9.85828e+06,9.93205e+06,0.451182
2025-07-15,1095.4,73774.4,9123,9.99332e+06,1.00671e+07,0
2025-07-16,1115.14,73774.4,9123,1.01734e+07,1.02472e+07,0
2025-07-17,1115.14,73774.4,9123,1.01734e+07,1.02472e+07,0
2025-07-18,1139.81,73774.4,9123,1.03985e+07,1.04722e+07,0
2025-07-21,1134.87,73774.4,9123,1.03534e+07,1.04272e+07,0.429849
2025-07-22,1115.14,73774.4,9123,1.01734e+07,1.02472e+07,2.14925
2025-07-23,1129.94,73774.4,9123,1.03084e+07,1.03822e+07,0.859708
2025-07-24,1129.94,73774.4,9123,1.03084e+07,1.03822e+07,0.859708
2025-07-25,1129.94,73774.4,9123,1.03084e+07,1.03822e+07,0.859708
2025-07-28,1129.94,73774.4,9123,1.03084e+07,1.03822e+07,0.859708
2025-07-29,1120.07,73774.4,9123,1.02184e+07,1.02922e+07,1.7194
2025-07-30,1139.81,73774.4,9123,1.03985e+07,1.04722e+07,0
2025-07-31,1144.74,73774.4,9123,1.04435e+07,1.05172e+07,0
2025-08-04,1120.07,73774.4,9123,1.02184e+07,1.02922e+07,2.14005
2025-08-05,1134.87,73774.4,9123,1.03534e+07,1.04272e+07,0.856018
2025-08-06,1110.2,73774.4,9123,1.01284e+07,1.02021e+07,2.99608
2025-08-07,1164.48,73774.4,9123,1.06235e+07,1.06973e+07,0
2025-08-08,1159.54,73774.4,9123,1.05785e+07,1.06523e+07,0.420804
2025-08-11,1164.48,73774.4,9123,1.06235e+07,1.06973e+07,0
2025-08-12,1164.48,73774.4,9123,1.06235e+07,1.06973e+07,0
2025-08-13,1184.21,73774.4,9123,1.08036e+07,1.08774e+07,0
2025-08-14,1159.54,73774.4,9123,1.05785e+07,1.06523e+07,2.06919
2025-08-15,1164.48,73774.4,9123,1.06235e+07,1.06973e+07,1.65535
2025-08-18,1164.48,73774.4,9123,1.06235e+07,1.06973e+07,1.65535
2025-08-19,1169.41,73774.4,9123,1.06685e+07,1.07423e+07,1.24152
2025-08-20,1120.07,73774.4,9123,1.02184e+07,1.02922e+07,5.37992
2025-08-21,1134.87,73774.4,9123,1.03534e+07,1.04272e+07,4.1384
2025-08-22,1120.07,73774.4,9123,1.02184e+07,1.02922e+07,5.37992
2025-08-25,1154.61,73774.4,9123,1.05335e+07,1.06073e+07,2.48304
2025-08-26,1159.54,73774.4,9123,1.05785e+07,1.06523e+07,2.06919
2025-08-27,1174.35,73774.4,9123,1.07136e+07,1.07873e+07,0.827677
2025-08-28,1144.74,73774.4,9123,1.04435e+07,1.05172e+07,3.31072
2025-08-29,1144.74,73774.4,9123,1.04435e+07,1.05172e+07,3.31072
2025-09-01,1149.68,73774.4,9123,1.04885e+07,1.05623e+07,2.89688
2025-09-02,1144.74,73774.4,9123,1.04435e+07,1.05172e+07,3.31072
2025-09-03,1144.74,73774.4,9123,1.04435e+07,1.05172e+07,3.31072
2025-09-04,1144.74,73774.4,9123,1.04435e+07,1.05172e+07,3.31072
2025-09-05,1164.48,73774.4,9123,1.06235e+07,1.06973e+07,1.65535
2025-09-08,1164.48,73774.4,9123,1.06235e+07,1.06973e+07,1.65535
2025-09-09,1184.21,73774.4,9123,1.08036e+07,1.08774e+07,0
2025-09-10,1208.89,73774.4,9123,1.10287e+07,1.11024e+07,0
2025-09-11,1223.69,73774.4,9123,1.11637e+07,1.12375e+07,0
2025-09-12,1243.43,73774.4,9123,1.13438e+07,1.14175e+07,0
2025-09-15,1238.49,73774.4,9123,1.12988e+07,1.13725e+07,0.39425
2025-09-16,1268.22,73774.4,9123,1.15699e+07,1.16437e+07,0
2025-09-17,1253.35,73774.4,9123,1.14343e+07,1.15081e+07,1.16445
2025-09-18,1273.17,73774.4,9123,1.16151e+07,1.16889e+07,0
2025-09-19,1253.35,73774.4,9123,1.14343e+07,1.15081e+07,1.5466
2025-09-22,1283.08,73774.4,9123,1.17055e+07,1.17793e+07,0
2025-09-23,1327.66,73774.4,9123,1.21123e+07,1.2186e+07,0
2025-09-24,1327.66,73774.4,9123,1.21123e+07,1.2186e+07,0
2025-09-25,1307.85,73774.4,9123,1.19315e+07,1.20053e+07,1.48351
2025-09-26,1288.03,73774.4,9123,1.17507e+07,1.18245e+07,2.96701
2025-09-30,1292.99,73774.4,9123,1.17959e+07,1.18697e+07,2.59613
2025-10-01,1312.8,73774.4,9123,1.19767e+07,1.20505e+07,1.11263
2025-10-02,1352.43,73774.4,9123,1.23382e+07,1.2412e+07,0
2025-10-03,1387.11,73774.4,9123,1.26546e+07,1.27284e+07,0
2025-10-07,1421.79,73774.4,9123,1.2971e+07,1.30447e+07,0
2025-10-08,1401.97,73774.4,9123,1.27902e+07,1.2864e+07,1.38584
2025-10-09,1426.74,73774.4,9123,1.30162e+07,1.30899e+07,0
2025-10-13,1401.97,73774.4,9123,1.27902e+07,1.2864e+07,1.72633
2025-10-14,1411.88,73774.4,9123,1.28806e+07,1.29544e+07,1.03581
2025-10-15,1451.51,73774.4,9123,1.32421e+07,1.33159e+07,0
2025-10-16,1471.33,73774.4,9123,1.34229e+07,1.34967e+07,0
2025-10-17,1436.65,73774.4,9123,1.31066e+07,1.31803e+07,2.34402
2025-10-20,1466.37,73774.4,9123,1.33777e+07,1.34515e+07,0.334861
2025-10-21,1466.37,73774.4,9123,1.33777e+07,1.34515e+07,0.334861
2025-10-22,1446.56,73774.4,9123,1.3197e+07,1.32707e+07,1.6743
2025-10-23,1436.65,73774.4,9123,1.31066e+07,1.31803e+07,2.34402
2025-10-27,1466.37,73774.4,9123,1.33777e+07,1.34515e+07,0.334861
2025-10-28,1461.42,73774.4,9123,1.33325e+07,1.34063e+07,0.669713
2025-10-29,1491.14,73774.4,9123,1.36037e+07,1.36775e+07,0
2025-10-30,1491.14,73774.4,9123,1.36037e+07,1.36775e+07,0
2025-10-31,1486.19,73774.4,9123,1.35585e+07,1.36323e+07,0.330443
2025-11-03,1496.1,73774.4,9123,1.36489e+07,1.37227e+07,0
2025-11-04,1491.14,73774.4,9123,1.36037e+07,1.36775e+07,0.329347
2025-11-05,1446.56,73774.4,9123,1.3197e+07,1.32707e+07,3.29346
2025-11-06,1451.51,73774.4,9123,1.32421e+07,1.33159e+07,2.96412
2025-11-07,1446.56,73774.4,9123,1.3197e+07,1.32707e+07,3.29346
2025-11-10,1461.42,73774.4,9123,1.33325e+07,1.34063e+07,2.30542
2025-11-11,1451.51,73774.4,9123,1.32421e+07,1.33159e+07,2.96412
2025-11-12,1461.42,73774.4,9123,1.33325e+07,1.34063e+07,2.30542
2025-11-13,1446.56,73774.4,9123,1.3197e+07,1.32707e+07,3.29346
2025-11-14,1416.83,73774.4,9123,1.29258e+07,1.29996e+07,5.26954
2025-11-17,1431.7,73774.4,9123,1.30614e+07,1.31351e+07,4.2815
2025-11-18,1392.06,73774.4,9123,1.26998e+07,1.27736e+07,6.91626
2025-11-19,1382.16,73774.4,9123,1.26094e+07,1.26832e+07,7.57496
2025-11-20,1441.6,73774.4,9123,1.31518e+07,1.32255e+07,3.6228
2025-11-21,1372.25,73774.4,9123,1.2519e+07,1.25928e+07,8.23365
2025-11-24,1362.34,73774.4,9123,1.24286e+07,1.25024e+07,8.89234
2025-11-25,1401.97,73774.4,9123,1.27902e+07,1.2864e+07,6.25758
2025-11-26,1426.74,73774.4,9123,1.30162e+07,1.30899e+07,4.61084
2025-11-27,1421.79,73774.4,9123,1.2971e+07,1.30447e+07,4.9402
2025-11-28,1426.74,73774.4,9123,1.30162e+07,1.30899e+07,4.61084
2025-12-01,1397.02,73774.4,9123,1.2745e+07,1.28188e+07,6.58692
2025-12-02,1416.83,73774.4,9123,1.29258e+07,1.29996e+07,5.26954
2025-12-03,1436.65,73774.4,9123,1.31066e+07,1.31803e+07,3.95215
2025-12-04,1431.7,73774.4,9123,1.30614e+07,1.31351e+07,4.2815
2025-12-05,1446.56,73774.4,9123,1.3197e+07,1.32707e+07,3.29346
2025-12-08,1481.24,73774.4,9123,1.35133e+07,1.35871e+07,0.98804
2025-12-09,1466.37,73774.4,9123,1.33777e+07,1.34515e+07,1.97608
2025-12-10,1491.14,73774.4,9123,1.36037e+07,1.36775e+07,0.329347
2025-12-11,1461.32,73774.4,9123,1.33316e+07,1.34054e+07,2.31202
2025-12-12,1471.26,73774.4,9123,1.34223e+07,1.34961e+07,1.65112
2025-12-15,1441.44,73774.4,9123,1.31502e+07,1.3224e+07,3.63378
2025-12-16,1426.53,73774.4,9123,1.30142e+07,1.3088e+07,4.62513
2025-12-17,1421.56,73774.4,9123,1.29689e+07,1.30426e+07,4.95557
2025-12-18,1421.56,73774.4,9123,1.29689e+07,1.30426e+07,4.95557
2025-12-19,1421.56,73774.4,9123,1.29689e+07,1.30426e+07,4.95557
2025-12-22,1456.35,73774.4,9123,1.32863e+07,1.33601e+07,2.64246
2025-12-23,1481.2,73774.4,9123,1.3513e+07,1.35868e+07,0.990239
2025-12-24,1486.17,73774.4,9123,1.35584e+07,1.36321e+07,0.659797
2025-12-26,1501.08,73774.4,9123,1.36944e+07,1.37682e+07,0
2025-12-29,1520.97,73774.4,9123,1.38758e+07,1.39496e+07,0
2025-12-30,1511.03,73774.4,9123,1.37851e+07,1.38589e+07,0.650135
2025-12-31,1540.85,73774.4,9123,1.40572e+07,1.41309e+07,0
2026-01-02,1575.64,73774.4,9123,1.43746e+07,1.44484e+07,0
2026-01-05,1660.14,73774.4,9123,1.51455e+07,1.52192e+07,0
2026-01-06,1694.93,73774.4,9123,1.54629e+07,1.55367e+07,0
2026-01-07,1665.11,73774.4,9123,1.51908e+07,1.52646e+07,1.75118
2026-01-08,1675.05,73774.4,9123,1.52815e+07,1.53553e+07,1.16745
2026-01-09,1670.08,73774.4,9123,1.52361e+07,1.53099e+07,1.45931
2026-01-12,1680.02,73774.4,9123,1.53268e+07,1.54006e+07,0.875591
2026-01-13,1699.9,73774.4,9123,1.55082e+07,1.5582e+07,0
2026-01-14,1699.9,73774.4,9123,1.55082e+07,1.5582e+07,0
2026-01-15,1680.02,73774.4,9123,1.53268e+07,1.54006e+07,1.16406
2026-01-16,1729.73,73774.4,9123,1.57803e+07,1.58541e+07,0
2026-01-19,1749.61,73774.4,9123,1.59617e+07,1.60355e+07,0
2026-01-20,1764.52,73774.4,9123,1.60977e+07,1.61715e+07,0
2026-01-21,1729.73,73774.4,9123,1.57803e+07,1.58541e+07,1.96284
2026-01-22,1749.61,73774.4,9123,1.59617e+07,1.60355e+07,0.841219
2026-01-23,1759.55,73774.4,9123,1.60524e+07,1.61261e+07,0.280404
2026-01-26,1744.64,73774.4,9123,1.59163e+07,1.59901e+07,1.12163
2026-01-27,1769.49,73774.4,9123,1.61431e+07,1.62168e+07,0
2026-01-28,1809.25,73774.4,9123,1.65058e+07,1.65796e+07,0
2026-01-29,1794.34,73774.4,9123,1.63698e+07,1.64436e+07,0.820505
2026-01-30,1764.52,73774.4,9123,1.60977e+07,1.61715e+07,2.46152
2026-02-02,1754.58,73774.4,9123,1.6007e+07,1.60808e+07,3.00853
2026-02-03,1789.37,73774.4,9123,1.63244e+07,1.63982e+07,1.09401
2026-02-04,1774.46,73774.4,9123,1.61884e+07,1.62622e+07,1.91452
2026-02-05,1754.58,73774.4,9123,1.6007e+07,1.60808e+07,3.00853
2026-02-06,1769.49,73774.4,9123,1.61431e+07,1.62168e+07,2.18802
2026-02-09,1804.28,73774.4,9123,1.64605e+07,1.65343e+07,0.273502
2026-02-10,1868.9,73774.4,9123,1.705e+07,1.71238e+07,0
2026-02-11,1903.69,73774.4,9123,1.73674e+07,1.74412e+07,0
2026-02-23,1888.78,73774.4,9123,1.72314e+07,1.73051e+07,0.77998
2026-02-24,1953.4,73774.4,9123,1.78209e+07,1.78946e+07,0
2026-02-25,2003.1,73774.4,9123,1.82743e+07,1.83481e+07,0
2026-02-26,1983.22,73774.4,9123,1.80929e+07,1.81667e+07,0.988567
2026-03-02,1963.34,73774.4,9123,1.79115e+07,1.79853e+07,1.97713
2026-03-03,1923.58,73774.4,9123,1.75488e+07,1.76226e+07,3.95426
2026-03-04,1853.99,73774.4,9123,1.69139e+07,1.69877e+07,7.41424
2026-03-05,1888.78,73774.4,9123,1.72314e+07,1.73051e+07,5.68425
2026-03-06,1878.84,73774.4,9123,1.71407e+07,1.72144e+07,6.17853
2026-03-09,1799.31,73774.4,9123,1.64151e+07,1.64889e+07,10.1328
2026-03-10,1839.08,73774.4,9123,1.67779e+07,1.68517e+07,8.15566
2026-03-11,1928.55,73774.4,9123,1.75941e+07,1.76679e+07,3.70712
2026-03-12,1873.87,73774.4,9123,1.70953e+07,1.71691e+07,6.42567
2026-03-13,1853.99,73774.4,9123,1.69139e+07,1.69877e+07,7.41424
2026-03-16,1834.11,73774.4,9123,1.67326e+07,1.68063e+07,8.4028
2026-03-17,1865.02,73774.4,9123,1.70146e+07,1.70884e+07,6.86552
2026-03-18,1899.93,73774.4,9123,1.73331e+07,1.74068e+07,5.12989
2026-03-19,1845.08,73774.4,9123,1.68326e+07,1.69064e+07,7.85731
2026-03-20,1835.1,73774.4,9123,1.67417e+07,1.68154e+07,8.35321
2026-03-23,1805.18,73774.4,9123,1.64687e+07,1.65425e+07,9.84089
2026-03-24,1805.18,73774.4,9123,1.64687e+07,1.65425e+07,9.84089
2026-03-25,1840.09,73774.4,9123,1.67871e+07,1.68609e+07,8.10526
2026-03-26,1835.1,73774.4,9123,1.67417e+07,1.68154e+07,8.35321
2026-03-27,1815.16,73774.4,9123,1.65597e+07,1.66335e+07,9.345
2026-03-30,1775.26,73774.4,9123,1.61957e+07,1.62695e+07,11.3286
2026-03-31,1755.32,73774.4,9123,1.60138e+07,1.60875e+07,12.3204
2026-04-01,1850.06,73774.4,9123,1.68781e+07,1.69519e+07,7.60937
2026-04-02,1805.18,73774.4,9123,1.64687e+07,1.65425e+07,9.84089
2026-04-07,1855.05,73774.4,9123,1.69236e+07,1.69974e+07,7.36142
2026-04-08,1944.81,73774.4,9123,1.77425e+07,1.78163e+07,2.89837
2026-04-09,1949.8,73774.4,9123,1.7788e+07,1.78618e+07,2.65042
2026-04-10,1994.68,73774.4,9123,1.81975e+07,1.82712e+07,0.41889
2026-04-13,1984.71,73774.4,9123,1.81065e+07,1.81802e+07,0.914785
2026-04-14,2049.53,73774.4,9123,1.86979e+07,1.87717e+07,0
2026-04-15,2074.47,73774.4,9123,1.89253e+07,1.89991e+07,0
2026-04-16,2079.45,73774.4,9123,1.89708e+07,1.90446e+07,0
2026-04-17,2024.6,73774.4,9123,1.84704e+07,1.85442e+07,2.62768
2026-04-20,2019.61,73774.4,9123,1.84249e+07,1.84987e+07,2.86655
2026-04-21,2044.55,73774.4,9123,1.86524e+07,1.87262e+07,1.67216
2026-04-22,2044.55,73774.4,9123,1.86524e+07,1.87262e+07,1.67216
2026-04-23,2074.47,73774.4,9123,1.89253e+07,1.89991e+07,0.238885
2026-04-24,2179.19,73774.4,9123,1.98807e+07,1.99545e+07,0
2026-04-27,2258.97,73774.4,9123,2.06086e+07,2.06824e+07,0
2026-04-28,2209.11,73774.4,9123,2.01537e+07,2.02275e+07,2.19963
2026-04-29,2174.2,73774.4,9123,1.98352e+07,1.9909e+07,3.73938
2026-04-30,2129.32,73774.4,9123,1.94258e+07,1.94996e+07,5.71904
2026-05-04,2268.95,73774.4,9123,2.06996e+07,2.07734e+07,0
2026-05-05,2244.01,73774.4,9123,2.04721e+07,2.05459e+07,1.09499
2026-05-06,2244.01,73774.4,9123,2.04721e+07,2.05459e+07,1.09499
2026-05-07,2303.85,73774.4,9123,2.10181e+07,2.10918e+07,0
2026-05-08,2283.91,73774.4,9123,2.08361e+07,2.09099e+07,0.862772
2026-05-11,2229.05,73774.4,9123,2.03357e+07,2.04094e+07,3.2354
2026-05-12,2249,73774.4,9123,2.05176e+07,2.05914e+07,2.37263
2026-05-13,2214.09,73774.4,9123,2.01992e+07,2.02729e+07,3.88249
2026-05-14,2263.96,73774.4,9123,2.06541e+07,2.07279e+07,1.72554
2026-05-15,2258.97,73774.4,9123,2.06086e+07,2.06824e+07,1.94124
2026-05-18,2234.04,73774.4,9123,2.03811e+07,2.04549e+07,3.0197
2026-05-19,2199.13,73774.4,9123,2.00627e+07,2.01365e+07,4.52956
2026-05-20,2179.19,73774.4,9123,1.98807e+07,1.99545e+07,5.39233
2026-05-21,2224.07,73774.4,9123,2.02902e+07,2.03639e+07,3.4511
2026-05-22,2249,73774.4,9123,2.05176e+07,2.05914e+07,2.37263
2026-05-25,2303.85,73774.4,9123,2.10181e+07,2.10918e+07,0
2026-05-26,2263.96,73774.4,9123,2.06541e+07,2.07279e+07,1.72554
2026-05-27,2293.88,73774.4,9123,2.09271e+07,2.10008e+07,0.431386
2026-05-28,2288.89,73774.4,9123,2.08816e+07,2.09554e+07,0.647084
2026-05-29,2348.73,73774.4,9123,2.14275e+07,2.15013e+07,0
2026-06-01,2348.73,73774.4,9123,2.14275e+07,2.15013e+07,0
2026-06-02,2373.67,73774.4,9123,2.1655e+07,2.17287e+07,0
2026-06-03,2418.55,73774.4,9123,2.20644e+07,2.21382e+07,0
2026-06-04,2378.65,73774.4,9123,2.17005e+07,2.17742e+07,1.64399
2026-06-05,2358.71,73774.4,9123,2.15185e+07,2.15923e+07,2.46598
2026-06-08,2288.89,73774.4,9123,2.08816e+07,2.09554e+07,5.34296
2026-06-09,2298.87,73774.4,9123,2.09726e+07,2.10463e+07,4.93196
2026-06-10,2249,73774.4,9123,2.05176e+07,2.05914e+07,6.98695
2026-06-11,2250,73774.4,9123,2.05268e+07,2.06005e+07,6.94574
2026-06-12,2310,73774.4,9123,2.10741e+07,2.11479e+07,4.47318
2026-06-15,2375,73774.4,9123,2.16671e+07,2.17409e+07,1.79457
2026-06-16,2400,73774.4,9123,2.18952e+07,2.1969e+07,0.764335
2026-06-17,2385,73774.4,9123,2.17584e+07,2.18321e+07,1.38247
2026-06-18,2410,73774.4,9123,2.19864e+07,2.20602e+07,0.352241
2026-06-22,2510,73774.4,9123,2.28987e+07,2.29725e+07,0
2026-06-23,2490,73774.4,9123,2.27163e+07,2.279e+07,0.794254
2026-06-24,2390,73774.4,9123,2.1804e+07,2.18777e+07,4.76552
2026-06-25,2390,73774.4,9123,2.1804e+07,2.18777e+07,4.76552
2026-06-26,2340,73774.4,9123,2.13478e+07,2.14216e+07,6.75116
2026-06-29,2370,73774.4,9123,2.16215e+07,2.16953e+07,5.55978
2026-06-30,2410,73774.4,9123,2.19864e+07,2.20602e+07,3.97127
2026-07-01,2505,73774.4,9123,2.28531e+07,2.29269e+07,0.198563
2026-07-02,2465,73774.4,9123,2.24882e+07,2.2562e+07,1.78707
2026-07-03,2445,73774.4,9123,2.23057e+07,2.23795e+07,2.58133
2026-07-06,2460,73774.4,9123,2.24426e+07,2.25164e+07,1.98563
2026-07-07,2440,73774.4,9123,2.22601e+07,2.23339e+07,2.77989
2026-07-08,2465,73774.4,9123,2.24882e+07,2.2562e+07,1.78707
2026-07-09,2415,73774.4,9123,2.2032e+07,2.21058e+07,3.77271
2026-07-10,2415,73774.4,9123,2.2032e+07,2.21058e+07,3.77271
2026-07-13,2440,73774.4,9123,2.22601e+07,2.23339e+07,2.77989
2026-07-14,2420,73774.4,9123,2.20777e+07,2.21514e+07,3.57414
2026-07-15,2440,73774.4,9123,2.22601e+07,2.23339e+07,2.77989
2026-07-16,2470,73774.4,9123,2.25338e+07,2.26076e+07,1.58851
2026-07-17,2290,73774.4,9123,2.08917e+07,2.09654e+07,8.73679
2026-07-20,2320,73774.4,9123,2.11654e+07,2.12391e+07,7.54541
2026-07-21,2410,73774.4,9123,2.19864e+07,2.20602e+07,3.97127
2026-07-22,2400,73774.4,9123,2.18952e+07,2.1969e+07,4.3684
2026-07-23,2405,73774.4,9123,2.19408e+07,2.20146e+07,4.16983
2026-07-24,2350,73774.4,9123,2.1439e+07,2.15128e+07,6.35403
2026-07-27,2350,73774.4,9123,2.1439e+07,2.15128e+07,6.35403
2026-07-28,2280,73774.4,9123,2.08004e+07,2.08742e+07,9.13392
2026-07-29,2200,73774.4,9123,2.00706e+07,2.01444e+07,12.3109
2026-07-30,2205,73774.4,9123,2.01162e+07,2.019e+07,12.1124
2026-07-31,2425,73774.4,9123,2.21233e+07,2.2197e+07,3.37558
2026-08-03,2370,73774.4,9123,2.16215e+07,2.16953e+07,5.55978
2026-08-04,2320,73774.4,9123,2.11654e+07,2.12391e+07,7.54541
2026-08-05,2405,73774.4,9123,2.19408e+07,2.20146e+07,4.16983
2026-08-06,2365,73774.4,9123,2.15759e+07,2.16497e+07,5.75834
2026-08-07,2370,73774.4,9123,2.16215e+07,2.16953e+07,5.55978
2026-08-10,2380,73774.4,9123,2.17127e+07,2.17865e+07,5.16265
2026-08-11,2395,73774.4,9123,2.18496e+07,2.19234e+07,4.56696
2026-08-12,2415,73774.4,9123,2.2032e+07,2.21058e+07,3.77271
2026-08-13,2435,73774.4,9123,2.22145e+07,2.22883e+07,2.97845
2026-08-14,2395,73774.4,9123,2.18496e+07,2.19234e+07,4.56696
2026-08-17,2400,73774.4,9123,2.18952e+07,2.1969e+07,4.3684
2026-08-18,2380,73774.4,9123,2.17127e+07,2.17865e+07,5.16265
2026-08-19,2350,73774.4,9123,2.1439e+07,2.15128e+07,6.35403
2026-08-20,2375,73774.4,9123,2.16671e+07,2.17409e+07,5.36121
2026-08-21,2410,73774.4,9123,2.19864e+07,2.20602e+07,3.97127
2026-08-24,2375,73774.4,9123,2.16671e+07,2.17409e+07,5.36121
2026-08-25,2400,73774.4,9123,2.18952e+07,2.1969e+07,4.3684
2026-08-26,2415,73774.4,9123,2.2032e+07,2.21058e+07,3.77271
2026-08-27,2410,73774.4,9123,2.19864e+07,2.20602e+07,3.97127
2026-08-28,2420,73774.4,9123,2.20777e+07,2.21514e+07,3.57414
2026-08-31,2405,73774.4,9123,2.19408e+07,2.20146e+07,4.16983
2026-09-01,2440,73774.4,9123,2.22601e+07,2.23339e+07,2.77989
2026-09-02,2385,73774.4,9123,2.17584e+07,2.18321e+07,4.96409
2026-09-03,2390,73774.4,9123,2.1804e+07,2.18777e+07,4.76552
2026-09-04,2410,73774.4,9123,2.19864e+07,2.20602e+07,3.97127
2026-09-07,2460,73774.4,9123,2.24426e+07,2.25164e+07,1.98563
2026-09-08,2470,73774.4,9123,2.25338e+07,2.26076e+07,1.58851
2026-09-09,2465,73774.4,9123,2.24882e+07,2.2562e+07,1.78707
2026-09-10,2450,73774.4,9123,2.23514e+07,2.24251e+07,2.38276
2026-09-11,2410,73774.4,9123,2.19864e+07,2.20602e+07,3.97127
