Date,Close,Cash,Position,StockValue,TotalEquity,DrawdownPct
2016-09-12,137.628,1.5e+06,0,0,1.5e+06,0
2016-09-13,137.628,1.5e+06,0,0,1.5e+06,0
2016-09-14,136.452,1.48633e+06,100,13645.2,1.49998e+06,0.00133333
2016-09-19,143.51,1.50062e+06,0,0,1.50062e+06,0
2016-09-20,143.902,1.50062e+06,0,0,1.50062e+06,0
2016-09-21,144.294,1.50062e+06,0,0,1.50062e+06,0
2016-09-22,145.078,1.50062e+06,0,0,1.50062e+06,0
2016-09-23,146.647,1.50062e+06,0,0,1.50062e+06,0
2016-09-26,143.902,1.48621e+06,100,14390.2,1.5006e+06,0.00133278
2016-09-27,143.902,1.48621e+06,100,14390.2,1.5006e+06,0.00133278
2016-09-28,143.902,1.48621e+06,100,14390.2,1.5006e+06,0.00133278
2016-09-29,146.647,1.50081e+06,0,0,1.50081e+06,0
2016-09-30,144.294,1.48636e+06,100,14429.4,1.50079e+06,0.00133261
2016-10-03,145.862,1.50089e+06,0,0,1.50089e+06,0
2016-10-04,146.647,1.50089e+06,0,0,1.50089e+06,0
2016-10-05,145.862,1.48628e+06,100,14586.2,1.50087e+06,0.00133254
2016-10-06,147.039,1.50092e+06,0,0,1.50092e+06,0
2016-10-07,147.431,1.50092e+06,0,0,1.50092e+06,0
2016-10-11,147.039,1.4862e+06,100,14703.9,1.5009e+06,0.00133251
2016-10-12,148.607,1.50099e+06,0,0,1.50099e+06,0
2016-10-13,147.823,1.48619e+06,100,14782.3,1.50097e+06,0.00139907
2016-10-14,147.431,1.47143e+06,200,29486.1,1.50091e+06,0.00541076
2016-10-17,146.254,1.45678e+06,300,43876.3,1.50066e+06,0.0224166
2016-10-18,146.647,1.50058e+06,0,0,1.50058e+06,0.0274379
2016-10-19,148.607,1.50058e+06,0,0,1.50058e+06,0.0274379
2016-10-20,149.391,1.50058e+06,0,0,1.50058e+06,0.0274379
2016-10-21,147.823,1.48578e+06,100,14782.3,1.50056e+06,0.0288369
2016-10-24,149.783,1.50069e+06,0,0,1.50069e+06,0.0201061
2016-10-25,151.352,1.50069e+06,0,0,1.50069e+06,0.0201061
2016-10-26,150.175,1.48565e+06,100,15017.5,1.50067e+06,0.0215052
2016-10-27,147.823,1.47085e+06,200,29564.6,1.50041e+06,0.0385778
2016-10-28,148.607,1.50044e+06,0,0,1.50044e+06,0.0368566
2016-10-31,147.823,1.48564e+06,100,14782.3,1.50042e+06,0.0382557
2016-11-01,148.607,1.50043e+06,0,0,1.50043e+06,0.0373617
2016-11-02,145.862,1.48583e+06,100,14586.2,1.50041e+06,0.0386942
2016-11-03,144.686,1.47134e+06,200,28937.2,1.50028e+06,0.0478633
2016-11-04,144.686,1.47134e+06,200,28937.2,1.50028e+06,0.0478633
2016-11-07,148.215,1.50085e+06,0,0,1.50085e+06,0.00950402
2016-11-08,147.823,1.48605e+06,100,14782.3,1.50083e+06,0.0109031
2016-11-09,142.726,1.47176e+06,200,28545.1,1.5003e+06,0.0461954
2016-11-10,145.47,1.50072e+06,0,0,1.50072e+06,0.0181508
2016-11-11,142.333,1.48647e+06,100,14233.3,1.5007e+06,0.0194833
2016-11-14,141.549,1.47229e+06,200,28309.8,1.5006e+06,0.0260401
2016-11-15,141.157,1.45816e+06,300,42347.1,1.5005e+06,0.0325976
2016-11-16,141.157,1.45816e+06,300,42347.1,1.5005e+06,0.0325976
2016-11-17,142.333,1.50067e+06,0,0,1.50067e+06,0.0216119
2016-11-18,141.941,1.48646e+06,100,14194.1,1.50065e+06,0.0229443
2016-11-21,141.941,1.48646e+06,100,14194.1,1.50065e+06,0.0229443
2016-11-22,144.294,1.50082e+06,0,0,1.50082e+06,0.0114679
2016-11-23,145.47,1.50082e+06,0,0,1.50082e+06,0.0114679
2016-11-24,143.51,1.48645e+06,100,14351,1.5008e+06,0.0128004
2016-11-25,142.726,1.47216e+06,200,28545.1,1.5007e+06,0.0193574
2016-11-28,144.294,1.50089e+06,0,0,1.50089e+06,0.0069204
2016-11-29,142.726,1.4866e+06,100,14272.6,1.50087e+06,0.00825285
2016-11-30,143.51,1.50089e+06,0,0,1.50089e+06,0.00722556
2016-12-01,143.51,1.50089e+06,0,0,1.50089e+06,0.00722556
2016-12-02,139.589,1.48691e+06,100,13958.9,1.50087e+06,0.00855801
2016-12-05,140.373,1.50088e+06,0,0,1.50088e+06,0.0074641
2016-12-06,142.726,1.50088e+06,0,0,1.50088e+06,0.0074641
2016-12-07,142.333,1.48663e+06,100,14233.3,1.50086e+06,0.00879655
2016-12-08,145.47,1.50111e+06,0,0,1.50111e+06,0
2016-12-09,145.862,1.50111e+06,0,0,1.50111e+06,0
2016-12-12,145.078,1.48658e+06,100,14507.8,1.50109e+06,0.00133235
2016-12-13,145.862,1.50111e+06,0,0,1.50111e+06,0.000304836
2016-12-14,147.039,1.50111e+06,0,0,1.50111e+06,0.000304836
2016-12-15,146.647,1.48642e+06,100,14664.7,1.50109e+06,0.00163718
2016-12-16,145.078,1.4719e+06,200,29015.6,1.50091e+06,0.0134181
2016-12-19,143.118,1.45756e+06,300,42935.3,1.5005e+06,0.0408708
2016-12-20,143.118,1.45756e+06,300,42935.3,1.5005e+06,0.0408708
2016-12-21,141.157,1.44343e+06,400,56462.8,1.49989e+06,0.0813846
2016-12-22,140.373,1.42937e+06,500,70186.4,1.49956e+06,0.103613
2016-12-23,139.981,1.41535e+06,600,83988.5,1.49934e+06,0.118005
2016-12-26,140.765,1.49944e+06,0,0,1.49944e+06,0.11151
2016-12-27,141.157,1.49944e+06,0,0,1.49944e+06,0.11151
2016-12-28,142.726,1.49944e+06,0,0,1.49944e+06,0.11151
2016-12-29,141.157,1.4853e+06,100,14115.7,1.49942e+06,0.112842
2016-12-30,142.333,1.49947e+06,0,0,1.49947e+06,0.109136
2017-01-03,143.51,1.49947e+06,0,0,1.49947e+06,0.109136
2017-01-04,143.51,1.49947e+06,0,0,1.49947e+06,0.109136
2017-01-05,143.902,1.49947e+06,0,0,1.49947e+06,0.109136
2017-01-06,144.294,1.49947e+06,0,0,1.49947e+06,0.109136
2017-01-09,144.294,1.49947e+06,0,0,1.49947e+06,0.109136
2017-01-10,144.294,1.49947e+06,0,0,1.49947e+06,0.109136
2017-01-11,142.726,1.48518e+06,100,14272.6,1.49945e+06,0.110468
2017-01-12,144.686,1.49959e+06,0,0,1.49959e+06,0.101605
2017-01-13,142.333,1.48533e+06,100,14233.3,1.49957e+06,0.102937
2017-01-16,140.765,1.47124e+06,200,28153,1.49939e+06,0.114718
2017-01-17,141.941,1.4995e+06,0,0,1.4995e+06,0.107372
2017-01-18,141.941,1.4995e+06,0,0,1.4995e+06,0.107372
2017-01-19,141.549,1.48533e+06,100,14154.9,1.49948e+06,0.108705
2017-01-20,141.941,1.49946e+06,0,0,1.49946e+06,0.110223
2017-01-23,145.078,1.49946e+06,0,0,1.49946e+06,0.110223
2017-01-24,145.47,1.49946e+06,0,0,1.49946e+06,0.110223
2017-02-02,144.686,1.48497e+06,100,14468.6,1.49944e+06,0.111555
2017-02-03,144.686,1.48497e+06,100,14468.6,1.49944e+06,0.111555
2017-02-06,144.686,1.48497e+06,100,14468.6,1.49944e+06,0.111555
2017-02-07,144.686,1.48497e+06,100,14468.6,1.49944e+06,0.111555
2017-02-08,143.902,1.47056e+06,200,28780.4,1.49934e+06,0.118112
2017-02-09,144.294,1.49929e+06,0,0,1.49929e+06,0.121348
2017-02-10,145.47,1.49929e+06,0,0,1.49929e+06,0.121348
2017-02-13,147.039,1.49929e+06,0,0,1.49929e+06,0.121348
2017-02-14,147.039,1.49929e+06,0,0,1.49929e+06,0.121348
2017-02-15,148.215,1.49929e+06,0,0,1.49929e+06,0.121348
2017-02-16,148.215,1.49929e+06,0,0,1.49929e+06,0.121348
2017-02-17,148.607,1.49929e+06,0,0,1.49929e+06,0.121348
2017-02-20,148.999,1.49929e+06,0,0,1.49929e+06,0.121348
2017-02-21,148.999,1.49929e+06,0,0,1.49929e+06,0.121348
2017-02-22,147.823,1.48449e+06,100,14782.3,1.49927e+06,0.122747
2017-02-23,147.823,1.48449e+06,100,14782.3,1.49927e+06,0.122747
2017-02-24,148.215,1.49924e+06,0,0,1.49924e+06,0.124466
2017-03-01,145.862,1.48464e+06,100,14586.2,1.49922e+06,0.125798
2017-03-02,145.862,1.48464e+06,100,14586.2,1.49922e+06,0.125798
2017-03-03,144.294,1.47019e+06,200,28858.8,1.49905e+06,0.137579
2017-03-06,143.902,1.45578e+06,300,43170.5,1.49895e+06,0.144135
2017-03-07,145.47,1.49923e+06,0,0,1.49923e+06,0.12558
2017-03-08,146.647,1.49923e+06,0,0,1.49923e+06,0.12558
2017-03-09,144.686,1.48474e+06,100,14468.6,1.49921e+06,0.126912
2017-03-10,143.902,1.47033e+06,200,28780.4,1.49911e+06,0.133469
2017-03-13,146.254,1.49945e+06,0,0,1.49945e+06,0.110651
2017-03-14,145.862,1.48485e+06,100,14586.2,1.49943e+06,0.111983
2017-03-15,146.254,1.49941e+06,0,0,1.49941e+06,0.113568
2017-03-16,148.999,1.49941e+06,0,0,1.49941e+06,0.113568
2017-03-17,150.175,1.49941e+06,0,0,1.49941e+06,0.113568
2017-03-20,150.175,1.49941e+06,0,0,1.49941e+06,0.113568
2017-03-21,152.92,1.49941e+06,0,0,1.49941e+06,0.113568
2017-03-22,151.744,1.48421e+06,100,15174.4,1.49939e+06,0.114967
2017-03-23,151.744,1.48421e+06,100,15174.4,1.49939e+06,0.114967
2017-03-24,150.96,1.4691e+06,200,30191.9,1.49929e+06,0.12159
2017-03-27,151.352,1.49923e+06,0,0,1.49923e+06,0.125227
2017-03-28,152.528,1.49923e+06,0,0,1.49923e+06,0.125227
2017-03-29,150.175,1.48419e+06,100,15017.5,1.49921e+06,0.126626
2017-03-30,150.175,1.48419e+06,100,15017.5,1.49921e+06,0.126626
2017-03-31,148.215,1.46935e+06,200,29643,1.49899e+06,0.141085
2017-04-05,151.352,1.49949e+06,0,0,1.49949e+06,0.108152
2017-04-06,150.175,1.48445e+06,100,15017.5,1.49947e+06,0.109551
2017-04-07,149.783,1.46945e+06,200,29956.7,1.49941e+06,0.113562
2017-04-10,148.999,1.45453e+06,300,44699.7,1.49923e+06,0.125409
2017-04-11,149.783,1.49927e+06,0,0,1.49927e+06,0.122927
2017-04-12,149.783,1.49927e+06,0,0,1.49927e+06,0.122927
2017-04-13,150.175,1.49927e+06,0,0,1.49927e+06,0.122927
2017-04-14,148.215,1.48442e+06,100,14821.5,1.49925e+06,0.124326
2017-04-17,147.039,1.4697e+06,200,29407.7,1.49911e+06,0.133494
2017-04-18,147.431,1.49906e+06,0,0,1.49906e+06,0.13693
2017-04-19,146.254,1.48441e+06,100,14625.4,1.49904e+06,0.138263
2017-04-20,146.647,1.49901e+06,0,0,1.49901e+06,0.139848
2017-04-21,148.999,1.49901e+06,0,0,1.49901e+06,0.139848
2017-04-24,148.999,1.49901e+06,0,0,1.49901e+06,0.139848
2017-04-25,150.568,1.49901e+06,0,0,1.49901e+06,0.139848
2017-04-26,149.783,1.48401e+06,100,14978.3,1.49899e+06,0.141247
2017-04-27,151.352,1.49908e+06,0,0,1.49908e+06,0.135195
2017-04-28,152.528,1.49908e+06,0,0,1.49908e+06,0.135195
2017-05-02,154.096,1.49908e+06,0,0,1.49908e+06,0.135195
2017-05-03,155.273,1.49908e+06,0,0,1.49908e+06,0.135195
2017-05-04,155.273,1.49908e+06,0,0,1.49908e+06,0.135195
2017-05-05,154.881,1.48357e+06,100,15488.1,1.49906e+06,0.136661
2017-05-08,158.802,1.49938e+06,0,0,1.49938e+06,0.115137
2017-05-09,159.586,1.49938e+06,0,0,1.49938e+06,0.115137
2017-05-10,161.154,1.49938e+06,0,0,1.49938e+06,0.115137
2017-05-11,162.723,1.49938e+06,0,0,1.49938e+06,0.115137
2017-05-12,161.546,1.48321e+06,100,16154.6,1.49936e+06,0.116669
2017-05-15,161.546,1.48321e+06,100,16154.6,1.49936e+06,0.116669
2017-05-16,160.37,1.46715e+06,200,32074,1.49922e+06,0.125971
2017-05-17,159.978,1.45113e+06,300,47993.4,1.49912e+06,0.132661
2017-05-18,159.586,1.43515e+06,400,63834.4,1.49898e+06,0.141963
2017-05-19,159.194,1.41921e+06,500,79596.9,1.4988e+06,0.153876
2017-05-22,160.762,1.49923e+06,0,0,1.49923e+06,0.125284
2017-05-23,160.762,1.49923e+06,0,0,1.49923e+06,0.125284
2017-05-24,161.154,1.49923e+06,0,0,1.49923e+06,0.125284
2017-05-25,162.331,1.49923e+06,0,0,1.49923e+06,0.125284
2017-05-26,162.331,1.49923e+06,0,0,1.49923e+06,0.125284
2017-05-31,159.194,1.48329e+06,100,15919.4,1.49921e+06,0.12675
2017-06-01,162.331,1.49945e+06,0,0,1.49945e+06,0.110583
2017-06-02,163.899,1.49945e+06,0,0,1.49945e+06,0.110583
2017-06-05,166.252,1.49945e+06,0,0,1.49945e+06,0.110583
2017-06-06,165.075,1.48292e+06,100,16507.5,1.49943e+06,0.112115
2017-06-07,165.86,1.49944e+06,0,0,1.49944e+06,0.111687
2017-06-08,167.036,1.49944e+06,0,0,1.49944e+06,0.111687
2017-06-09,166.252,1.48279e+06,100,16625.2,1.49941e+06,0.113219
2017-06-12,162.723,1.46649e+06,200,32544.6,1.49904e+06,0.13826
2017-06-13,163.115,1.49897e+06,0,0,1.49897e+06,0.142562
2017-06-14,162.331,1.48272e+06,100,16233.1,1.49895e+06,0.144094
2017-06-15,163.115,1.49896e+06,0,0,1.49896e+06,0.1436
2017-06-16,165.86,1.49896e+06,0,0,1.49896e+06,0.1436
2017-06-19,167.036,1.49896e+06,0,0,1.49896e+06,0.1436
2017-06-20,169.781,1.49896e+06,0,0,1.49896e+06,0.1436
2017-06-21,168.996,1.48203e+06,100,16899.6,1.49893e+06,0.145199
2017-06-22,170.957,1.49905e+06,0,0,1.49905e+06,0.137135
2017-06-23,170.173,1.48201e+06,100,17017.3,1.49903e+06,0.138734
2017-06-26,174.224,1.49936e+06,0,0,1.49936e+06,0.116805
2017-06-27,171.388,1.4822e+06,100,17138.8,1.49933e+06,0.118404
2017-06-28,168.957,1.46528e+06,200,33791.4,1.49907e+06,0.136197
2017-06-29,170.173,1.49916e+06,0,0,1.49916e+06,0.129995
2017-06-30,168.957,1.48224e+06,100,16895.7,1.49914e+06,0.131594
2017-07-03,169.362,1.4991e+06,0,0,1.4991e+06,0.133825
2017-07-04,167.742,1.48231e+06,100,16774.2,1.49908e+06,0.135357
2017-07-05,168.957,1.49913e+06,0,0,1.49913e+06,0.132189
2017-07-06,168.147,1.48229e+06,100,16814.7,1.4991e+06,0.133721
2017-07-07,166.931,1.46557e+06,200,33386.3,1.49896e+06,0.143351
2017-07-10,166.931,1.46557e+06,200,33386.3,1.49896e+06,0.143351
2017-07-11,171.793,1.49978e+06,0,0,1.49978e+06,0.0886314
2017-07-12,170.578,1.4827e+06,100,17057.8,1.49976e+06,0.0902302
2017-07-13,173.819,1.50001e+06,0,0,1.50001e+06,0.0736999
2017-07-14,172.604,1.48272e+06,100,17260.4,1.49998e+06,0.0752987
2017-07-17,172.604,1.48272e+06,100,17260.4,1.49998e+06,0.0752987
2017-07-18,173.414,1.49999e+06,0,0,1.49999e+06,0.0749633
2017-07-19,173.819,1.49999e+06,0,0,1.49999e+06,0.0749633
2017-07-20,174.63,1.49999e+06,0,0,1.49999e+06,0.0749633
2017-07-21,173.414,1.48262e+06,100,17341.4,1.49996e+06,0.0765621
2017-07-24,173.819,1.49993e+06,0,0,1.49993e+06,0.0789259
2017-07-25,173.414,1.48256e+06,100,17341.4,1.4999e+06,0.0805247
2017-07-26,172.604,1.46528e+06,200,34520.7,1.4998e+06,0.0875219
2017-07-27,174.63,1.50005e+06,0,0,1.50005e+06,0.0707224
2017-07-28,172.604,1.48277e+06,100,17260.4,1.50003e+06,0.0723212
2017-07-31,173.819,1.50007e+06,0,0,1.50007e+06,0.0692867
2017-08-01,171.793,1.48287e+06,100,17179.3,1.50005e+06,0.0708855
2017-08-02,175.035,1.5003e+06,0,0,1.5003e+06,0.054355
2017-08-03,173.009,1.48297e+06,100,17300.9,1.50027e+06,0.0559539
2017-08-04,172.604,1.46569e+06,200,34520.7,1.50021e+06,0.0602517
2017-08-07,175.035,1.50054e+06,0,0,1.50054e+06,0.0381208
2017-08-08,176.25,1.50054e+06,0,0,1.50054e+06,0.0381208
2017-08-09,173.819,1.48313e+06,100,17381.9,1.50052e+06,0.0397196
2017-08-10,173.414,1.46577e+06,200,34682.8,1.50045e+06,0.0440176
2017-08-11,172.199,1.44852e+06,300,51659.6,1.50018e+06,0.0618114
2017-08-14,170.983,1.4314e+06,400,68393.2,1.4998e+06,0.0877016
2017-08-15,173.414,1.50046e+06,0,0,1.50046e+06,0.0433079
2017-08-16,172.604,1.48318e+06,100,17260.4,1.50044e+06,0.0449067
2017-08-17,173.414,1.50044e+06,0,0,1.50044e+06,0.0445713
2017-08-18,172.199,1.4832e+06,100,17219.9,1.50042e+06,0.0461701
2017-08-21,171.388,1.46604e+06,200,34277.6,1.50031e+06,0.053167
2017-08-22,173.819,1.50065e+06,0,0,1.50065e+06,0.03097
2017-08-23,174.63,1.50065e+06,0,0,1.50065e+06,0.03097
2017-08-24,175.845,1.50065e+06,0,0,1.50065e+06,0.03097
2017-08-25,176.25,1.50065e+06,0,0,1.50065e+06,0.03097
2017-08-28,175.035,1.48312e+06,100,17503.5,1.50062e+06,0.0325688
2017-08-29,175.035,1.48312e+06,100,17503.5,1.50062e+06,0.0325688
2017-08-30,176.25,1.50067e+06,0,0,1.50067e+06,0.0296009
2017-08-31,175.44,1.4831e+06,100,17544,1.50064e+06,0.0312663
2017-09-01,175.44,1.4831e+06,100,17544,1.50064e+06,0.0312663
2017-09-04,176.25,1.50065e+06,0,0,1.50065e+06,0.0309975
2017-09-05,176.655,1.50065e+06,0,0,1.50065e+06,0.0309975
2017-09-06,175.845,1.48304e+06,100,17584.5,1.50062e+06,0.0326629
2017-09-07,175.845,1.48304e+06,100,17584.5,1.50062e+06,0.0326629
2017-09-08,176.655,1.50063e+06,0,0,1.50063e+06,0.0323941
2017-09-11,175.845,1.48302e+06,100,17584.5,1.5006e+06,0.0340595
2017-09-12,177.466,1.50069e+06,0,0,1.50069e+06,0.0284588
2017-09-13,176.655,1.48299e+06,100,17665.5,1.50066e+06,0.0301242
2017-09-14,177.061,1.50062e+06,0,0,1.50062e+06,0.0326211
2017-09-15,177.061,1.50062e+06,0,0,1.50062e+06,0.0326211
2017-09-18,177.871,1.50062e+06,0,0,1.50062e+06,0.0326211
2017-09-19,179.492,1.50062e+06,0,0,1.50062e+06,0.0326211
2017-09-20,179.492,1.50062e+06,0,0,1.50062e+06,0.0326211
2017-09-21,179.087,1.48269e+06,100,17908.7,1.5006e+06,0.0342865
2017-09-22,177.061,1.46496e+06,200,35412.1,1.50037e+06,0.0494476
2017-09-25,175.845,1.44735e+06,300,52753.5,1.5001e+06,0.0673085
2017-09-26,173.414,1.42998e+06,400,69365.6,1.49935e+06,0.117491
2017-09-27,174.224,1.49936e+06,0,0,1.49936e+06,0.116415
2017-09-28,173.414,1.482e+06,100,17341.4,1.49934e+06,0.118014
2017-09-29,175.44,1.49947e+06,0,0,1.49947e+06,0.109648
2017-10-02,178.681,1.49947e+06,0,0,1.49947e+06,0.109648
2017-10-03,180.302,1.49947e+06,0,0,1.49947e+06,0.109648
2017-10-05,181.923,1.49947e+06,0,0,1.49947e+06,0.109648
2017-10-06,181.923,1.49947e+06,0,0,1.49947e+06,0.109648
2017-10-11,188.811,1.49947e+06,0,0,1.49947e+06,0.109648
2017-10-12,192.457,1.49947e+06,0,0,1.49947e+06,0.109648
2017-10-13,192.457,1.49947e+06,0,0,1.49947e+06,0.109648
2017-10-16,192.862,1.49947e+06,0,0,1.49947e+06,0.109648
2017-10-17,190.837,1.48036e+06,100,19083.7,1.49944e+06,0.111447
2017-10-18,192.457,1.49952e+06,0,0,1.49952e+06,0.106246
2017-10-19,193.673,1.49952e+06,0,0,1.49952e+06,0.106246
2017-10-20,192.457,1.48024e+06,100,19245.7,1.49949e+06,0.108044
2017-10-23,193.673,1.49953e+06,0,0,1.49953e+06,0.10561
2017-10-24,192.862,1.48021e+06,100,19286.2,1.4995e+06,0.107408
2017-10-25,192.862,1.48021e+06,100,19286.2,1.4995e+06,0.107408
2017-10-26,191.242,1.46106e+06,200,38248.3,1.49931e+06,0.120003
2017-10-27,193.673,1.49963e+06,0,0,1.49963e+06,0.0990056
2017-10-30,196.914,1.49963e+06,0,0,1.49963e+06,0.0990056
2017-10-31,196.914,1.49963e+06,0,0,1.49963e+06,0.0990056
2017-11-01,196.509,1.47995e+06,100,19650.9,1.4996e+06,0.100871
2017-11-02,195.293,1.46039e+06,200,39058.7,1.49945e+06,0.110767
2017-11-03,193.673,1.441e+06,300,58101.8,1.4991e+06,0.134159
2017-11-06,194.078,1.49896e+06,0,0,1.49896e+06,0.143115
2017-11-07,197.724,1.49896e+06,0,0,1.49896e+06,0.143115
2017-11-08,196.509,1.47929e+06,100,19650.9,1.49894e+06,0.14498
2017-11-09,195.293,1.45973e+06,200,39058.7,1.49879e+06,0.154876
2017-11-10,194.888,1.44021e+06,300,58466.5,1.49868e+06,0.162074
2017-11-13,194.078,1.42078e+06,400,77631.2,1.49841e+06,0.180067
2017-11-14,194.483,1.49823e+06,0,0,1.49823e+06,0.19212
2017-11-15,192.457,1.47896e+06,100,19245.7,1.4982e+06,0.193919
2017-11-16,192.862,1.49816e+06,0,0,1.49816e+06,0.196815
2017-11-17,195.699,1.49816e+06,0,0,1.49816e+06,0.196815
2017-11-20,193.268,1.4788e+06,100,19326.8,1.49813e+06,0.198614
2017-11-21,196.914,1.49841e+06,0,0,1.49841e+06,0.180117
2017-11-22,196.104,1.47877e+06,100,19610.4,1.49838e+06,0.181916
2017-11-23,196.509,1.49834e+06,0,0,1.49834e+06,0.184946
2017-11-24,197.724,1.49834e+06,0,0,1.49834e+06,0.184946
2017-11-27,192.052,1.4791e+06,100,19205.2,1.49831e+06,0.186745
2017-11-28,189.621,1.46011e+06,200,37924.2,1.49804e+06,0.204738
2017-11-29,190.026,1.49795e+06,0,0,1.49795e+06,0.210532
2017-11-30,183.138,1.47961e+06,100,18313.8,1.49793e+06,0.212264
2017-12-01,187.19,1.49825e+06,0,0,1.49825e+06,0.190735
2017-12-04,189.621,1.49825e+06,0,0,1.49825e+06,0.190735
2017-12-05,185.974,1.47963e+06,100,18597.4,1.49822e+06,0.192467
2017-12-06,183.949,1.4612e+06,200,36789.7,1.49799e+06,0.207695
2017-12-07,183.543,1.44282e+06,300,55063,1.49789e+06,0.214825
2017-12-08,183.949,1.49777e+06,0,0,1.49777e+06,0.222916
2017-12-11,184.354,1.49777e+06,0,0,1.49777e+06,0.222916
2017-12-12,184.354,1.49777e+06,0,0,1.49777e+06,0.222916
2017-12-13,183.949,1.47935e+06,100,18394.9,1.49774e+06,0.224648
2017-12-14,186.785,1.49794e+06,0,0,1.49794e+06,0.211216
2017-12-15,186.38,1.47928e+06,100,18638,1.49792e+06,0.212948
2017-12-18,183.949,1.46086e+06,200,36789.7,1.49765e+06,0.230876
2017-12-19,182.328,1.4426e+06,300,54698.4,1.4973e+06,0.254134
2017-12-20,181.923,1.42438e+06,400,72769.1,1.49715e+06,0.263896
2017-12-21,182.328,1.49699e+06,0,0,1.49699e+06,0.274485
2017-12-22,184.354,1.49699e+06,0,0,1.49699e+06,0.274485
2017-12-25,185.164,1.49699e+06,0,0,1.49699e+06,0.274485
2017-12-26,183.138,1.47865e+06,100,18313.8,1.49697e+06,0.276217
2017-12-27,182.328,1.46039e+06,200,36465.6,1.49686e+06,0.283281
2017-12-28,183.138,1.49686e+06,0,0,1.49686e+06,0.283209
2017-12-29,185.974,1.49686e+06,0,0,1.49686e+06,0.283209
2018-01-02,188.405,1.49686e+06,0,0,1.49686e+06,0.283209
2018-01-03,192.052,1.49686e+06,0,0,1.49686e+06,0.283209
2018-01-04,194.078,1.49686e+06,0,0,1.49686e+06,0.283209
2018-01-05,194.483,1.49686e+06,0,0,1.49686e+06,0.283209
2018-01-08,196.104,1.49686e+06,0,0,1.49686e+06,0.283209
2018-01-09,196.104,1.49686e+06,0,0,1.49686e+06,0.283209
2018-01-10,191.647,1.47767e+06,100,19164.7,1.49683e+06,0.285008
2018-01-11,190.431,1.4586e+06,200,38086.3,1.49669e+06,0.294903
2018-01-12,192.052,1.49684e+06,0,0,1.49684e+06,0.284568
2018-01-15,194.483,1.49684e+06,0,0,1.49684e+06,0.284568
2018-01-16,194.888,1.49684e+06,0,0,1.49684e+06,0.284568
2018-01-17,196.104,1.49684e+06,0,0,1.49684e+06,0.284568
2018-01-18,201.371,1.49684e+06,0,0,1.49684e+06,0.284568
2018-01-19,207.043,1.49684e+06,0,0,1.49684e+06,0.284568
2018-01-22,211.905,1.49684e+06,0,0,1.49684e+06,0.284568
2018-01-23,215.552,1.49684e+06,0,0,1.49684e+06,0.284568
2018-01-24,209.069,1.4759e+06,100,20906.9,1.49681e+06,0.2865
2018-01-25,209.069,1.4759e+06,100,20906.9,1.49681e+06,0.2865
2018-01-26,206.638,1.45521e+06,200,41327.6,1.49654e+06,0.304627
2018-01-29,209.474,1.49692e+06,0,0,1.49692e+06,0.279096
2018-01-30,205.018,1.47639e+06,100,20501.8,1.49689e+06,0.281028
2018-01-31,206.638,1.49697e+06,0,0,1.49697e+06,0.276227
2018-02-01,210.285,1.49697e+06,0,0,1.49697e+06,0.276227
2018-02-02,210.285,1.49697e+06,0,0,1.49697e+06,0.276227
2018-02-05,205.018,1.47643e+06,100,20501.8,1.49694e+06,0.278159
2018-02-06,193.673,1.45704e+06,200,38734.5,1.49578e+06,0.355534
2018-02-07,194.483,1.49577e+06,0,0,1.49577e+06,0.356129
2018-02-08,193.268,1.47641e+06,100,19326.8,1.49574e+06,0.357927
2018-02-09,188.405,1.45755e+06,200,37681.1,1.49523e+06,0.392049
2018-02-12,191.647,1.49571e+06,0,0,1.49571e+06,0.360055
2018-02-21,196.509,1.49571e+06,0,0,1.49571e+06,0.360055
2018-02-22,194.078,1.47627e+06,100,19407.8,1.49568e+06,0.361854
2018-02-23,198.535,1.49604e+06,0,0,1.49604e+06,0.337959
2018-02-26,199.75,1.49604e+06,0,0,1.49604e+06,0.337959
2018-02-27,199.345,1.47608e+06,100,19934.5,1.49601e+06,0.339824
2018-03-01,196.914,1.45636e+06,200,39382.8,1.49574e+06,0.357884
2018-03-02,194.483,1.43688e+06,300,58344.9,1.49523e+06,0.392072
2018-03-05,195.699,1.49533e+06,0,0,1.49533e+06,0.385035
2018-03-06,202.587,1.49533e+06,0,0,1.49533e+06,0.385035
2018-03-07,200.156,1.47529e+06,100,20015.6,1.4953e+06,0.3869
2018-03-08,202.181,1.49542e+06,0,0,1.49542e+06,0.379267
2018-03-09,202.992,1.49542e+06,0,0,1.49542e+06,0.379267
2018-03-12,205.828,1.49542e+06,0,0,1.49542e+06,0.379267
2018-03-13,209.88,1.49542e+06,0,0,1.49542e+06,0.379267
2018-03-14,208.259,1.47456e+06,100,20825.9,1.49539e+06,0.381199
2018-03-15,206.638,1.45387e+06,200,41327.6,1.4952e+06,0.393928
2018-03-16,206.638,1.45387e+06,200,41327.6,1.4952e+06,0.393928
2018-03-19,206.638,1.45387e+06,200,41327.6,1.4952e+06,0.393928
2018-03-20,205.018,1.43334e+06,300,61505.3,1.49485e+06,0.417453
2018-03-21,204.612,1.41285e+06,400,81844.9,1.4947e+06,0.427483
2018-03-22,203.802,1.39244e+06,500,101901,1.49434e+06,0.451007
2018-03-23,198.535,1.37256e+06,600,119121,1.49168e+06,0.628316
2018-03-26,197.319,1.3528e+06,700,138124,1.49092e+06,0.678766
2018-03-27,203.397,1.49455e+06,0,0,1.49455e+06,0.437259
2018-03-28,198.535,1.47467e+06,100,19853.5,1.49452e+06,0.439125
2018-03-29,197.724,1.45487e+06,200,39544.9,1.49441e+06,0.446388
2018-03-30,199.345,1.49456e+06,0,0,1.49456e+06,0.436453
2018-04-02,199.75,1.49456e+06,0,0,1.49456e+06,0.436453
2018-04-03,197.724,1.47476e+06,100,19772.4,1.49453e+06,0.438319
2018-04-09,198.535,1.49453e+06,0,0,1.49453e+06,0.438716
2018-04-10,198.94,1.49453e+06,0,0,1.49453e+06,0.438716
2018-04-11,200.966,1.49453e+06,0,0,1.49453e+06,0.438716
2018-04-12,198.535,1.47465e+06,100,19853.5,1.4945e+06,0.440581
2018-04-13,198.13,1.4548e+06,200,39625.9,1.49443e+06,0.445146
2018-04-16,197.319,1.43504e+06,300,59195.8,1.49424e+06,0.457807
2018-04-17,192.862,1.41573e+06,400,77145,1.49288e+06,0.548678
2018-04-18,192.862,1.41573e+06,400,77145,1.49288e+06,0.548678
2018-04-19,198.13,1.49463e+06,0,0,1.49463e+06,0.431572
2018-04-20,185.569,1.47605e+06,100,18556.9,1.49461e+06,0.433304
2018-04-23,183.543,1.45767e+06,200,36708.7,1.49438e+06,0.448532
2018-04-24,183.949,1.4943e+06,0,0,1.4943e+06,0.453926
2018-04-25,182.328,1.47604e+06,100,18232.8,1.49427e+06,0.455591
2018-04-26,179.897,1.45803e+06,200,35979.4,1.49401e+06,0.473452
2018-04-27,181.112,1.49409e+06,0,0,1.49409e+06,0.467849
2018-04-30,183.949,1.49409e+06,0,0,1.49409e+06,0.467849
2018-05-02,180.707,1.47599e+06,100,18070.7,1.49406e+06,0.469514
2018-05-03,178.681,1.4581e+06,200,35736.3,1.49384e+06,0.484675
2018-05-04,180.707,1.49408e+06,0,0,1.49408e+06,0.468277
2018-05-07,181.112,1.49408e+06,0,0,1.49408e+06,0.468277
2018-05-08,184.759,1.49408e+06,0,0,1.49408e+06,0.468277
2018-05-09,185.974,1.49408e+06,0,0,1.49408e+06,0.468277
2018-05-10,185.974,1.49408e+06,0,0,1.49408e+06,0.468277
2018-05-11,188.811,1.49408e+06,0,0,1.49408e+06,0.468277
2018-05-14,188.811,1.49408e+06,0,0,1.49408e+06,0.468277
2018-05-15,186.785,1.47538e+06,100,18678.5,1.49406e+06,0.470009
2018-05-16,186.785,1.47538e+06,100,18678.5,1.49406e+06,0.470009
2018-05-17,183.543,1.457e+06,200,36708.7,1.49371e+06,0.493334
2018-05-18,181.112,1.43886e+06,300,54333.7,1.4932e+06,0.527389
2018-05-21,185.569,1.49429e+06,0,0,1.49429e+06,0.454704
2018-05-22,185.569,1.49429e+06,0,0,1.49429e+06,0.454704
2018-05-23,185.164,1.47574e+06,100,18516.4,1.49426e+06,0.456437
2018-05-24,185.569,1.49422e+06,0,0,1.49422e+06,0.459133
2018-05-25,185.164,1.47568e+06,100,18516.4,1.49419e+06,0.460865
2018-05-28,183.949,1.45726e+06,200,36789.7,1.49405e+06,0.470694
2018-05-29,182.328,1.439e+06,300,54698.4,1.4937e+06,0.493953
2018-05-30,179.087,1.42107e+06,400,71634.6,1.4927e+06,0.560398
2018-05-31,181.518,1.49335e+06,0,0,1.49335e+06,0.516936
2018-06-01,181.518,1.49335e+06,0,0,1.49335e+06,0.516936
2018-06-04,185.569,1.49335e+06,0,0,1.49335e+06,0.516936
2018-06-05,185.569,1.49335e+06,0,0,1.49335e+06,0.516936
2018-06-06,186.38,1.49335e+06,0,0,1.49335e+06,0.516936
2018-06-07,186.38,1.49335e+06,0,0,1.49335e+06,0.516936
2018-06-08,183.949,1.47493e+06,100,18394.9,1.49333e+06,0.518668
2018-06-11,183.138,1.45659e+06,200,36627.7,1.49322e+06,0.525798
2018-06-12,185.569,1.49354e+06,0,0,1.49354e+06,0.504267
2018-06-13,188,1.49354e+06,0,0,1.49354e+06,0.504267
2018-06-14,183.543,1.47516e+06,100,18354.3,1.49352e+06,0.505999
2018-06-15,187.19,1.4938e+06,0,0,1.4938e+06,0.487169
2018-06-19,182.328,1.47554e+06,100,18232.8,1.49377e+06,0.488834
2018-06-20,183.138,1.49378e+06,0,0,1.49378e+06,0.488765
2018-06-21,183.543,1.49378e+06,0,0,1.49378e+06,0.488765
2018-06-22,184.354,1.49378e+06,0,0,1.49378e+06,0.488765
2018-06-25,183.094,1.47544e+06,100,18309.4,1.49375e+06,0.490497
2018-06-26,180.154,1.4574e+06,200,36030.9,1.49343e+06,0.511745
2018-06-27,178.895,1.43949e+06,300,53668.4,1.49315e+06,0.530196
2018-06-28,178.055,1.42165e+06,400,71221.9,1.49288e+06,0.548647
2018-06-29,181.834,1.49407e+06,0,0,1.49407e+06,0.46932
2018-07-02,179.734,1.47607e+06,100,17973.4,1.49404e+06,0.470985
2018-07-03,180.154,1.49401e+06,0,0,1.49401e+06,0.47345
2018-07-04,181.414,1.49401e+06,0,0,1.49401e+06,0.47345
2018-07-05,180.154,1.47596e+06,100,18015.4,1.49398e+06,0.475115
2018-07-06,182.254,1.49411e+06,0,0,1.49411e+06,0.46639
2018-07-09,186.034,1.49411e+06,0,0,1.49411e+06,0.46639
2018-07-10,186.453,1.49411e+06,0,0,1.49411e+06,0.46639
2018-07-11,184.774,1.47561e+06,100,18477.4,1.49409e+06,0.468123
2018-07-12,185.194,1.49405e+06,0,0,1.49405e+06,0.470721
2018-07-13,188.553,1.49405e+06,0,0,1.49405e+06,0.470721
2018-07-16,187.713,1.47525e+06,100,18771.3,1.49402e+06,0.472453
2018-07-17,186.034,1.45662e+06,200,37206.7,1.49383e+06,0.485375
2018-07-18,187.293,1.49391e+06,0,0,1.49391e+06,0.479582
2018-07-19,188.553,1.49391e+06,0,0,1.49391e+06,0.479582
2018-07-20,199.472,1.49391e+06,0,0,1.49391e+06,0.479582
2018-07-23,202.411,1.49391e+06,0,0,1.49391e+06,0.479582
2018-07-24,202.411,1.49391e+06,0,0,1.49391e+06,0.479582
2018-07-25,201.991,1.47369e+06,100,20199.1,1.49389e+06,0.481447
2018-07-26,202.411,1.49384e+06,0,0,1.49384e+06,0.484512
2018-07-27,205.351,1.49384e+06,0,0,1.49384e+06,0.484512
2018-07-30,206.191,1.49384e+06,0,0,1.49384e+06,0.484512
2018-07-31,206.611,1.49384e+06,0,0,1.49384e+06,0.484512
2018-08-01,208.29,1.49384e+06,0,0,1.49384e+06,0.484512
2018-08-02,205.351,1.47328e+06,100,20535.1,1.49381e+06,0.486444
2018-08-03,207.45,1.49393e+06,0,0,1.49393e+06,0.478518
2018-08-06,206.191,1.47328e+06,100,20619.1,1.4939e+06,0.48045
2018-08-07,202.831,1.45297e+06,200,40566.2,1.49354e+06,0.504696
2018-08-08,207.87,1.49436e+06,0,0,1.49436e+06,0.449746
2018-08-09,207.45,1.47359e+06,100,20745,1.49433e+06,0.451678
2018-08-10,205.771,1.45298e+06,200,41154.1,1.49414e+06,0.4648
2018-08-13,201.991,1.43275e+06,300,60597.4,1.49335e+06,0.51702
2018-08-14,204.511,1.49384e+06,0,0,1.49384e+06,0.484718
2018-08-15,202.831,1.47352e+06,100,20283.1,1.49381e+06,0.486583
2018-08-16,200.731,1.45342e+06,200,40146.3,1.49357e+06,0.502436
2018-08-17,201.151,1.49348e+06,0,0,1.49348e+06,0.508632
2018-08-20,201.151,1.49348e+06,0,0,1.49348e+06,0.508632
2018-08-21,202.411,1.49348e+06,0,0,1.49348e+06,0.508632
2018-08-22,203.251,1.49348e+06,0,0,1.49348e+06,0.508632
2018-08-23,205.351,1.49348e+06,0,0,1.49348e+06,0.508632
2018-08-24,204.511,1.473e+06,100,20451.1,1.49345e+06,0.510564
2018-08-27,205.771,1.49348e+06,0,0,1.49348e+06,0.508168
2018-08-28,209.55,1.49348e+06,0,0,1.49348e+06,0.508168
2018-08-29,217.529,1.49348e+06,0,0,1.49348e+06,0.508168
2018-08-30,221.309,1.49348e+06,0,0,1.49348e+06,0.508168
2018-08-31,215.009,1.47195e+06,100,21500.9,1.49345e+06,0.510166
2018-09-03,215.849,1.49344e+06,0,0,1.49344e+06,0.510833
2018-09-04,216.269,1.49344e+06,0,0,1.49344e+06,0.510833
2018-09-05,221.728,1.49344e+06,0,0,1.49344e+06,0.510833
2018-09-06,219.209,1.47149e+06,100,21920.9,1.49341e+06,0.512898
2018-09-07,221.728,1.49357e+06,0,0,1.49357e+06,0.502575
2018-09-10,222.148,1.49357e+06,0,0,1.49357e+06,0.502575
2018-09-11,218.369,1.4717e+06,100,21836.9,1.49354e+06,0.50464
2018-09-12,218.789,1.49348e+06,0,0,1.49348e+06,0.508238
2018-09-13,214.17,1.47204e+06,100,21417,1.49345e+06,0.510236
2018-09-14,219.209,1.49386e+06,0,0,1.49386e+06,0.483061
2018-09-17,216.689,1.47216e+06,100,21668.9,1.49383e+06,0.48506
2018-09-18,213.75,1.45076e+06,200,42749.9,1.49351e+06,0.506641
2018-09-19,216.689,1.4939e+06,0,0,1.4939e+06,0.480199
2018-09-20,218.369,1.4939e+06,0,0,1.4939e+06,0.480199
2018-09-21,219.629,1.4939e+06,0,0,1.4939e+06,0.480199
2018-09-25,221.309,1.4939e+06,0,0,1.4939e+06,0.480199
2018-09-26,221.309,1.4939e+06,0,0,1.4939e+06,0.480199
2018-09-27,222.568,1.4939e+06,0,0,1.4939e+06,0.480199
2018-09-28,220.469,1.47183e+06,100,22046.9,1.49387e+06,0.482264
2018-10-01,220.889,1.49382e+06,0,0,1.49382e+06,0.485929
2018-10-02,216.269,1.47216e+06,100,21626.9,1.49379e+06,0.487927
2018-10-03,218.369,1.4939e+06,0,0,1.4939e+06,0.480335
2018-10-04,213.33,1.47254e+06,100,21333,1.49387e+06,0.482334
2018-10-05,209.97,1.45151e+06,200,41994,1.49351e+06,0.506645
2018-10-08,204.511,1.43103e+06,300,61353.3,1.49239e+06,0.581313
2018-10-09,204.931,1.49224e+06,0,0,1.49224e+06,0.590975
2018-10-11,191.073,1.47311e+06,100,19107.3,1.49221e+06,0.592773
2018-10-12,199.052,1.49292e+06,0,0,1.49292e+06,0.545416
2018-10-15,193.592,1.47354e+06,100,19359.2,1.4929e+06,0.547215
2018-10-16,199.052,1.49336e+06,0,0,1.49336e+06,0.516642
2018-10-17,200.311,1.49336e+06,0,0,1.49336e+06,0.516642
2018-10-18,198.632,1.47347e+06,100,19863.2,1.49333e+06,0.518508
2018-10-19,198.212,1.45362e+06,200,39642.4,1.49326e+06,0.523171
2018-10-22,199.052,1.49325e+06,0,0,1.49325e+06,0.523639
2018-10-23,193.172,1.47391e+06,100,19317.2,1.49322e+06,0.525437
2018-10-24,192.753,1.45461e+06,200,38550.5,1.49316e+06,0.530033
2018-10-25,184.354,1.43614e+06,300,55306.1,1.49145e+06,0.643667
2018-10-26,185.614,1.49158e+06,0,0,1.49158e+06,0.634878
2018-10-29,186.873,1.49158e+06,0,0,1.49158e+06,0.634878
2018-10-30,187.293,1.49158e+06,0,0,1.49158e+06,0.634878
2018-10-31,196.532,1.49158e+06,0,0,1.49158e+06,0.634878
2018-11-01,197.792,1.49158e+06,0,0,1.49158e+06,0.634878
2018-11-02,198.632,1.49158e+06,0,0,1.49158e+06,0.634878
2018-11-05,197.372,1.47182e+06,100,19737.2,1.49155e+06,0.636743
2018-11-06,196.952,1.45209e+06,200,39390.4,1.49148e+06,0.641406
2018-11-07,196.532,1.43241e+06,300,58959.6,1.49137e+06,0.648866
2018-11-08,198.632,1.49174e+06,0,0,1.49174e+06,0.624356
2018-11-09,194.012,1.47231e+06,100,19401.2,1.49171e+06,0.626155
2018-11-12,194.432,1.49167e+06,0,0,1.49167e+06,0.629019
2018-11-13,191.073,1.47254e+06,100,19107.3,1.49164e+06,0.630818
2018-11-14,191.913,1.49164e+06,0,0,1.49164e+06,0.630819
2018-11-15,194.012,1.49164e+06,0,0,1.49164e+06,0.630819
2018-11-16,189.813,1.47263e+06,100,18981.3,1.49162e+06,0.632617
2018-11-19,186.453,1.45396e+06,200,37290.7,1.49125e+06,0.65673
2018-11-20,183.094,1.43563e+06,300,54928.2,1.49056e+06,0.703222
2018-11-21,183.934,1.49057e+06,0,0,1.49057e+06,0.702625
2018-11-22,183.934,1.49057e+06,0,0,1.49057e+06,0.702625
2018-11-23,183.514,1.47219e+06,100,18351.4,1.49054e+06,0.704357
2018-11-26,187.293,1.49083e+06,0,0,1.49083e+06,0.684642
2018-11-27,188.133,1.49083e+06,0,0,1.49083e+06,0.684642
2018-11-28,190.233,1.49083e+06,0,0,1.49083e+06,0.684642
2018-11-29,192.333,1.49083e+06,0,0,1.49083e+06,0.684642
2018-11-30,189.393,1.47187e+06,100,18939.3,1.49081e+06,0.686374
2018-12-03,197.372,1.49152e+06,0,0,1.49152e+06,0.639016
2018-12-04,196.532,1.47184e+06,100,19653.2,1.49149e+06,0.640881
2018-12-05,189.813,1.45283e+06,200,37962.6,1.49079e+06,0.687441
2018-12-06,184.774,1.43433e+06,300,55432.1,1.48976e+06,0.756313
2018-12-07,185.614,1.48977e+06,0,0,1.48977e+06,0.755917
2018-12-10,183.934,1.47135e+06,100,18393.4,1.48974e+06,0.757649
2018-12-11,186.873,1.48995e+06,0,0,1.48995e+06,0.743529
2018-12-12,190.233,1.48995e+06,0,0,1.48995e+06,0.743529
2018-12-13,189.813,1.47094e+06,100,18981.3,1.48992e+06,0.745328
2018-12-14,186.873,1.45223e+06,200,37374.7,1.4896e+06,0.766642
2018-12-17,187.713,1.48961e+06,0,0,1.48961e+06,0.766444
2018-12-18,186.873,1.47089e+06,100,18687.3,1.48958e+06,0.768176
2018-12-19,189.393,1.48975e+06,0,0,1.48975e+06,0.756854
2018-12-20,185.614,1.47116e+06,100,18561.4,1.48972e+06,0.758586
2018-12-21,187.713,1.48985e+06,0,0,1.48985e+06,0.750061
2018-12-24,184.774,1.47135e+06,100,18477.4,1.48983e+06,0.751793
2018-12-25,182.674,1.45306e+06,200,36534.8,1.48959e+06,0.767513
2018-12-26,181.834,1.43485e+06,300,54550.2,1.4894e+06,0.780368
2018-12-27,187.293,1.49079e+06,0,0,1.49079e+06,0.687785
2018-12-28,189.393,1.49079e+06,0,0,1.49079e+06,0.687785
2019-01-02,184.354,1.47233e+06,100,18435.4,1.49076e+06,0.689517
2019-01-03,180.994,1.4542e+06,200,36198.8,1.4904e+06,0.713563
2019-01-04,174.695,1.43671e+06,300,52408.5,1.48912e+06,0.799087
2019-01-07,178.895,1.49014e+06,0,0,1.49014e+06,0.73095
2019-01-08,177.215,1.47239e+06,100,17721.5,1.49011e+06,0.732615
2019-01-09,180.994,1.49041e+06,0,0,1.49041e+06,0.712701
2019-01-10,181.414,1.49041e+06,0,0,1.49041e+06,0.712701
2019-01-11,185.194,1.49041e+06,0,0,1.49041e+06,0.712701
2019-01-14,183.514,1.47204e+06,100,18351.4,1.49039e+06,0.714433
2019-01-15,185.614,1.49052e+06,0,0,1.49052e+06,0.705841
2019-01-16,182.674,1.47222e+06,100,18267.4,1.49049e+06,0.707573
2019-01-17,185.194,1.49066e+06,0,0,1.49066e+06,0.696184
2019-01-18,183.514,1.47228e+06,100,18351.4,1.49064e+06,0.697916
2019-01-21,185.614,1.49076e+06,0,0,1.49076e+06,0.689324
2019-01-22,187.293,1.49076e+06,0,0,1.49076e+06,0.689324
2019-01-23,185.194,1.47222e+06,100,18519.4,1.49074e+06,0.691056
2019-01-24,186.873,1.49082e+06,0,0,1.49082e+06,0.685329
2019-01-25,189.813,1.49082e+06,0,0,1.49082e+06,0.685329
2019-01-28,192.333,1.49082e+06,0,0,1.49082e+06,0.685329
2019-01-29,186.873,1.47211e+06,100,18687.3,1.4908e+06,0.687061
2019-01-30,185.614,1.45352e+06,200,37122.7,1.49065e+06,0.697186
2019-02-11,191.493,1.49165e+06,0,0,1.49165e+06,0.630046
2019-02-12,193.172,1.49165e+06,0,0,1.49165e+06,0.630046
2019-02-13,192.333,1.47239e+06,100,19233.3,1.49163e+06,0.631845
2019-02-14,190.653,1.4533e+06,200,38130.6,1.49143e+06,0.644833
2019-02-15,190.653,1.4533e+06,200,38130.6,1.49143e+06,0.644833
2019-02-18,193.172,1.49177e+06,0,0,1.49177e+06,0.622588
2019-02-19,192.333,1.47251e+06,100,19233.3,1.49174e+06,0.624387
2019-02-20,196.952,1.49211e+06,0,0,1.49211e+06,0.59941
2019-02-21,198.632,1.49211e+06,0,0,1.49211e+06,0.59941
2019-02-22,198.632,1.49211e+06,0,0,1.49211e+06,0.59941
2019-02-25,199.892,1.49211e+06,0,0,1.49211e+06,0.59941
2019-02-26,201.151,1.49211e+06,0,0,1.49211e+06,0.59941
2019-02-27,200.731,1.47201e+06,100,20073.1,1.49209e+06,0.601275
2019-03-04,197.792,1.45221e+06,200,39558.4,1.49176e+06,0.622723
2019-03-05,195.692,1.43261e+06,300,58707.7,1.49132e+06,0.652496
2019-03-06,196.532,1.49131e+06,0,0,1.49131e+06,0.653032
2019-03-07,196.532,1.49131e+06,0,0,1.49131e+06,0.653032
2019-03-08,193.172,1.47197e+06,100,19317.2,1.49128e+06,0.654831
2019-03-11,193.592,1.49124e+06,0,0,1.49124e+06,0.657696
2019-03-12,197.792,1.49124e+06,0,0,1.49124e+06,0.657696
2019-03-13,199.052,1.49124e+06,0,0,1.49124e+06,0.657696
2019-03-14,196.952,1.47152e+06,100,19695.2,1.49121e+06,0.659561
2019-03-15,200.731,1.4915e+06,0,0,1.4915e+06,0.640245
2019-03-18,202.411,1.4915e+06,0,0,1.4915e+06,0.640245
2019-03-19,201.991,1.47127e+06,100,20199.1,1.49147e+06,0.642111
2019-03-20,203.251,1.49151e+06,0,0,1.49151e+06,0.639581
2019-03-21,206.191,1.49151e+06,0,0,1.49151e+06,0.639581
2019-03-22,208.71,1.49151e+06,0,0,1.49151e+06,0.639581
2019-03-25,202.831,1.4712e+06,100,20283.1,1.49148e+06,0.641446
2019-03-26,204.931,1.4916e+06,0,0,1.4916e+06,0.633454
2019-03-27,202.831,1.47129e+06,100,20283.1,1.49158e+06,0.635319
2019-03-28,203.251,1.49153e+06,0,0,1.49153e+06,0.638384
2019-03-29,206.191,1.49153e+06,0,0,1.49153e+06,0.638384
2019-04-01,206.191,1.49153e+06,0,0,1.49153e+06,0.638384
2019-04-02,206.611,1.49153e+06,0,0,1.49153e+06,0.638384
2019-04-03,207.031,1.49153e+06,0,0,1.49153e+06,0.638384
2019-04-08,212.49,1.49153e+06,0,0,1.49153e+06,0.638384
2019-04-09,213.33,1.49153e+06,0,0,1.49153e+06,0.638384
2019-04-10,213.33,1.49153e+06,0,0,1.49153e+06,0.638384
2019-04-11,211.65,1.47033e+06,100,21165,1.4915e+06,0.640383
2019-04-12,211.65,1.47033e+06,100,21165,1.4915e+06,0.640383
2019-04-15,214.589,1.4917e+06,0,0,1.4917e+06,0.627062
2019-04-16,215.849,1.4917e+06,0,0,1.4917e+06,0.627062
2019-04-17,219.629,1.4917e+06,0,0,1.4917e+06,0.627062
2019-04-18,222.148,1.4917e+06,0,0,1.4917e+06,0.627062
2019-04-19,222.148,1.4917e+06,0,0,1.4917e+06,0.627062
2019-04-22,223.408,1.4917e+06,0,0,1.4917e+06,0.627062
2019-04-23,225.088,1.4917e+06,0,0,1.4917e+06,0.627062
2019-04-24,225.928,1.4917e+06,0,0,1.4917e+06,0.627062
2019-04-25,224.668,1.4692e+06,100,22466.8,1.49167e+06,0.629194
2019-04-26,218.369,1.44733e+06,200,43673.8,1.49101e+06,0.673222
2019-04-29,217.949,1.42551e+06,300,65384.7,1.49089e+06,0.680882
2019-04-30,217.529,1.40372e+06,400,87011.6,1.49074e+06,0.691274
2019-05-02,217.529,1.40372e+06,400,87011.6,1.49074e+06,0.691274
2019-05-03,222.568,1.49236e+06,0,0,1.49236e+06,0.583172
2019-05-06,217.529,1.47058e+06,100,21752.9,1.49233e+06,0.585171
2019-05-07,220.469,1.49253e+06,0,0,1.49253e+06,0.57205
2019-05-08,218.369,1.47066e+06,100,21836.9,1.49249e+06,0.574115
2019-05-09,215.429,1.44908e+06,200,43085.9,1.49217e+06,0.595696
2019-05-10,215.009,1.42755e+06,300,64502.8,1.49206e+06,0.60329
2019-05-13,210.39,1.40649e+06,400,84156,1.49064e+06,0.69754
2019-05-14,208.71,1.38559e+06,500,104355,1.48994e+06,0.744232
2019-05-15,209.13,1.48969e+06,0,0,1.48969e+06,0.761023
2019-05-16,207.45,1.46891e+06,100,20745,1.48966e+06,0.762955
2019-05-17,202.831,1.4486e+06,200,40566.2,1.48917e+06,0.795593
2019-05-20,199.892,1.42859e+06,300,59967.5,1.48855e+06,0.836623
2019-05-21,196.532,1.4089e+06,400,78612.8,1.48752e+06,0.90563
2019-05-22,199.892,1.48851e+06,0,0,1.48851e+06,0.839558
2019-05-23,193.172,1.46917e+06,100,19317.2,1.48848e+06,0.841356
2019-05-24,195.692,1.48865e+06,0,0,1.48865e+06,0.830233
2019-05-27,194.012,1.46922e+06,100,19401.2,1.48862e+06,0.832032
2019-05-28,193.592,1.44984e+06,200,38718.5,1.48855e+06,0.836628
2019-05-29,192.753,1.43053e+06,300,57825.8,1.48836e+06,0.849617
2019-05-30,194.012,1.48848e+06,0,0,1.48848e+06,0.841494
2019-05-31,197.792,1.48848e+06,0,0,1.48848e+06,0.841494
2019-06-03,199.892,1.48848e+06,0,0,1.48848e+06,0.841494
2019-06-04,195.692,1.46888e+06,100,19569.2,1.48845e+06,0.843292
2019-06-05,197.372,1.48853e+06,0,0,1.48853e+06,0.837898
2019-06-06,194.852,1.46902e+06,100,19485.2,1.48851e+06,0.839697
2019-06-10,201.571,1.48909e+06,0,0,1.48909e+06,0.800799
2019-06-11,205.351,1.48909e+06,0,0,1.48909e+06,0.800799
2019-06-12,206.611,1.48909e+06,0,0,1.48909e+06,0.800799
2019-06-13,201.571,1.46891e+06,100,20157.1,1.48906e+06,0.802664
2019-06-14,198.212,1.44906e+06,200,39642.4,1.4887e+06,0.826909
2019-06-17,195.692,1.42946e+06,300,58707.7,1.48817e+06,0.862278
2019-06-18,197.792,1.48854e+06,0,0,1.48854e+06,0.83777
2019-06-19,204.931,1.48854e+06,0,0,1.48854e+06,0.83777
2019-06-20,205.771,1.48854e+06,0,0,1.48854e+06,0.83777
2019-06-21,208.71,1.48854e+06,0,0,1.48854e+06,0.83777
2019-06-24,209.144,1.48854e+06,0,0,1.48854e+06,0.83777
2019-06-25,206.975,1.46781e+06,100,20697.5,1.48851e+06,0.839702
2019-06-26,203.503,1.44743e+06,200,40700.7,1.48813e+06,0.864692
2019-06-27,208.71,1.48899e+06,0,0,1.48899e+06,0.807575
2019-06-28,207.409,1.46822e+06,100,20740.9,1.48896e+06,0.809507
2019-07-01,215.653,1.48969e+06,0,0,1.48969e+06,0.760847
2019-07-02,216.087,1.48969e+06,0,0,1.48969e+06,0.760847
2019-07-03,210.446,1.46862e+06,100,21044.6,1.48966e+06,0.762779
2019-07-04,211.748,1.4897e+06,0,0,1.4897e+06,0.760303
2019-07-05,210.88,1.46858e+06,100,21088,1.48967e+06,0.762302
2019-07-08,210.446,1.44751e+06,200,42089.2,1.4896e+06,0.767124
2019-07-09,210.012,1.42648e+06,300,63003.6,1.48948e+06,0.774838
2019-07-10,214.351,1.4905e+06,0,0,1.4905e+06,0.706973
2019-07-11,216.955,1.4905e+06,0,0,1.4905e+06,0.706973
2019-07-12,217.388,1.4905e+06,0,0,1.4905e+06,0.706973
2019-07-15,220.86,1.4905e+06,0,0,1.4905e+06,0.706973
2019-07-16,222.161,1.4905e+06,0,0,1.4905e+06,0.706973
2019-07-17,218.69,1.4686e+06,100,21869,1.49047e+06,0.709038
2019-07-18,220.426,1.49055e+06,0,0,1.49055e+06,0.703937
2019-07-19,224.765,1.49055e+06,0,0,1.49055e+06,0.703937
2019-07-22,229.104,1.49055e+06,0,0,1.49055e+06,0.703937
2019-07-23,229.104,1.49055e+06,0,0,1.49055e+06,0.703937
2019-07-24,229.972,1.49055e+06,0,0,1.49055e+06,0.703937
2019-07-25,229.972,1.49055e+06,0,0,1.49055e+06,0.703937
2019-07-26,226.501,1.46786e+06,100,22650.1,1.49051e+06,0.706069
2019-07-29,226.501,1.46786e+06,100,22650.1,1.49051e+06,0.706069
2019-07-30,225.633,1.44527e+06,200,45126.5,1.49039e+06,0.713982
2019-07-31,225.199,1.42272e+06,300,67559.7,1.49028e+06,0.721895
2019-08-01,222.595,1.40043e+06,400,89038.2,1.48946e+06,0.77599
2019-08-02,218.256,1.37857e+06,500,109128,1.4877e+06,0.89368
2019-08-05,213.917,1.35715e+06,600,128350,1.4855e+06,1.04021
2019-08-06,215.653,1.48597e+06,0,0,1.48597e+06,1.00894
2019-08-07,215.219,1.46442e+06,100,21521.9,1.48594e+06,1.01093
2019-08-08,219.992,1.48632e+06,0,0,1.48632e+06,0.985533
2019-08-12,217.822,1.46451e+06,100,21782.2,1.48629e+06,0.987598
2019-08-13,213.917,1.44308e+06,200,42783.4,1.48587e+06,1.01561
2019-08-14,216.521,1.4862e+06,0,0,1.4862e+06,0.993583
2019-08-15,215.219,1.46465e+06,100,21521.9,1.48617e+06,0.995581
2019-08-16,216.955,1.48625e+06,0,0,1.48625e+06,0.990347
2019-08-19,218.69,1.48625e+06,0,0,1.48625e+06,0.990347
2019-08-20,220.86,1.48625e+06,0,0,1.48625e+06,0.990347
2019-08-21,220.86,1.48625e+06,0,0,1.48625e+06,0.990347
2019-08-22,220.426,1.46417e+06,100,22042.6,1.48622e+06,0.992412
2019-08-23,220.426,1.46417e+06,100,22042.6,1.48622e+06,0.992412
2019-08-26,215.653,1.44258e+06,200,43130.6,1.48571e+06,1.02621
2019-08-27,216.955,1.48578e+06,0,0,1.48578e+06,1.02159
2019-08-28,218.69,1.48578e+06,0,0,1.48578e+06,1.02159
2019-08-29,220.426,1.48578e+06,0,0,1.48578e+06,1.02159
2019-08-30,224.765,1.48578e+06,0,0,1.48578e+06,1.02159
2019-09-02,223.463,1.4634e+06,100,22346.3,1.48575e+06,1.02365
2019-09-03,220.426,1.44133e+06,200,44085.2,1.48541e+06,1.04595
2019-09-04,223.463,1.48582e+06,0,0,1.48582e+06,1.01861
2019-09-05,228.236,1.48582e+06,0,0,1.48582e+06,1.01861
2019-09-06,228.67,1.48582e+06,0,0,1.48582e+06,1.01861
2019-09-10,226.934,1.4631e+06,100,22693.4,1.48579e+06,1.02074
2019-09-11,228.236,1.48582e+06,0,0,1.48582e+06,1.01873
2019-09-12,227.802,1.46301e+06,100,22780.2,1.48579e+06,1.02086
2019-09-16,230.406,1.48595e+06,0,0,1.48595e+06,1.01024
2019-09-17,229.972,1.46292e+06,100,22997.2,1.48592e+06,1.01238
2019-09-18,231.707,1.48599e+06,0,0,1.48599e+06,1.00761
2019-09-19,231.707,1.48599e+06,0,0,1.48599e+06,1.00761
2019-09-20,230.833,1.46287e+06,100,23083.3,1.48595e+06,1.00974
2019-09-23,230.833,1.46287e+06,100,23083.3,1.48595e+06,1.00974
2019-09-24,231.707,1.48594e+06,0,0,1.48594e+06,1.01071
2019-09-25,232.582,1.48594e+06,0,0,1.48594e+06,1.01071
2019-09-26,234.331,1.48594e+06,0,0,1.48594e+06,1.01071
2019-09-27,237.828,1.48594e+06,0,0,1.48594e+06,1.01071
2019-10-01,244.823,1.48594e+06,0,0,1.48594e+06,1.01071
2019-10-02,244.386,1.46147e+06,100,24438.6,1.48591e+06,1.01298
2019-10-03,241.763,1.43726e+06,200,48352.5,1.48561e+06,1.03272
2019-10-04,241.763,1.43726e+06,200,48352.5,1.48561e+06,1.03272
2019-10-07,243.074,1.48566e+06,0,0,1.48566e+06,1.0295
2019-10-08,250.506,1.48566e+06,0,0,1.48566e+06,1.0295
2019-10-09,246.572,1.46097e+06,100,24657.2,1.48562e+06,1.03183
2019-10-14,253.567,1.48621e+06,0,0,1.48621e+06,0.992693
2019-10-15,256.627,1.48621e+06,0,0,1.48621e+06,0.992693
2019-10-16,259.25,1.48621e+06,0,0,1.48621e+06,0.992693
2019-10-17,256.627,1.46051e+06,100,25662.7,1.48617e+06,0.995091
2019-10-18,256.19,1.43486e+06,200,51238,1.4861e+06,1.0004
2019-10-21,253.567,1.40946e+06,300,76070,1.48553e+06,1.03775
2019-10-22,257.064,1.48624e+06,0,0,1.48624e+06,0.9905
2019-10-23,256.19,1.46059e+06,100,25619,1.48621e+06,0.992898
2019-10-24,256.19,1.46059e+06,100,25619,1.48621e+06,0.992898
2019-10-25,256.627,1.48614e+06,0,0,1.48614e+06,0.997447
2019-10-28,257.501,1.48614e+06,0,0,1.48614e+06,0.997447
2019-10-29,260.999,1.48614e+06,0,0,1.48614e+06,0.997447
2019-10-30,261.873,1.48614e+06,0,0,1.48614e+06,0.997447
2019-10-31,260.999,1.46e+06,100,26099.9,1.4861e+06,0.999912
2019-11-01,261.436,1.48603e+06,0,0,1.48603e+06,1.00466
2019-11-04,268.431,1.48603e+06,0,0,1.48603e+06,1.00466
2019-11-05,271.491,1.48603e+06,0,0,1.48603e+06,1.00466
2019-11-06,271.928,1.48603e+06,0,0,1.48603e+06,1.00466
2019-11-07,270.18,1.45898e+06,100,27018,1.48599e+06,1.00719
2019-11-08,267.119,1.43223e+06,200,53423.9,1.48565e+06,1.03011
2019-11-11,263.185,1.40587e+06,300,78955.4,1.48483e+06,1.085
2019-11-12,266.682,1.48552e+06,0,0,1.48552e+06,1.03868
2019-11-13,265.808,1.4589e+06,100,26580.8,1.48548e+06,1.04115
2019-11-14,265.371,1.43233e+06,200,53074.1,1.4854e+06,1.04653
2019-11-15,268.431,1.48578e+06,0,0,1.48578e+06,1.02154
2019-11-18,271.928,1.48578e+06,0,0,1.48578e+06,1.02154
2019-11-19,275.426,1.48578e+06,0,0,1.48578e+06,1.02154
2019-11-20,274.114,1.45833e+06,100,27411.4,1.48574e+06,1.02414
2019-11-21,271.928,1.4311e+06,200,54385.7,1.48548e+06,1.04123
2019-11-22,270.18,1.40404e+06,300,81053.9,1.48509e+06,1.06706
2019-11-25,268.431,1.37716e+06,400,107372,1.48453e+06,1.10454
2019-11-26,268.431,1.37716e+06,400,107372,1.48453e+06,1.10454
2019-11-27,271.928,1.48545e+06,0,0,1.48545e+06,1.04332
2019-11-28,270.617,1.45835e+06,100,27061.7,1.48541e+06,1.04585
2019-11-29,266.682,1.43164e+06,200,53336.4,1.48498e+06,1.0746
2019-12-02,268.868,1.48518e+06,0,0,1.48518e+06,1.06126
2019-12-03,268.431,1.4583e+06,100,26843.1,1.48514e+06,1.06379
2019-12-04,267.557,1.43151e+06,200,53511.3,1.48502e+06,1.07215
2019-12-05,272.803,1.48583e+06,0,0,1.48583e+06,1.01824
2019-12-06,273.677,1.48583e+06,0,0,1.48583e+06,1.01824
2019-12-09,276.3,1.48583e+06,0,0,1.48583e+06,1.01824
2019-12-10,274.114,1.45838e+06,100,27411.4,1.48579e+06,1.02084
2019-12-11,278.923,1.48615e+06,0,0,1.48615e+06,0.99693
2019-12-12,289.853,1.48615e+06,0,0,1.48615e+06,0.99693
2019-12-13,296.411,1.48615e+06,0,0,1.48615e+06,0.99693
2019-12-16,293.788,1.45673e+06,100,29378.8,1.48611e+06,0.999661
2019-12-17,301.657,1.48676e+06,0,0,1.48676e+06,0.956032
2019-12-18,301.22,1.4566e+06,100,30122,1.48672e+06,0.95883
2019-12-19,295.054,1.42705e+06,200,59010.9,1.48606e+06,1.0027
2019-12-20,289.77,1.39803e+06,300,86931,1.48496e+06,1.07584
2019-12-23,294.174,1.48589e+06,0,0,1.48589e+06,1.01374
2019-12-24,292.412,1.45661e+06,100,29241.2,1.48585e+06,1.01647
2019-12-25,293.293,1.48581e+06,0,0,1.48581e+06,1.01913
2019-12-26,293.293,1.48581e+06,0,0,1.48581e+06,1.01913
2019-12-27,297.697,1.48581e+06,0,0,1.48581e+06,1.01913
2019-12-30,294.614,1.45631e+06,100,29461.4,1.48577e+06,1.02187
2019-12-31,291.531,1.42712e+06,200,58306.3,1.48542e+06,1.04513
2020-01-02,298.577,1.48657e+06,0,0,1.48657e+06,0.968842
2020-01-03,299.018,1.48657e+06,0,0,1.48657e+06,0.968842
2020-01-06,292.412,1.45729e+06,100,29241.2,1.48653e+06,0.971573
2020-01-07,290.21,1.42822e+06,200,58042.1,1.48627e+06,0.988973
2020-01-08,290.21,1.42822e+06,200,58042.1,1.48627e+06,0.988973
2020-01-09,297.256,1.48741e+06,0,0,1.48741e+06,0.912549
2020-01-10,299.018,1.48741e+06,0,0,1.48741e+06,0.912549
2020-01-13,300.779,1.48741e+06,0,0,1.48741e+06,0.912549
2020-01-14,304.743,1.48741e+06,0,0,1.48741e+06,0.912549
2020-01-15,299.458,1.45743e+06,100,29945.8,1.48737e+06,0.915347
2020-01-16,294.614,1.42792e+06,200,58922.8,1.48685e+06,0.950349
2020-01-17,293.293,1.39855e+06,300,87987.9,1.48654e+06,0.970682
2020-01-20,293.293,1.39855e+06,300,87987.9,1.48654e+06,0.970682
2020-01-30,278.76,1.37064e+06,400,111504,1.48214e+06,1.26372
2020-01-31,281.843,1.48288e+06,0,0,1.48288e+06,1.21475
2020-02-03,277.439,1.45509e+06,100,27743.9,1.48284e+06,1.21734
2020-02-04,286.247,1.48359e+06,0,0,1.48359e+06,1.167
2020-02-05,288.449,1.48359e+06,0,0,1.48359e+06,1.167
2020-02-06,292.853,1.48359e+06,0,0,1.48359e+06,1.167
2020-02-07,288.889,1.45466e+06,100,28888.9,1.48355e+06,1.16973
2020-02-10,288.449,1.42578e+06,200,57689.7,1.48347e+06,1.17539
2020-02-11,291.972,1.48391e+06,0,0,1.48391e+06,1.14564
2020-02-12,295.054,1.48391e+06,0,0,1.48391e+06,1.14564
2020-02-13,295.054,1.48391e+06,0,0,1.48391e+06,1.14564
2020-02-14,295.054,1.48391e+06,0,0,1.48391e+06,1.14564
2020-02-17,291.972,1.45468e+06,100,29197.2,1.48387e+06,1.14837
2020-02-18,283.604,1.42628e+06,200,56720.9,1.483e+06,1.20678
2020-02-19,287.568,1.48354e+06,0,0,1.48354e+06,1.17082
2020-02-20,286.687,1.45483e+06,100,28668.7,1.4835e+06,1.17349
2020-02-21,286.247,1.42616e+06,200,57249.4,1.48341e+06,1.17909
2020-02-24,281.843,1.39794e+06,300,84552.9,1.48249e+06,1.24043
2020-02-25,283.604,1.48264e+06,0,0,1.48264e+06,1.23027
2020-02-26,280.522,1.45455e+06,100,28052.2,1.48261e+06,1.23287
2020-02-27,278.32,1.42668e+06,200,55664,1.48235e+06,1.25014
2020-03-02,273.916,1.39925e+06,300,82174.9,1.48143e+06,1.31141
2020-03-03,279.641,1.48277e+06,0,0,1.48277e+06,1.22164
2020-03-04,282.283,1.48277e+06,0,0,1.48277e+06,1.22164
2020-03-05,284.485,1.48277e+06,0,0,1.48277e+06,1.22164
2020-03-06,277.439,1.45499e+06,100,27743.9,1.48273e+06,1.22424
2020-03-09,269.072,1.42805e+06,200,53814.4,1.48186e+06,1.28251
2020-03-10,270.393,1.48189e+06,0,0,1.48189e+06,1.28083
2020-03-11,265.989,1.45525e+06,100,26598.9,1.48185e+06,1.2833
2020-03-12,258.943,1.42932e+06,200,51788.7,1.48111e+06,1.33264
2020-03-13,255.42,1.40374e+06,300,76626.1,1.48037e+06,1.38197
2020-03-16,243.53,1.37935e+06,400,97412,1.47677e+06,1.62187
2020-03-17,236.044,1.35572e+06,500,118022,1.47374e+06,1.82356
2020-03-18,228.997,1.33279e+06,600,137398,1.47018e+06,2.06038
2020-03-19,220.549,1.3107e+06,700,154384,1.46508e+06,2.40014
2020-03-20,240.114,1.47804e+06,0,0,1.47804e+06,1.53728
2020-03-23,226.774,1.45533e+06,100,22677.4,1.478e+06,1.53942
2020-03-24,237.891,1.47901e+06,0,0,1.47901e+06,1.47229
2020-03-25,246.339,1.47901e+06,0,0,1.47901e+06,1.47229
2020-03-26,249.007,1.47901e+06,0,0,1.47901e+06,1.47229
2020-03-27,242.782,1.4547e+06,100,24278.2,1.47898e+06,1.47456
2020-03-30,237.891,1.43088e+06,200,47578.1,1.47846e+06,1.50934
2020-03-31,243.671,1.4794e+06,0,0,1.4794e+06,1.44664
2020-04-01,241.448,1.45522e+06,100,24144.8,1.47936e+06,1.44891
2020-04-06,245.005,1.47961e+06,0,0,1.47961e+06,1.43234
2020-04-07,251.675,1.47961e+06,0,0,1.47961e+06,1.43234
2020-04-08,253.454,1.47961e+06,0,0,1.47961e+06,1.43234
2020-04-09,251.675,1.45441e+06,100,25167.5,1.47958e+06,1.43467
2020-04-10,248.562,1.42952e+06,200,49712.5,1.47923e+06,1.45774
2020-04-13,247.673,1.40472e+06,300,74301.9,1.47902e+06,1.47192
2020-04-14,253.454,1.48042e+06,0,0,1.48042e+06,1.37878
2020-04-15,255.677,1.48042e+06,0,0,1.48042e+06,1.37878
2020-04-16,254.787,1.4549e+06,100,25478.7,1.48038e+06,1.38117
2020-04-17,272.574,1.48204e+06,0,0,1.48204e+06,1.27061
2020-04-20,270.35,1.45497e+06,100,27035,1.482e+06,1.27315
2020-04-21,262.347,1.42869e+06,200,52469.3,1.48116e+06,1.32893
2020-04-22,261.457,1.40251e+06,300,78437.2,1.48095e+06,1.34324
2020-04-23,262.791,1.481e+06,0,0,1.481e+06,1.33977
2020-04-24,261.457,1.45482e+06,100,26145.7,1.48096e+06,1.34223
2020-04-27,265.014,1.4812e+06,0,0,1.4812e+06,1.32626
2020-04-28,263.681,1.4548e+06,100,26368.1,1.48117e+06,1.32873
2020-04-29,265.904,1.48127e+06,0,0,1.48127e+06,1.32164
2020-04-30,270.795,1.48127e+06,0,0,1.48127e+06,1.32164
2020-05-04,262.347,1.455e+06,100,26234.7,1.48124e+06,1.32411
2020-05-05,262.791,1.48117e+06,0,0,1.48117e+06,1.32881
2020-05-06,263.236,1.48117e+06,0,0,1.48117e+06,1.32881
2020-05-07,264.57,1.48117e+06,0,0,1.48117e+06,1.32881
2020-05-08,264.57,1.48117e+06,0,0,1.48117e+06,1.32881
2020-05-11,267.682,1.48117e+06,0,0,1.48117e+06,1.32881
2020-05-12,262.347,1.45489e+06,100,26234.7,1.48113e+06,1.33127
2020-05-13,264.125,1.48119e+06,0,0,1.48119e+06,1.32715
2020-05-14,260.568,1.4551e+06,100,26056.8,1.48115e+06,1.32962
2020-05-15,265.014,1.48148e+06,0,0,1.48148e+06,1.30772
2020-05-18,257.9,1.45566e+06,100,25790,1.48145e+06,1.31012
2020-05-19,259.234,1.48147e+06,0,0,1.48147e+06,1.30876
2020-05-20,261.457,1.48147e+06,0,0,1.48147e+06,1.30876
2020-05-21,264.57,1.48147e+06,0,0,1.48147e+06,1.30876
2020-05-22,259.679,1.45546e+06,100,25967.9,1.48143e+06,1.31123
2020-05-25,259.679,1.45546e+06,100,25967.9,1.48143e+06,1.31123
2020-05-26,262.791,1.48163e+06,0,0,1.48163e+06,1.29815
2020-05-27,263.681,1.48163e+06,0,0,1.48163e+06,1.29815
2020-05-28,261.457,1.45544e+06,100,26145.7,1.48159e+06,1.30062
2020-05-29,259.679,1.42944e+06,200,51935.7,1.48137e+06,1.31493
2020-06-01,262.791,1.48177e+06,0,0,1.48177e+06,1.28885
2020-06-02,263.681,1.48177e+06,0,0,1.48177e+06,1.28885
2020-06-03,267.682,1.48177e+06,0,0,1.48177e+06,1.28885
2020-06-04,272.129,1.48177e+06,0,0,1.48177e+06,1.28885
2020-06-05,277.02,1.48177e+06,0,0,1.48177e+06,1.28885
2020-06-08,282.801,1.48177e+06,0,0,1.48177e+06,1.28885
2020-06-09,283.69,1.48177e+06,0,0,1.48177e+06,1.28885
2020-06-10,286.803,1.48177e+06,0,0,1.48177e+06,1.28885
2020-06-11,285.024,1.45322e+06,100,28502.4,1.48173e+06,1.29151
2020-06-12,281.022,1.42508e+06,200,56204.4,1.48128e+06,1.32084
2020-06-15,275.242,1.39752e+06,300,82572.5,1.48009e+06,1.40045
2020-06-16,280.133,1.48119e+06,0,0,1.48119e+06,1.32742
2020-06-17,280.133,1.48119e+06,0,0,1.48119e+06,1.32742
2020-06-18,281.926,1.48119e+06,0,0,1.48119e+06,1.32742
2020-06-19,281.926,1.48119e+06,0,0,1.48119e+06,1.32742
2020-06-22,279.685,1.45318e+06,100,27968.5,1.48115e+06,1.33002
2020-06-23,282.374,1.48129e+06,0,0,1.48129e+06,1.32036
2020-06-24,284.615,1.48129e+06,0,0,1.48129e+06,1.32036
2020-06-29,279.685,1.45328e+06,100,27968.5,1.48125e+06,1.32296
2020-06-30,280.581,1.48122e+06,0,0,1.48122e+06,1.32518
2020-07-01,284.615,1.48122e+06,0,0,1.48122e+06,1.32518
2020-07-02,288.649,1.48122e+06,0,0,1.48122e+06,1.32518
2020-07-03,295.372,1.48122e+06,0,0,1.48122e+06,1.32518
2020-07-06,302.992,1.48122e+06,0,0,1.48122e+06,1.32518
2020-07-07,303.44,1.48122e+06,0,0,1.48122e+06,1.32518
2020-07-08,305.681,1.48122e+06,0,0,1.48122e+06,1.32518
2020-07-09,309.267,1.48122e+06,0,0,1.48122e+06,1.32518
2020-07-10,312.404,1.48122e+06,0,0,1.48122e+06,1.32518
2020-07-13,317.783,1.48122e+06,0,0,1.48122e+06,1.32518
2020-07-14,325.85,1.48122e+06,0,0,1.48122e+06,1.32518
2020-07-15,325.402,1.44863e+06,100,32540.2,1.48117e+06,1.32824
2020-07-16,320.472,1.41654e+06,200,64094.4,1.48064e+06,1.36409
2020-07-17,328.988,1.48205e+06,0,0,1.48205e+06,1.26994
2020-07-20,328.092,1.44919e+06,100,32809.2,1.482e+06,1.27301
2020-07-21,343.331,1.48338e+06,0,0,1.48338e+06,1.18148
2020-07-22,344.227,1.48338e+06,0,0,1.48338e+06,1.18148
2020-07-23,341.986,1.44913e+06,100,34198.6,1.48333e+06,1.18468
2020-07-24,346.02,1.48358e+06,0,0,1.48358e+06,1.16793
2020-07-27,380.532,1.48358e+06,0,0,1.48358e+06,1.16793
2020-07-28,389.945,1.48358e+06,0,0,1.48358e+06,1.16793
2020-07-29,378.291,1.4457e+06,100,37829.1,1.48353e+06,1.17146
2020-07-30,389.048,1.48443e+06,0,0,1.48443e+06,1.11119
2020-07-31,381.429,1.44624e+06,100,38142.9,1.48438e+06,1.11479
2020-08-03,372.913,1.40889e+06,200,74582.6,1.48347e+06,1.17505
2020-08-04,381.429,1.48484e+06,0,0,1.48484e+06,1.08397
2020-08-05,384.566,1.48484e+06,0,0,1.48484e+06,1.08397
2020-08-06,389.945,1.48484e+06,0,0,1.48484e+06,1.08397
2020-08-07,388.152,1.44597e+06,100,38815.2,1.48479e+06,1.08764
2020-08-10,390.393,1.48484e+06,0,0,1.48484e+06,1.08417
2020-08-11,384.566,1.44633e+06,100,38456.6,1.48478e+06,1.08776
2020-08-12,375.602,1.40871e+06,200,75120.4,1.48383e+06,1.15101
2020-08-13,384.566,1.48529e+06,0,0,1.48529e+06,1.05416
2020-08-14,382.773,1.44696e+06,100,38277.3,1.48523e+06,1.05776
2020-08-17,389.945,1.48578e+06,0,0,1.48578e+06,1.02137
2020-08-18,388.152,1.44691e+06,100,38815.2,1.48573e+06,1.02504
2020-08-19,383.222,1.40853e+06,200,76644.3,1.48518e+06,1.06148
2020-08-20,372.016,1.37128e+06,300,111605,1.48288e+06,1.2143
2020-08-21,380.532,1.48493e+06,0,0,1.48493e+06,1.07769
2020-08-24,383.67,1.48493e+06,0,0,1.48493e+06,1.07769
2020-08-25,389.497,1.48493e+06,0,0,1.48493e+06,1.07769
2020-08-26,396.22,1.48493e+06,0,0,1.48493e+06,1.07769
2020-08-27,398.013,1.48493e+06,0,0,1.48493e+06,1.07769
2020-08-28,389.945,1.44589e+06,100,38994.5,1.48488e+06,1.08135
2020-08-31,382.325,1.4076e+06,200,76465,1.48406e+06,1.13571
2020-09-01,389.945,1.48524e+06,0,0,1.48524e+06,1.0571
2020-09-02,388.152,1.44637e+06,100,38815.2,1.48519e+06,1.06077
2020-09-03,390.841,1.48529e+06,0,0,1.48529e+06,1.05431
2020-09-04,384.566,1.44678e+06,100,38456.6,1.48523e+06,1.05791
2020-09-07,381.877,1.40853e+06,200,76375.4,1.48491e+06,1.07942
2020-09-08,386.359,1.48546e+06,0,0,1.48546e+06,1.04242
2020-09-09,382.773,1.44713e+06,100,38277.3,1.48541e+06,1.04602
2020-09-10,389.945,1.48596e+06,0,0,1.48596e+06,1.00963
2020-09-11,391.29,1.48596e+06,0,0,1.48596e+06,1.00963
2020-09-14,395.323,1.48596e+06,0,0,1.48596e+06,1.00963
2020-09-15,398.909,1.48596e+06,0,0,1.48596e+06,1.00963
2020-09-16,410.563,1.48596e+06,0,0,1.48596e+06,1.00963
2020-09-17,404.253,1.44547e+06,100,40425.3,1.4859e+06,1.01343
2020-09-18,400.197,1.4054e+06,200,80039.4,1.48544e+06,1.04425
2020-09-21,396.592,1.36568e+06,300,118978,1.48466e+06,1.09601
2020-09-22,393.888,1.32624e+06,400,157555,1.48379e+06,1.15379
2020-09-23,390.733,1.28711e+06,500,195367,1.48248e+06,1.24151
2020-09-24,381.269,1.24893e+06,600,228761,1.47769e+06,1.56035
2020-09-25,382.17,1.47722e+06,0,0,1.47722e+06,1.59181
2020-09-28,388.93,1.47722e+06,0,0,1.47722e+06,1.59181
2020-09-29,388.48,1.43831e+06,100,38848,1.47716e+06,1.59547
2020-09-30,390.282,1.47717e+06,0,0,1.47717e+06,1.59492
2020-10-05,389.832,1.43813e+06,100,38983.2,1.47712e+06,1.59858
2020-10-06,396.141,1.47757e+06,0,0,1.47757e+06,1.56814
2020-10-07,399.296,1.47757e+06,0,0,1.47757e+06,1.56814
2020-10-08,408.309,1.47757e+06,0,0,1.47757e+06,1.56814
2020-10-12,414.619,1.47757e+06,0,0,1.47757e+06,1.56814
2020-10-13,416.421,1.47757e+06,0,0,1.47757e+06,1.56814
2020-10-14,413.717,1.43614e+06,100,41371.7,1.47751e+06,1.57201
2020-10-15,408.309,1.39525e+06,200,81661.9,1.47692e+06,1.6119
2020-10-16,404.704,1.35473e+06,300,121411,1.47614e+06,1.66373
2020-10-19,412.365,1.47789e+06,0,0,1.47789e+06,1.54705
2020-10-20,406.507,1.43718e+06,100,40650.7,1.47783e+06,1.55085
2020-10-21,408.309,1.47783e+06,0,0,1.47783e+06,1.55083
2020-10-22,410.112,1.47783e+06,0,0,1.47783e+06,1.55083
2020-10-23,407.408,1.43703e+06,100,40740.8,1.47777e+06,1.5547
2020-10-26,405.605,1.39642e+06,200,81121,1.47754e+06,1.5705
2020-10-27,402.901,1.35607e+06,300,120870,1.47694e+06,1.61033
2020-10-28,400.197,1.31599e+06,400,160079,1.47607e+06,1.66817
2020-10-29,393.888,1.27655e+06,500,196944,1.47349e+06,1.84002
2020-10-30,389.381,1.23755e+06,600,233629,1.47118e+06,1.9938
2020-11-02,392.536,1.47203e+06,0,0,1.47203e+06,1.93705
2020-11-03,397.493,1.47203e+06,0,0,1.47203e+06,1.93705
2020-11-04,405.605,1.47203e+06,0,0,1.47203e+06,1.93705
2020-11-05,406.507,1.47203e+06,0,0,1.47203e+06,1.93705
2020-11-06,407.859,1.47203e+06,0,0,1.47203e+06,1.93705
2020-11-09,413.267,1.47203e+06,0,0,1.47203e+06,1.93705
2020-11-10,406.507,1.43133e+06,100,40650.7,1.47198e+06,1.94085
2020-11-11,411.915,1.47234e+06,0,0,1.47234e+06,1.91688
2020-11-12,412.816,1.47234e+06,0,0,1.47234e+06,1.91688
2020-11-13,416.421,1.47234e+06,0,0,1.47234e+06,1.91688
2020-11-16,436.251,1.47234e+06,0,0,1.47234e+06,1.91688
2020-11-17,437.603,1.47234e+06,0,0,1.47234e+06,1.91688
2020-11-18,447.968,1.47234e+06,0,0,1.47234e+06,1.91688
2020-11-19,441.659,1.42811e+06,100,44165.9,1.47228e+06,1.92101
2020-11-20,439.856,1.38406e+06,200,87971.3,1.47203e+06,1.93715
2020-11-23,447.518,1.47317e+06,0,0,1.47317e+06,1.86139
2020-11-24,443.462,1.42876e+06,100,44346.2,1.47311e+06,1.86559
2020-11-25,438.955,1.3848e+06,200,87791,1.4726e+06,1.89974
2020-11-26,440.758,1.47257e+06,0,0,1.47257e+06,1.90163
2020-11-27,440.758,1.47257e+06,0,0,1.47257e+06,1.90163
2020-11-30,433.096,1.4292e+06,100,43309.6,1.47251e+06,1.9057
2020-12-01,441.659,1.47317e+06,0,0,1.47317e+06,1.86158
2020-12-02,449.771,1.47317e+06,0,0,1.47317e+06,1.86158
2020-12-03,447.968,1.42831e+06,100,44796.8,1.4731e+06,1.86578
2020-12-04,453.377,1.47345e+06,0,0,1.47345e+06,1.84307
2020-12-07,463.291,1.47345e+06,0,0,1.47345e+06,1.84307
2020-12-08,472.305,1.47345e+06,0,0,1.47345e+06,1.84307
2020-12-09,468.699,1.42651e+06,100,46869.9,1.47338e+06,1.84747
2020-12-10,461.489,1.3803e+06,200,92297.7,1.47259e+06,1.89983
2020-12-11,465.094,1.4729e+06,0,0,1.4729e+06,1.87918
2020-12-14,457.883,1.42705e+06,100,45788.3,1.47284e+06,1.88351
2020-12-15,454.278,1.38156e+06,200,90855.6,1.47241e+06,1.91179
2020-12-16,461.489,1.47345e+06,0,0,1.47345e+06,1.84283
2020-12-17,460.13,1.42737e+06,100,46013,1.47338e+06,1.84716
2020-12-18,461.942,1.47336e+06,0,0,1.47336e+06,1.84862
2020-12-21,467.376,1.47336e+06,0,0,1.47336e+06,1.84862
2020-12-22,461.036,1.42719e+06,100,46103.6,1.4733e+06,1.85295
2020-12-23,461.036,1.42719e+06,100,46103.6,1.4733e+06,1.85295
2020-12-24,461.942,1.47318e+06,0,0,1.47318e+06,1.86044
2020-12-25,462.847,1.47318e+06,0,0,1.47318e+06,1.86044
2020-12-28,466.47,1.47318e+06,0,0,1.47318e+06,1.86044
2020-12-29,466.47,1.47318e+06,0,0,1.47318e+06,1.86044
2020-12-30,475.528,1.47318e+06,0,0,1.47318e+06,1.86044
2020-12-31,480.057,1.47318e+06,0,0,1.47318e+06,1.86044
2021-01-04,485.491,1.47318e+06,0,0,1.47318e+06,1.86044
2021-01-05,490.926,1.47318e+06,0,0,1.47318e+06,1.86044
2021-01-06,497.266,1.47318e+06,0,0,1.47318e+06,1.86044
2021-01-07,511.759,1.47318e+06,0,0,1.47318e+06,1.86044
2021-01-08,525.345,1.47318e+06,0,0,1.47318e+06,1.86044
2021-01-11,528.968,1.47318e+06,0,0,1.47318e+06,1.86044
2021-01-12,535.309,1.47318e+06,0,0,1.47318e+06,1.86044
2021-01-13,547.989,1.47318e+06,0,0,1.47318e+06,1.86044
2021-01-14,536.215,1.41949e+06,100,53621.5,1.47311e+06,1.8655
2021-01-15,544.366,1.47368e+06,0,0,1.47368e+06,1.82718
2021-01-18,549.801,1.47368e+06,0,0,1.47368e+06,1.82718
2021-01-19,567.916,1.47368e+06,0,0,1.47368e+06,1.82718
2021-01-20,586.032,1.47368e+06,0,0,1.47368e+06,1.82718
2021-01-21,609.582,1.47368e+06,0,0,1.47368e+06,1.82718
2021-01-22,587.843,1.41482e+06,100,58784.3,1.4736e+06,1.83271
2021-01-25,573.351,1.3574e+06,200,114670,1.47207e+06,1.93465
2021-01-26,558.859,1.30144e+06,300,167658,1.46909e+06,2.133
2021-01-27,557.047,1.24565e+06,400,222819,1.46847e+06,2.17447
2021-01-28,544.366,1.19114e+06,500,272183,1.46332e+06,2.5175
2021-01-29,535.309,1.13753e+06,600,321185,1.45872e+06,2.82426
2021-02-01,553.424,1.46812e+06,0,0,1.46812e+06,2.19804
2021-02-02,572.445,1.46812e+06,0,0,1.46812e+06,2.19804
2021-02-03,570.634,1.41097e+06,100,57063.4,1.46804e+06,2.20344
2021-02-04,567.916,1.3541e+06,200,113583,1.46768e+06,2.22687
2021-02-05,572.445,1.46808e+06,0,0,1.46808e+06,2.20024
2021-02-17,600.524,1.46808e+06,0,0,1.46808e+06,2.20024
2021-02-18,597.807,1.40822e+06,100,59780.7,1.468e+06,2.2059
2021-02-19,590.56,1.34908e+06,200,118112,1.46719e+06,2.25977
2021-02-22,588.749,1.29012e+06,300,176625,1.46675e+06,2.28943
2021-02-23,580.597,1.23198e+06,400,232239,1.46422e+06,2.45781
2021-02-24,566.105,1.17529e+06,500,283052,1.45834e+06,2.84932
2021-02-25,575.162,1.4616e+06,0,0,1.4616e+06,2.63229
2021-02-26,548.895,1.40663e+06,100,54889.5,1.46152e+06,2.63749
2021-03-02,551.612,1.46155e+06,0,0,1.46155e+06,2.63557
2021-03-03,563.388,1.46155e+06,0,0,1.46155e+06,2.63557
2021-03-04,544.366,1.40704e+06,100,54436.6,1.46147e+06,2.6407
2021-03-05,544.366,1.40704e+06,100,54436.6,1.46147e+06,2.6407
2021-03-08,541.649,1.35279e+06,200,108330,1.46112e+06,2.66394
2021-03-09,538.932,1.29882e+06,300,161679,1.4605e+06,2.7052
2021-03-10,540.743,1.46033e+06,0,0,1.46033e+06,2.71677
2021-03-11,551.612,1.46033e+06,0,0,1.46033e+06,2.71677
2021-03-12,556.141,1.46033e+06,0,0,1.46033e+06,2.71677
2021-03-15,553.424,1.40491e+06,100,55342.4,1.46025e+06,2.72196
2021-03-16,555.236,1.46019e+06,0,0,1.46019e+06,2.72621
2021-03-17,549.324,1.40518e+06,100,54932.4,1.46011e+06,2.73141
2021-03-18,547.505,1.35035e+06,200,109501,1.45985e+06,2.74872
2021-03-19,537.501,1.29652e+06,300,161250,1.45777e+06,2.88708
2021-03-22,539.32,1.4576e+06,0,0,1.4576e+06,2.89835
2021-03-23,540.229,1.4576e+06,0,0,1.4576e+06,2.89835
2021-03-24,523.859,1.40514e+06,100,52385.9,1.45753e+06,2.90328
2021-03-25,522.949,1.35278e+06,200,104590,1.45737e+06,2.91427
2021-03-26,536.591,1.45962e+06,0,0,1.45962e+06,2.76402
2021-03-29,544.777,1.45962e+06,0,0,1.45962e+06,2.76402
2021-03-30,542.958,1.40525e+06,100,54295.8,1.45954e+06,2.76915
2021-03-31,533.863,1.35179e+06,200,106773,1.45856e+06,2.8348
2021-04-01,547.505,1.4608e+06,0,0,1.4608e+06,2.68528
2021-04-07,554.781,1.4608e+06,0,0,1.4608e+06,2.68528
2021-04-08,557.509,1.4608e+06,0,0,1.4608e+06,2.68528
2021-04-09,554.781,1.40525e+06,100,55478.1,1.46072e+06,2.69055
2021-04-12,550.234,1.35014e+06,200,110047,1.46019e+06,2.72604
2021-04-13,550.234,1.35014e+06,200,110047,1.46019e+06,2.72604
2021-04-14,556.6,1.46097e+06,0,0,1.46097e+06,2.67392
2021-04-15,562.966,1.46097e+06,0,0,1.46097e+06,2.67392
2021-04-16,554.781,1.40542e+06,100,55478.1,1.46089e+06,2.67919
2021-04-19,548.414,1.3505e+06,200,109683,1.46018e+06,2.72679
2021-04-20,547.505,1.29567e+06,300,164251,1.45992e+06,2.74411
2021-04-21,538.41,1.24175e+06,400,215364,1.45712e+06,2.93093
2021-04-22,537.501,1.18793e+06,500,268750,1.45668e+06,2.96023
2021-04-23,547.505,1.46047e+06,0,0,1.46047e+06,2.70768
2021-04-26,554.781,1.46047e+06,0,0,1.46047e+06,2.70768
2021-04-27,554.781,1.46047e+06,0,0,1.46047e+06,2.70768
2021-04-28,547.505,1.40564e+06,100,54750.5,1.46039e+06,2.71287
2021-04-29,545.686,1.35099e+06,200,109137,1.46013e+06,2.73012
2021-05-03,534.772,1.29744e+06,300,160432,1.45787e+06,2.88059
2021-05-04,537.501,1.45798e+06,0,0,1.45798e+06,2.8735
2021-05-05,532.044,1.4047e+06,100,53204.4,1.4579e+06,2.87849
2021-05-06,533.863,1.45785e+06,0,0,1.45785e+06,2.8821
2021-05-07,544.777,1.45785e+06,0,0,1.45785e+06,2.8821
2021-05-10,535.682,1.4042e+06,100,53568.2,1.45777e+06,2.88716
2021-05-11,519.311,1.3522e+06,200,103862,1.45606e+06,3.00115
2021-05-12,509.307,1.3012e+06,300,152792,1.45399e+06,3.13924
2021-05-13,497.484,1.25138e+06,400,198994,1.45037e+06,3.38019
2021-05-14,506.579,1.45311e+06,0,0,1.45311e+06,3.19746
2021-05-17,499.303,1.40311e+06,100,49930.3,1.45304e+06,3.20219
2021-05-18,520.221,1.45491e+06,0,0,1.45491e+06,3.07816
2021-05-19,515.673,1.40327e+06,100,51567.3,1.45483e+06,3.08303
2021-05-20,515.673,1.40327e+06,100,51567.3,1.45483e+06,3.08303
2021-05-21,521.13,1.45515e+06,0,0,1.45515e+06,3.062
2021-05-24,516.583,1.40342e+06,100,51658.3,1.45508e+06,3.06686
2021-05-25,530.225,1.45621e+06,0,0,1.45621e+06,2.99157
2021-05-26,532.044,1.45621e+06,0,0,1.45621e+06,2.99157
2021-05-27,529.315,1.4032e+06,100,52931.5,1.45613e+06,2.99657
2021-05-28,536.591,1.45662e+06,0,0,1.45662e+06,2.96382
2021-05-31,542.958,1.45662e+06,0,0,1.45662e+06,2.96382
2021-06-01,543.867,1.45662e+06,0,0,1.45662e+06,2.96382
2021-06-02,541.139,1.40243e+06,100,54113.9,1.45655e+06,2.96895
2021-06-03,542.048,1.4564e+06,0,0,1.4564e+06,2.97881
2021-06-04,541.139,1.40221e+06,100,54113.9,1.45632e+06,2.98394
2021-06-07,538.41,1.34829e+06,200,107682,1.45597e+06,3.00718
2021-06-08,535.682,1.29464e+06,300,160705,1.45535e+06,3.04859
2021-06-09,532.953,1.24127e+06,400,213181,1.45446e+06,3.10812
2021-06-10,544.777,1.45822e+06,0,0,1.45822e+06,2.85722
2021-06-11,547.505,1.45822e+06,0,0,1.45822e+06,2.85722
2021-06-15,553.871,1.45822e+06,0,0,1.45822e+06,2.85722
2021-06-16,550.234,1.40312e+06,100,55023.4,1.45814e+06,2.86241
2021-06-17,553.43,1.45822e+06,0,0,1.45822e+06,2.85737
2021-06-18,550.69,1.40307e+06,100,55069,1.45814e+06,2.86257
2021-06-21,532.425,1.34976e+06,200,106485,1.45624e+06,2.98924
2021-06-22,527.859,1.29689e+06,300,158358,1.45525e+06,3.05508
2021-06-23,543.384,1.45919e+06,0,0,1.45919e+06,2.79283
2021-06-24,538.818,1.40523e+06,100,53881.8,1.45911e+06,2.7979
2021-06-25,539.731,1.45897e+06,0,0,1.45897e+06,2.8076
2021-06-28,538.818,1.40501e+06,100,53881.8,1.45889e+06,2.81266
2021-06-29,543.384,1.45911e+06,0,0,1.45911e+06,2.79824
2021-06-30,543.384,1.45911e+06,0,0,1.45911e+06,2.79824
2021-07-01,541.557,1.40487e+06,100,54155.7,1.45903e+06,2.80336
2021-07-02,536.991,1.3511e+06,200,107398,1.4585e+06,2.83885
2021-07-05,539.731,1.45857e+06,0,0,1.45857e+06,2.83405
2021-07-06,540.644,1.45857e+06,0,0,1.45857e+06,2.83405
2021-07-07,542.471,1.45857e+06,0,0,1.45857e+06,2.83405
2021-07-08,536.991,1.40479e+06,100,53699.1,1.45849e+06,2.83911
2021-07-09,533.338,1.35138e+06,200,106668,1.45805e+06,2.86851
2021-07-12,541.557,1.45922e+06,0,0,1.45922e+06,2.79085
2021-07-13,554.343,1.45922e+06,0,0,1.45922e+06,2.79085
2021-07-14,559.823,1.45922e+06,0,0,1.45922e+06,2.79085
2021-07-15,560.736,1.45922e+06,0,0,1.45922e+06,2.79085
2021-07-16,537.905,1.40535e+06,100,53790.5,1.45914e+06,2.79591
2021-07-19,531.512,1.35213e+06,200,106302,1.45843e+06,2.84349
2021-07-20,530.599,1.29899e+06,300,159180,1.45817e+06,2.86066
2021-07-21,534.252,1.45856e+06,0,0,1.45856e+06,2.83482
2021-07-22,539.731,1.45856e+06,0,0,1.45856e+06,2.83482
2021-07-23,534.252,1.40506e+06,100,53425.2,1.45848e+06,2.83988
2021-07-26,529.685,1.35201e+06,200,105937,1.45795e+06,2.8753
2021-07-27,529.685,1.35201e+06,200,105937,1.45795e+06,2.8753
2021-07-28,528.772,1.29906e+06,300,158632,1.45769e+06,2.89246
2021-07-29,532.425,1.45808e+06,0,0,1.45808e+06,2.86649
2021-07-30,529.685,1.40504e+06,100,52968.5,1.45801e+06,2.87148
2021-08-02,538.818,1.45868e+06,0,0,1.45868e+06,2.82643
2021-08-03,542.471,1.45868e+06,0,0,1.45868e+06,2.82643
2021-08-04,544.297,1.45868e+06,0,0,1.45868e+06,2.82643
2021-08-05,544.297,1.45868e+06,0,0,1.45868e+06,2.82643
2021-08-06,539.731,1.40464e+06,100,53973.1,1.45861e+06,2.83149
2021-08-09,543.384,1.45873e+06,0,0,1.45873e+06,2.82315
2021-08-10,539.731,1.40468e+06,100,53973.1,1.45866e+06,2.82821
2021-08-11,538.818,1.35073e+06,200,107764,1.45849e+06,2.83936
2021-08-12,535.165,1.29713e+06,300,160549,1.45768e+06,2.89309
2021-08-13,530.599,1.244e+06,400,212239,1.45624e+06,2.98935
2021-08-16,533.338,1.45639e+06,0,0,1.45639e+06,2.97922
2021-08-17,533.338,1.45639e+06,0,0,1.45639e+06,2.97922
2021-08-18,524.206,1.4039e+06,100,52420.6,1.45632e+06,2.98415
2021-08-19,510.507,1.35277e+06,200,102101,1.45487e+06,3.08021
2021-08-20,504.114,1.30229e+06,300,151234,1.45353e+06,3.17011
2021-08-23,516.9,1.45668e+06,0,0,1.45668e+06,2.96022
2021-08-24,522.379,1.45668e+06,0,0,1.45668e+06,2.96022
2021-08-25,534.252,1.45668e+06,0,0,1.45668e+06,2.96022
2021-08-26,542.471,1.45668e+06,0,0,1.45668e+06,2.96022
2021-08-27,547.037,1.45668e+06,0,0,1.45668e+06,2.96022
2021-08-30,552.516,1.45668e+06,0,0,1.45668e+06,2.96022
2021-08-31,560.736,1.45668e+06,0,0,1.45668e+06,2.96022
2021-09-01,559.823,1.40061e+06,100,55982.3,1.4566e+06,2.96549
2021-09-02,554.343,1.3451e+06,200,110869,1.45597e+06,3.00719
2021-09-03,566.215,1.45785e+06,0,0,1.45785e+06,2.88231
2021-09-06,576.261,1.45785e+06,0,0,1.45785e+06,2.88231
2021-09-07,568.955,1.40087e+06,100,56895.5,1.45776e+06,2.88771
2021-09-08,565.302,1.34426e+06,200,113060,1.45732e+06,2.91737
2021-09-09,565.302,1.34426e+06,200,113060,1.45732e+06,2.91737
2021-09-10,568.042,1.45737e+06,0,0,1.45737e+06,2.91425
2021-09-13,561.649,1.40112e+06,100,56164.9,1.45729e+06,2.91958
2021-09-14,559.823,1.34506e+06,200,111965,1.45702e+06,2.93701
2021-09-15,554.343,1.28955e+06,300,166303,1.45585e+06,3.01521
2021-09-16,550.444,1.23443e+06,400,220178,1.4546e+06,3.09832
2021-09-17,550.444,1.23443e+06,400,220178,1.4546e+06,3.09832
2021-09-22,537.6,1.18059e+06,500,268800,1.44939e+06,3.44563
2021-09-23,539.435,1.44911e+06,0,0,1.44911e+06,3.46399
2021-09-24,548.609,1.44911e+06,0,0,1.44911e+06,3.46399
2021-09-27,552.279,1.44911e+06,0,0,1.44911e+06,3.46399
2021-09-28,544.94,1.39454e+06,100,54494,1.44904e+06,3.46912
2021-09-29,532.096,1.34126e+06,200,106419,1.44768e+06,3.55968
2021-09-30,532.096,1.34126e+06,200,106419,1.44768e+06,3.55968
2021-10-01,526.592,1.28852e+06,300,157977,1.4465e+06,3.63801
2021-10-04,524.757,1.23597e+06,400,209903,1.44588e+06,3.67961
2021-10-05,524.757,1.23597e+06,400,209903,1.44588e+06,3.67961
2021-10-06,523.839,1.18352e+06,500,261920,1.44544e+06,3.70899
2021-10-07,532.096,1.44839e+06,0,0,1.44839e+06,3.51238
2021-10-08,527.509,1.39556e+06,100,52750.9,1.44831e+06,3.51737
2021-10-12,527.509,1.39556e+06,100,52750.9,1.44831e+06,3.51737
2021-10-13,523.839,1.3431e+06,200,104768,1.44787e+06,3.54675
2021-10-14,525.674,1.44777e+06,0,0,1.44777e+06,3.55321
2021-10-15,550.444,1.44777e+06,0,0,1.44777e+06,3.55321
2021-10-18,541.27,1.39357e+06,100,54127,1.4477e+06,3.55834
2021-10-19,550.444,1.44837e+06,0,0,1.44837e+06,3.51342
2021-10-20,548.609,1.39343e+06,100,54860.9,1.44829e+06,3.51861
2021-10-21,546.774,1.33868e+06,200,109355,1.44803e+06,3.53597
2021-10-22,550.444,1.44828e+06,0,0,1.44828e+06,3.51945
2021-10-25,544.022,1.3938e+06,100,54402.2,1.4482e+06,3.52458
2021-10-26,549.527,1.44851e+06,0,0,1.44851e+06,3.50403
2021-10-27,549.527,1.44851e+06,0,0,1.44851e+06,3.50403
2021-10-28,545.857,1.39385e+06,100,54585.7,1.44844e+06,3.50916
2021-10-29,541.27,1.33965e+06,200,108254,1.4479e+06,3.54484
2021-11-01,541.27,1.33965e+06,200,108254,1.4479e+06,3.54484
2021-11-02,543.105,1.44779e+06,0,0,1.44779e+06,3.55231
2021-11-03,543.105,1.44779e+06,0,0,1.44779e+06,3.55231
2021-11-04,538.518,1.39386e+06,100,53851.8,1.44771e+06,3.55737
2021-11-05,550.444,1.44866e+06,0,0,1.44866e+06,3.49411
2021-11-08,552.279,1.44866e+06,0,0,1.44866e+06,3.49411
2021-11-09,560.536,1.44866e+06,0,0,1.44866e+06,3.49411
2021-11-10,561.453,1.44866e+06,0,0,1.44866e+06,3.49411
2021-11-11,555.949,1.39299e+06,100,55594.9,1.44858e+06,3.49937
2021-11-12,554.114,1.3375e+06,200,110823,1.44832e+06,3.51679
2021-11-15,557.783,1.44856e+06,0,0,1.44856e+06,3.50067
2021-11-16,559.618,1.44856e+06,0,0,1.44856e+06,3.50067
2021-11-17,559.618,1.44856e+06,0,0,1.44856e+06,3.50067
2021-11-18,562.37,1.44856e+06,0,0,1.44856e+06,3.50067
2021-11-19,566.958,1.44856e+06,0,0,1.44856e+06,3.50067
2021-11-22,564.205,1.39206e+06,100,56420.5,1.44848e+06,3.506
2021-11-23,561.453,1.33584e+06,200,112291,1.44813e+06,3.52967
2021-11-24,553.196,1.28044e+06,300,165959,1.4464e+06,3.64487
2021-11-25,553.196,1.28044e+06,300,165959,1.4464e+06,3.64487
2021-11-26,546.774,1.22569e+06,400,218710,1.4444e+06,3.77835
2021-11-29,544.022,1.17121e+06,500,272011,1.44322e+06,3.85681
2021-11-30,546.774,1.44338e+06,0,0,1.44338e+06,3.84568
2021-12-01,550.444,1.44338e+06,0,0,1.44338e+06,3.84568
2021-12-02,564.205,1.44338e+06,0,0,1.44338e+06,3.84568
2021-12-03,557.783,1.38753e+06,100,55778.3,1.44331e+06,3.85094
2021-12-06,550.444,1.3324e+06,200,110089,1.44249e+06,3.90503
2021-12-07,556.866,1.44329e+06,0,0,1.44329e+06,3.85225
2021-12-08,552.279,1.38798e+06,100,55227.9,1.44321e+06,3.85744
2021-12-09,557.783,1.44351e+06,0,0,1.44351e+06,3.83716
2021-12-10,555.031,1.38793e+06,100,55503.1,1.44343e+06,3.84243
2021-12-13,551.361,1.33272e+06,200,110272,1.44299e+06,3.87207
2021-12-14,549.527,1.27769e+06,300,164858,1.44254e+06,3.90171
2021-12-15,550.444,1.44209e+06,0,0,1.44209e+06,3.932
2021-12-16,557.587,1.44209e+06,0,0,1.44209e+06,3.932
2021-12-17,559.43,1.44209e+06,0,0,1.44209e+06,3.932
2021-12-20,551.135,1.3869e+06,100,55113.5,1.44201e+06,3.9372
2021-12-21,550.214,1.3318e+06,200,110043,1.44184e+06,3.94854
2021-12-22,552.979,1.44191e+06,0,0,1.44191e+06,3.94421
2021-12-23,558.508,1.44191e+06,0,0,1.44191e+06,3.94421
2021-12-24,556.665,1.38616e+06,100,55666.5,1.44183e+06,3.94947
2021-12-27,558.508,1.44176e+06,0,0,1.44176e+06,3.95358
2021-12-28,566.803,1.44176e+06,0,0,1.44176e+06,3.95358
2021-12-29,567.725,1.44176e+06,0,0,1.44176e+06,3.95358
2021-12-30,566.803,1.385e+06,100,56680.3,1.44168e+06,3.95891
2022-01-03,581.549,1.4429e+06,0,0,1.4429e+06,3.87773
2022-01-04,604.59,1.4429e+06,0,0,1.4429e+06,3.87773
2022-01-05,599.06,1.38291e+06,100,59906,1.44282e+06,3.88339
2022-01-06,593.53,1.32348e+06,200,118706,1.44218e+06,3.92582
2022-01-07,584.314,1.26496e+06,300,175294,1.44025e+06,4.05414
2022-01-10,592.609,1.44196e+06,0,0,1.44196e+06,3.94073
2022-01-11,599.982,1.44196e+06,0,0,1.44196e+06,3.94073
2022-01-12,608.276,1.44196e+06,0,0,1.44196e+06,3.94073
2022-01-13,609.198,1.44196e+06,0,0,1.44196e+06,3.94073
2022-01-14,619.336,1.44196e+06,0,0,1.44196e+06,3.94073
2022-01-17,629.474,1.44196e+06,0,0,1.44196e+06,3.94073
2022-01-18,610.12,1.38086e+06,100,61012,1.44187e+06,3.94646
2022-01-19,602.747,1.3205e+06,200,120549,1.44105e+06,4.00124
2022-01-20,599.982,1.26042e+06,300,179995,1.44041e+06,4.04374
2022-01-21,590.766,1.20126e+06,400,236306,1.43756e+06,4.23353
2022-01-24,601.825,1.44092e+06,0,0,1.44092e+06,4.00977
2022-01-25,590.766,1.38176e+06,100,59076.6,1.44084e+06,4.01536
2022-01-26,586.157,1.32306e+06,200,117231,1.44029e+06,4.05159
2022-02-07,585.236,1.26446e+06,300,175571,1.44003e+06,4.0694
2022-02-08,578.784,1.20649e+06,400,231514,1.43801e+06,4.2038
2022-02-09,583.392,1.43882e+06,0,0,1.43882e+06,4.14975
2022-02-10,598.138,1.43882e+06,0,0,1.43882e+06,4.14975
2022-02-11,599.06,1.43882e+06,0,0,1.43882e+06,4.14975
2022-02-14,587.079,1.38003e+06,100,58707.9,1.43874e+06,4.15528
2022-02-15,583.392,1.32161e+06,200,116678,1.43829e+06,4.18537
2022-02-16,595.374,1.44016e+06,0,0,1.44016e+06,4.06078
2022-02-17,594.452,1.38063e+06,100,59445.2,1.44007e+06,4.06637
2022-02-18,587.079,1.32184e+06,200,117416,1.43925e+06,4.12102
2022-02-21,582.471,1.26351e+06,300,174741,1.43825e+06,4.18795
2022-02-22,577.863,1.20564e+06,400,231145,1.43678e+06,4.2855
2022-02-23,576.019,1.14795e+06,500,288010,1.43596e+06,4.34008
2022-02-24,556.665,1.09221e+06,600,333999,1.42621e+06,4.99001
2022-02-25,556.665,1.09221e+06,600,333999,1.42621e+06,4.99001
2022-03-01,556.665,1.09221e+06,600,333999,1.42621e+06,4.99001
2022-03-02,553.9,1.03674e+06,700,387730,1.42447e+06,5.10573
2022-03-03,554.822,1.4234e+06,0,0,1.4234e+06,5.17719
2022-03-04,548.37,1.36848e+06,100,54837,1.42332e+06,5.18239
2022-03-07,530.859,1.31532e+06,200,106172,1.42149e+06,5.30404
2022-03-08,518.878,1.26336e+06,300,155663,1.41902e+06,5.46853
2022-03-09,523.487,1.41971e+06,0,0,1.41971e+06,5.42266
2022-03-10,540.997,1.41971e+06,0,0,1.41971e+06,5.42266
2022-03-11,529.938,1.36664e+06,100,52993.8,1.41964e+06,5.42766
2022-03-14,527.173,1.31385e+06,200,105435,1.41929e+06,5.45107
2022-03-15,514.27,1.26235e+06,300,154281,1.41663e+06,5.62785
2022-03-16,516.817,1.41671e+06,0,0,1.41671e+06,5.62258
2022-03-17,539.046,1.41671e+06,0,0,1.41671e+06,5.62258
2022-03-18,538.12,1.36282e+06,100,53812,1.41664e+06,5.62764
2022-03-21,542.75,1.41686e+06,0,0,1.41686e+06,5.61271
2022-03-22,539.972,1.36279e+06,100,53997.2,1.41678e+06,5.61777
2022-03-23,546.455,1.41719e+06,0,0,1.41719e+06,5.59057
2022-03-24,547.382,1.41719e+06,0,0,1.41719e+06,5.59057
2022-03-25,553.865,1.41719e+06,0,0,1.41719e+06,5.59057
2022-03-28,540.898,1.36302e+06,100,54089.8,1.41711e+06,5.5957
2022-03-29,545.529,1.41734e+06,0,0,1.41734e+06,5.58084
2022-03-30,555.717,1.41734e+06,0,0,1.41734e+06,5.58084
2022-03-31,552.939,1.36197e+06,100,55293.9,1.41726e+06,5.58604
2022-04-01,545.529,1.30734e+06,200,109106,1.41644e+06,5.64053
2022-04-06,535.341,1.25373e+06,300,160602,1.41433e+06,5.78133
2022-04-07,524.227,1.20123e+06,400,209691,1.41092e+06,6.00838
2022-04-08,525.153,1.41036e+06,0,0,1.41036e+06,6.04559
2022-04-11,516.817,1.35861e+06,100,51681.7,1.41029e+06,6.05045
2022-04-12,515.891,1.30694e+06,200,103178,1.41012e+06,6.06148
2022-04-13,530.71,1.41262e+06,0,0,1.41262e+06,5.89528
2022-04-14,530.71,1.41262e+06,0,0,1.41262e+06,5.89528
2022-04-15,520.522,1.36049e+06,100,52052.2,1.41254e+06,5.90021
2022-04-18,519.596,1.30846e+06,200,103919,1.41238e+06,5.91131
2022-04-19,523.3,1.41266e+06,0,0,1.41266e+06,5.89273
2022-04-20,527.932,1.41266e+06,0,0,1.41266e+06,5.89273
2022-04-21,523.3,1.36025e+06,100,52330,1.41258e+06,5.89766
2022-04-22,516.817,1.3085e+06,200,103363,1.41186e+06,5.94571
2022-04-25,506.629,1.25776e+06,300,151989,1.40975e+06,6.08625
2022-04-26,505.703,1.20712e+06,400,202281,1.4094e+06,6.10956
2022-04-27,487.179,1.15833e+06,500,243589,1.40192e+06,6.60776
2022-04-28,491.81,1.40315e+06,0,0,1.40315e+06,6.52592
2022-04-29,498.293,1.40315e+06,0,0,1.40315e+06,6.52592
2022-05-03,491.81,1.3539e+06,100,49181,1.40308e+06,6.53058
2022-05-04,494.588,1.40314e+06,0,0,1.40314e+06,6.5266
2022-05-05,501.998,1.40314e+06,0,0,1.40314e+06,6.5266
2022-05-06,489.031,1.35417e+06,100,48903.1,1.40307e+06,6.53119
2022-05-09,481.622,1.30594e+06,200,96324.3,1.40226e+06,6.58509
2022-05-10,479.769,1.25789e+06,300,143931,1.40182e+06,6.61429
2022-05-11,482.548,1.40202e+06,0,0,1.40202e+06,6.6014
2022-05-12,467.729,1.35518e+06,100,46772.9,1.40195e+06,6.6058
2022-05-13,473.286,1.4023e+06,0,0,1.4023e+06,6.58263
2022-05-16,481.622,1.4023e+06,0,0,1.4023e+06,6.58263
2022-05-17,490.884,1.4023e+06,0,0,1.4023e+06,6.58263
2022-05-18,498.293,1.4023e+06,0,0,1.4023e+06,6.58263
2022-05-19,483.474,1.35388e+06,100,48347.4,1.40223e+06,6.58716
2022-05-20,490.884,1.40276e+06,0,0,1.40276e+06,6.55219
2022-05-23,489.031,1.35378e+06,100,48903.1,1.40269e+06,6.55679
2022-05-24,481.622,1.30555e+06,200,96324.3,1.40188e+06,6.61068
2022-05-25,485.327,1.40219e+06,0,0,1.40219e+06,6.5899
2022-05-26,476.064,1.35452e+06,100,47606.4,1.40212e+06,6.59436
2022-05-27,490.884,1.40339e+06,0,0,1.40339e+06,6.51003
2022-05-30,506.629,1.40339e+06,0,0,1.40339e+06,6.51003
2022-05-31,518.67,1.40339e+06,0,0,1.40339e+06,6.51003
2022-06-01,508.481,1.35247e+06,100,50848.1,1.40332e+06,6.51482
2022-06-02,500.146,1.30238e+06,200,100029,1.40241e+06,6.57509
2022-06-06,500.146,1.30238e+06,200,100029,1.40241e+06,6.57509
2022-06-07,495.515,1.25276e+06,300,148654,1.40142e+06,6.64145
2022-06-08,503.85,1.40325e+06,0,0,1.40325e+06,6.51936
2022-06-09,501.072,1.35307e+06,100,50107.2,1.40318e+06,6.52409
2022-06-10,490.884,1.30391e+06,200,98176.7,1.40209e+06,6.59655
2022-06-13,477.917,1.25605e+06,300,143375,1.39943e+06,6.77384
2022-06-14,475.138,1.20847e+06,400,190055,1.39853e+06,6.83384
2022-06-15,471.434,1.16126e+06,500,235717,1.39698e+06,6.93702
2022-06-16,473.063,1.39675e+06,0,0,1.39675e+06,6.95242
2022-06-17,466.545,1.35003e+06,100,46654.5,1.39668e+06,6.95682
2022-06-20,463.751,1.30359e+06,200,92750.2,1.39634e+06,6.97983
2022-06-21,470.27,1.39722e+06,0,0,1.39722e+06,6.92069
2022-06-22,460.492,1.35111e+06,100,46049.2,1.39716e+06,6.92502
2022-06-23,452.111,1.30584e+06,200,90422.1,1.39626e+06,6.98511
2022-06-24,453.042,1.39604e+06,0,0,1.39604e+06,6.99935
2022-06-27,464.217,1.39604e+06,0,0,1.39604e+06,6.99935
2022-06-28,463.285,1.34965e+06,100,46328.5,1.39598e+06,7.00375
2022-06-29,457.232,1.30386e+06,200,91446.5,1.39531e+06,7.0484
2022-06-30,443.264,1.25947e+06,300,132979,1.39245e+06,7.23871
2022-07-01,422.311,1.21718e+06,400,168925,1.38611e+06,7.66145
2022-07-04,409.74,1.17615e+06,500,204870,1.38102e+06,8.0003
2022-07-05,415.327,1.3829e+06,0,0,1.3829e+06,7.87529
2022-07-06,405.549,1.34228e+06,100,40554.9,1.38284e+06,7.87908
2022-07-07,426.036,1.3847e+06,0,0,1.3847e+06,7.75506
2022-07-08,434.883,1.3847e+06,0,0,1.3847e+06,7.75506
2022-07-11,430.227,1.34162e+06,100,43022.7,1.38464e+06,7.75913
2022-07-12,418.586,1.2997e+06,200,83717.3,1.38342e+06,7.8406
2022-07-13,438.142,1.38694e+06,0,0,1.38694e+06,7.60576
2022-07-14,442.333,1.38694e+06,0,0,1.38694e+06,7.60576
2022-07-15,458.629,1.38694e+06,0,0,1.38694e+06,7.60576
2022-07-18,461.423,1.38694e+06,0,0,1.38694e+06,7.60576
2022-07-19,457.232,1.34115e+06,100,45723.2,1.38688e+06,7.61009
2022-07-20,460.957,1.38705e+06,0,0,1.38705e+06,7.5988
2022-07-21,466.545,1.38705e+06,0,0,1.38705e+06,7.5988
2022-07-22,468.407,1.38705e+06,0,0,1.38705e+06,7.5988
2022-07-25,465.148,1.34046e+06,100,46514.8,1.38698e+06,7.6032
2022-07-26,460.957,1.2943e+06,200,92191.4,1.3865e+06,7.63545
2022-07-27,467.476,1.38739e+06,0,0,1.38739e+06,7.57611
2022-07-28,466.545,1.34067e+06,100,46654.5,1.38732e+06,7.58051
2022-07-29,473.994,1.38786e+06,0,0,1.38786e+06,7.5448
2022-08-01,469.338,1.34086e+06,100,46933.8,1.38779e+06,7.5492
2022-08-02,458.164,1.29498e+06,200,91632.7,1.38661e+06,7.62797
2022-08-03,466.545,1.38787e+06,0,0,1.38787e+06,7.54368
2022-08-04,465.613,1.34125e+06,100,46561.3,1.38781e+06,7.54808
2022-08-05,480.513,1.38909e+06,0,0,1.38909e+06,7.46295
2022-08-08,476.788,1.34134e+06,100,47678.8,1.38902e+06,7.46741
2022-08-09,474.926,1.29378e+06,200,94985.1,1.38876e+06,7.48428
2022-08-10,465.613,1.24715e+06,300,139684,1.38684e+06,7.61275
2022-08-11,478.651,1.39011e+06,0,0,1.39011e+06,7.39443
2022-08-12,481.444,1.39011e+06,0,0,1.39011e+06,7.39443
2022-08-15,487.032,1.39011e+06,0,0,1.39011e+06,7.39443
2022-08-16,488.894,1.39011e+06,0,0,1.39011e+06,7.39443
2022-08-17,490.757,1.39011e+06,0,0,1.39011e+06,7.39443
2022-08-18,484.238,1.34162e+06,100,48423.8,1.39004e+06,7.39903
2022-08-19,483.307,1.29322e+06,200,96661.3,1.38988e+06,7.40976
2022-08-22,476.788,1.24548e+06,300,143036,1.38851e+06,7.50108
2022-08-23,469.338,1.19848e+06,400,187735,1.38621e+06,7.65436
2022-08-24,468.407,1.15157e+06,500,234204,1.38577e+06,7.68357
2022-08-25,473.063,1.38706e+06,0,0,1.38706e+06,7.59816
2022-08-26,476.788,1.38706e+06,0,0,1.38706e+06,7.59816
2022-08-29,464.217,1.34057e+06,100,46421.7,1.38699e+06,7.60256
2022-08-30,461.888,1.29431e+06,200,92377.7,1.38669e+06,7.6224
2022-08-31,470.27,1.38795e+06,0,0,1.38795e+06,7.53845
2022-09-01,456.767,1.34221e+06,100,45676.7,1.38789e+06,7.54278
2022-09-02,451.645,1.29698e+06,200,90329,1.38731e+06,7.58116
2022-09-05,452.576,1.3871e+06,0,0,1.3871e+06,7.59533
2022-09-06,455.37,1.3871e+06,0,0,1.3871e+06,7.59533
2022-09-07,440.005,1.34304e+06,100,44000.5,1.38704e+06,7.59946
2022-09-08,442.333,1.38707e+06,0,0,1.38707e+06,7.59694
2022-09-12,453.042,1.38707e+06,0,0,1.38707e+06,7.59694
2022-09-13,459.095,1.38707e+06,0,0,1.38707e+06,7.59694
2022-09-14,446.989,1.34231e+06,100,44698.9,1.38701e+06,7.60114
2022-09-15,446.286,1.29762e+06,200,89257.3,1.38688e+06,7.61002
2022-09-16,442.072,1.25335e+06,300,132622,1.38597e+06,7.6703
2022-09-19,437.389,1.20955e+06,400,174956,1.38451e+06,7.76802
2022-09-20,446.286,1.38728e+06,0,0,1.38728e+06,7.58349
2022-09-21,441.135,1.3431e+06,100,44113.5,1.38721e+06,7.58762
2022-09-22,435.047,1.29953e+06,200,87009.5,1.38654e+06,7.63224
2022-09-23,426.15,1.25686e+06,300,127845,1.3847e+06,7.75478
2022-09-26,418.189,1.21498e+06,400,167275,1.38226e+06,7.91781
2022-09-27,419.593,1.38208e+06,0,0,1.38208e+06,7.92981
2022-09-28,410.228,1.341e+06,100,41022.8,1.38202e+06,7.93367
2022-09-29,407.418,1.3002e+06,200,81483.6,1.38168e+06,7.95626
2022-09-30,395.242,1.26062e+06,300,118573,1.37919e+06,8.12221
2022-10-03,390.559,1.22151e+06,400,156224,1.37773e+06,8.21946
2022-10-04,401.798,1.38151e+06,0,0,1.38151e+06,7.96734
2022-10-05,416.784,1.38151e+06,0,0,1.38151e+06,7.96734
2022-10-06,422.403,1.38151e+06,0,0,1.38151e+06,7.96734
2022-10-07,410.228,1.34043e+06,100,41022.8,1.38146e+06,7.9712
2022-10-11,376.042,1.30278e+06,200,75208.4,1.37798e+06,8.20247
2022-10-12,372.296,1.26549e+06,300,111689,1.37718e+06,8.25591
2022-10-13,369.954,1.22845e+06,400,147982,1.37643e+06,8.30617
2022-10-14,385.876,1.38211e+06,0,0,1.38211e+06,7.92733
2022-10-17,371.827,1.34488e+06,100,37182.7,1.38206e+06,7.9308
2022-10-18,381.193,1.38283e+06,0,0,1.38283e+06,7.8796
2022-10-19,370.422,1.34574e+06,100,37042.2,1.38278e+06,7.88306
2022-10-20,372.296,1.3828e+06,0,0,1.3828e+06,7.88151
2022-10-21,364.803,1.34627e+06,100,36480.3,1.38275e+06,7.8849
2022-10-24,362.461,1.30997e+06,200,72492.3,1.38247e+06,7.9039
2022-10-25,347.476,1.27518e+06,300,104243,1.37942e+06,8.10682
2022-10-26,352.159,1.38036e+06,0,0,1.38036e+06,8.04428
2022-10-27,361.057,1.38036e+06,0,0,1.38036e+06,8.04428
2022-10-28,355.437,1.34476e+06,100,35543.7,1.38031e+06,8.04761
2022-10-31,365.271,1.38113e+06,0,0,1.38113e+06,7.99282
2022-11-01,366.676,1.38113e+06,0,0,1.38113e+06,7.99282
2022-11-02,369.954,1.38113e+06,0,0,1.38113e+06,7.99282
2022-11-03,359.652,1.34511e+06,100,35965.2,1.38108e+06,7.99622
2022-11-04,357.778,1.30929e+06,200,71555.7,1.38084e+06,8.01203
2022-11-07,365.271,1.38202e+06,0,0,1.38202e+06,7.93371
2022-11-08,373.7,1.38202e+06,0,0,1.38202e+06,7.93371
2022-11-09,390.559,1.38202e+06,0,0,1.38202e+06,7.93371
2022-11-10,381.661,1.3438e+06,100,38166.1,1.38196e+06,7.93731
2022-11-11,413.506,1.38497e+06,0,0,1.38497e+06,7.7373
2022-11-14,416.784,1.38497e+06,0,0,1.38497e+06,7.7373
2022-11-15,449.564,1.38497e+06,0,0,1.38497e+06,7.7373
2022-11-16,456.121,1.38497e+06,0,0,1.38497e+06,7.7373
2022-11-17,454.247,1.33948e+06,100,45424.7,1.3849e+06,7.74156
2022-11-18,456.121,1.38489e+06,0,0,1.38489e+06,7.74241
2022-11-21,451.438,1.33968e+06,100,45143.8,1.38483e+06,7.74667
2022-11-22,459.867,1.38547e+06,0,0,1.38547e+06,7.70397
2022-11-23,460.804,1.38547e+06,0,0,1.38547e+06,7.70397
2022-11-24,464.55,1.38547e+06,0,0,1.38547e+06,7.70397
2022-11-25,466.423,1.38547e+06,0,0,1.38547e+06,7.70397
2022-11-28,450.033,1.3404e+06,100,45003.3,1.3854e+06,7.70824
2022-11-29,456.121,1.38581e+06,0,0,1.38581e+06,7.681
2022-11-30,458.93,1.38581e+06,0,0,1.38581e+06,7.681
2022-12-01,466.891,1.38581e+06,0,0,1.38581e+06,7.681
2022-12-02,461.272,1.33962e+06,100,46127.2,1.38575e+06,7.68533
2022-12-05,457.994,1.29376e+06,200,91598.8,1.38535e+06,7.7115
2022-12-06,447.691,1.24892e+06,300,134307,1.38323e+06,7.85296
2022-12-07,444.881,1.20437e+06,400,177953,1.38232e+06,7.91331
2022-12-08,441.603,1.16015e+06,500,220802,1.38095e+06,8.0048
2022-12-09,450.969,1.38464e+06,0,0,1.38464e+06,7.75925
2022-12-12,444.881,1.34009e+06,100,44488.1,1.38457e+06,7.76344
2022-12-13,441.603,1.29586e+06,200,88320.7,1.38418e+06,7.78941
2022-12-14,450.033,1.38547e+06,0,0,1.38547e+06,7.70362
2022-12-15,452.623,1.38547e+06,0,0,1.38547e+06,7.70362
2022-12-16,443.674,1.34104e+06,100,44367.4,1.38541e+06,7.70781
2022-12-19,439.435,1.29704e+06,200,87887.1,1.38492e+06,7.74018
2022-12-20,430.958,1.25388e+06,300,129287,1.38317e+06,7.8572
2022-12-21,432.371,1.38302e+06,0,0,1.38302e+06,7.86713
2022-12-22,440.848,1.38302e+06,0,0,1.38302e+06,7.86713
2022-12-23,428.603,1.3401e+06,100,42860.3,1.38296e+06,7.8712
2022-12-26,430.016,1.38291e+06,0,0,1.38291e+06,7.87444
2022-12-27,430.487,1.38291e+06,0,0,1.38291e+06,7.87444
2022-12-28,424.835,1.34036e+06,100,42483.5,1.38285e+06,7.87844
2022-12-29,420.125,1.29829e+06,200,84025,1.38232e+06,7.91374
2022-12-30,422.48,1.38242e+06,0,0,1.38242e+06,7.90722
2023-01-03,426.719,1.38242e+06,0,0,1.38242e+06,7.90722
2023-01-04,423.422,1.34001e+06,100,42342.2,1.38236e+06,7.91121
2023-01-05,431.9,1.38301e+06,0,0,1.38301e+06,7.86739
2023-01-06,431.9,1.38301e+06,0,0,1.38301e+06,7.86739
2023-01-09,453.094,1.38301e+06,0,0,1.38301e+06,7.86739
2023-01-10,457.804,1.38301e+06,0,0,1.38301e+06,7.86739
2023-01-11,456.391,1.33731e+06,100,45639.1,1.38295e+06,7.87172
2023-01-12,458.275,1.38294e+06,0,0,1.38294e+06,7.87263
2023-01-13,470.992,1.38294e+06,0,0,1.38294e+06,7.87263
2023-01-16,475.702,1.38294e+06,0,0,1.38294e+06,7.87263
2023-01-17,473.818,1.33549e+06,100,47381.8,1.38287e+06,7.87709
2023-01-30,511.497,1.38641e+06,0,0,1.38641e+06,7.64107
2023-01-31,491.716,1.33717e+06,100,49171.6,1.38634e+06,7.64574
2023-02-01,499.251,1.38687e+06,0,0,1.38687e+06,7.61019
2023-02-02,508.671,1.38687e+06,0,0,1.38687e+06,7.61019
2023-02-03,510.555,1.38687e+06,0,0,1.38687e+06,7.61019
2023-02-06,495.483,1.33726e+06,100,49548.3,1.3868e+06,7.61485
2023-02-07,492.658,1.28792e+06,200,98531.5,1.38645e+06,7.63834
2023-02-08,508.671,1.38921e+06,0,0,1.38921e+06,7.45489
2023-02-09,508.671,1.38921e+06,0,0,1.38921e+06,7.45489
2023-02-10,513.381,1.38921e+06,0,0,1.38921e+06,7.45489
2023-02-13,509.613,1.33817e+06,100,50961.3,1.38913e+06,7.45969
2023-02-14,513.381,1.38928e+06,0,0,1.38928e+06,7.44971
2023-02-15,494.542,1.33976e+06,100,49454.2,1.38921e+06,7.45438
2023-02-16,497.368,1.38928e+06,0,0,1.38928e+06,7.45014
2023-02-17,487.948,1.34041e+06,100,48794.8,1.38921e+06,7.45474
2023-02-20,487.006,1.29164e+06,200,97401.1,1.38905e+06,7.46561
2023-02-21,486.064,1.24297e+06,300,145819,1.38879e+06,7.48276
2023-02-22,477.586,1.19514e+06,400,191034,1.38618e+06,7.65672
2023-02-23,487.948,1.38946e+06,0,0,1.38946e+06,7.4381
2023-02-24,481.354,1.34125e+06,100,48135.4,1.38939e+06,7.44263
2023-03-01,491.716,1.39021e+06,0,0,1.39021e+06,7.38805
2023-03-02,488.89,1.34125e+06,100,48889,1.39014e+06,7.39265
2023-03-03,486.064,1.29258e+06,200,97212.7,1.38979e+06,7.41607
2023-03-06,490.774,1.3903e+06,0,0,1.3903e+06,7.38217
2023-03-07,493.599,1.3903e+06,0,0,1.3903e+06,7.38217
2023-03-08,490.774,1.34115e+06,100,49077.4,1.39023e+06,7.38676
2023-03-09,491.716,1.39011e+06,0,0,1.39011e+06,7.39494
2023-03-10,483.238,1.34171e+06,100,48323.8,1.39004e+06,7.39947
2023-03-13,486.064,1.39011e+06,0,0,1.39011e+06,7.3949
2023-03-14,480.412,1.342e+06,100,48041.2,1.39004e+06,7.39943
2023-03-15,481.354,1.38992e+06,0,0,1.38992e+06,7.40728
2023-03-16,478.276,1.34203e+06,100,47827.6,1.38985e+06,7.41181
2023-03-17,490.588,1.39087e+06,0,0,1.39087e+06,7.34418
2023-03-20,484.905,1.34231e+06,100,48490.5,1.3908e+06,7.34878
2023-03-21,489.64,1.39106e+06,0,0,1.39106e+06,7.33156
2023-03-22,504.794,1.39106e+06,0,0,1.39106e+06,7.33156
2023-03-23,509.529,1.39106e+06,0,0,1.39106e+06,7.33156
2023-03-24,510.476,1.39106e+06,0,0,1.39106e+06,7.33156
2023-03-27,502.9,1.3407e+06,100,50290,1.39099e+06,7.33628
2023-03-28,497.217,1.2909e+06,200,99443.4,1.39035e+06,7.3788
2023-03-29,501.953,1.39085e+06,0,0,1.39085e+06,7.34529
2023-03-30,506.688,1.39085e+06,0,0,1.39085e+06,7.34529
2023-03-31,504.794,1.3403e+06,100,50479.4,1.39078e+06,7.35002
2023-04-06,501.953,1.29003e+06,200,100391,1.39043e+06,7.37368
2023-04-07,502.9,1.39017e+06,0,0,1.39017e+06,7.39064
2023-04-10,501.005,1.34e+06,100,50100.5,1.3901e+06,7.39537
2023-04-11,496.27,1.2903e+06,200,99254,1.38956e+06,7.43158
2023-04-12,492.482,1.24098e+06,300,147745,1.38873e+06,7.48671
2023-04-13,483.011,1.19261e+06,400,193204,1.38582e+06,7.68052
2023-04-14,488.693,1.38723e+06,0,0,1.38723e+06,7.58666
2023-04-17,492.482,1.38723e+06,0,0,1.38723e+06,7.58666
2023-04-18,487.746,1.33838e+06,100,48774.6,1.38716e+06,7.59125
2023-04-19,483.011,1.29002e+06,200,96602.2,1.38662e+06,7.62733
2023-04-20,485.852,1.38676e+06,0,0,1.38676e+06,7.61805
2023-04-21,483.958,1.33829e+06,100,48395.8,1.38669e+06,7.62258
2023-04-24,480.17,1.29021e+06,200,96033.9,1.38624e+06,7.65235
2023-04-25,471.646,1.24298e+06,300,141494,1.38447e+06,7.77038
2023-04-26,465.49,1.19636e+06,400,186196,1.38256e+06,7.8978
2023-04-27,467.384,1.38249e+06,0,0,1.38249e+06,7.90236
2023-04-28,475.434,1.38249e+06,0,0,1.38249e+06,7.90236
2023-05-02,474.487,1.33497e+06,100,47448.7,1.38242e+06,7.90682
2023-05-03,469.752,1.28793e+06,200,93950.4,1.38188e+06,7.94276
2023-05-04,471.646,1.38185e+06,0,0,1.38185e+06,7.94524
2023-05-05,473.54,1.38185e+06,0,0,1.38185e+06,7.94524
2023-05-08,477.328,1.38185e+06,0,0,1.38185e+06,7.94524
2023-05-09,483.011,1.38185e+06,0,0,1.38185e+06,7.94524
2023-05-10,476.381,1.33414e+06,100,47638.1,1.38178e+06,7.9497
2023-05-11,472.593,1.28681e+06,200,94518.6,1.38133e+06,7.9794
2023-05-12,469.752,1.23977e+06,300,140926,1.3807e+06,8.02165
2023-05-15,469.278,1.19278e+06,400,187711,1.38049e+06,8.03552
2023-05-16,478.276,1.38324e+06,0,0,1.38324e+06,7.85206
2023-05-17,491.535,1.38324e+06,0,0,1.38324e+06,7.85206
2023-05-18,501.953,1.38324e+06,0,0,1.38324e+06,7.85206
2023-05-19,503.847,1.38324e+06,0,0,1.38324e+06,7.85206
2023-05-22,502.9,1.33288e+06,100,50290,1.38317e+06,7.85679
2023-05-23,501.953,1.28262e+06,200,100391,1.38301e+06,7.86783
2023-05-24,497.217,1.23283e+06,300,149165,1.38199e+06,7.93558
2023-05-25,514.265,1.38642e+06,0,0,1.38642e+06,7.64025
2023-05-26,536.047,1.38642e+06,0,0,1.38642e+06,7.64025
2023-05-29,537.942,1.38642e+06,0,0,1.38642e+06,7.64025
2023-05-30,536.047,1.33274e+06,100,53604.7,1.38635e+06,7.64531
2023-05-31,528.471,1.27982e+06,200,105694,1.38551e+06,7.70078
2023-06-01,521.841,1.22756e+06,300,156552,1.38411e+06,7.79404
2023-06-02,532.259,1.38653e+06,0,0,1.38653e+06,7.63287
2023-06-05,525.63,1.3339e+06,100,52563,1.38646e+06,7.6378
2023-06-06,530.365,1.3867e+06,0,0,1.3867e+06,7.62184
2023-06-07,537.942,1.3867e+06,0,0,1.3867e+06,7.62184
2023-06-08,529.418,1.33368e+06,100,52941.8,1.38662e+06,7.62684
2023-06-09,535.1,1.38696e+06,0,0,1.38696e+06,7.60471
2023-06-12,543.624,1.38696e+06,0,0,1.38696e+06,7.60471
2023-06-13,561.619,1.38696e+06,0,0,1.38696e+06,7.60471
2023-06-14,558.777,1.331e+06,100,55877.7,1.38688e+06,7.60997
2023-06-15,562.345,1.38699e+06,0,0,1.38699e+06,7.60272
2023-06-16,560.442,1.33086e+06,100,56044.2,1.38691e+06,7.60798
2023-06-19,554.733,1.27531e+06,200,110947,1.38626e+06,7.65128
2023-06-20,554.733,1.27531e+06,200,110947,1.38626e+06,7.65128
2023-06-21,552.83,1.21995e+06,300,165849,1.3858e+06,7.68183
2023-06-26,546.17,1.16526e+06,400,218468,1.38372e+06,7.82007
2023-06-27,544.267,1.11075e+06,500,272133,1.38289e+06,7.87591
2023-06-28,546.17,1.38263e+06,0,0,1.38263e+06,7.893
2023-06-29,545.218,1.32803e+06,100,54521.8,1.38255e+06,7.89813
2023-06-30,548.073,1.3826e+06,0,0,1.3826e+06,7.89523
2023-07-03,550.927,1.3826e+06,0,0,1.3826e+06,7.89523
2023-07-04,556.636,1.3826e+06,0,0,1.3826e+06,7.89523
2023-07-05,553.782,1.32714e+06,100,55378.2,1.38252e+06,7.90043
2023-07-06,537.606,1.2733e+06,200,107521,1.38082e+06,8.01325
2023-07-07,537.606,1.2733e+06,200,107521,1.38082e+06,8.01325
2023-07-10,537.606,1.2733e+06,200,107521,1.38082e+06,8.01325
2023-07-11,549.024,1.38262e+06,0,0,1.38262e+06,7.89343
2023-07-12,549.976,1.38262e+06,0,0,1.38262e+06,7.89343
2023-07-13,556.636,1.38262e+06,0,0,1.38262e+06,7.89343
2023-07-14,562.345,1.38262e+06,0,0,1.38262e+06,7.89343
2023-07-17,562.345,1.38262e+06,0,0,1.38262e+06,7.89343
2023-07-18,552.83,1.32726e+06,100,55283,1.38254e+06,7.89863
2023-07-19,552.83,1.32726e+06,100,55283,1.38254e+06,7.89863
2023-07-20,550.927,1.27209e+06,200,110185,1.38228e+06,7.9165
2023-07-21,532.848,1.21873e+06,300,159855,1.37859e+06,8.16237
2023-07-24,530.945,1.16556e+06,400,212378,1.37794e+06,8.2054
2023-07-25,541.412,1.38117e+06,0,0,1.38117e+06,7.99025
2023-07-26,538.557,1.32724e+06,100,53855.7,1.38109e+06,7.99531
2023-07-27,541.412,1.38114e+06,0,0,1.38114e+06,7.99222
2023-07-28,539.509,1.32711e+06,100,53950.9,1.38106e+06,7.99728
2023-07-31,537.606,1.27328e+06,200,107521,1.3808e+06,8.01502
2023-08-01,539.509,1.3807e+06,0,0,1.3807e+06,8.02138
2023-08-02,533.8,1.32725e+06,100,53380,1.38063e+06,8.02644
2023-08-04,527.139,1.27446e+06,200,105428,1.37989e+06,8.07581
2023-08-07,530.945,1.38018e+06,0,0,1.38018e+06,8.05634
2023-08-08,525.236,1.32758e+06,100,52523.6,1.3801e+06,8.06127
2023-08-09,527.139,1.38006e+06,0,0,1.38006e+06,8.06411
2023-08-10,524.285,1.32756e+06,100,52428.5,1.37999e+06,8.06904
2023-08-11,519.527,1.27553e+06,200,103905,1.37944e+06,8.10567
2023-08-14,514.77,1.22398e+06,300,154431,1.37841e+06,8.17392
2023-08-15,515.721,1.37801e+06,0,0,1.37801e+06,8.20047
2023-08-16,515.721,1.37801e+06,0,0,1.37801e+06,8.20047
2023-08-17,517.624,1.37801e+06,0,0,1.37801e+06,8.20047
2023-08-18,512.867,1.32665e+06,100,51286.7,1.37794e+06,8.20533
2023-08-21,510.964,1.27549e+06,200,102193,1.37768e+06,8.22281
2023-08-22,514.77,1.37799e+06,0,0,1.37799e+06,8.20234
2023-08-23,525.236,1.37799e+06,0,0,1.37799e+06,8.20234
2023-08-24,536.655,1.37799e+06,0,0,1.37799e+06,8.20234
2023-08-25,519.527,1.32596e+06,100,51952.7,1.37791e+06,8.20727
2023-08-28,522.382,1.37797e+06,0,0,1.37797e+06,8.20358
2023-08-29,525.236,1.37797e+06,0,0,1.37797e+06,8.20358
2023-08-30,528.091,1.37797e+06,0,0,1.37797e+06,8.20358
2023-08-31,522.382,1.32566e+06,100,52238.2,1.37789e+06,8.20851
2023-09-01,521.43,1.27344e+06,200,104286,1.37772e+06,8.21977
2023-09-04,529.994,1.37897e+06,0,0,1.37897e+06,8.13685
2023-09-05,525.236,1.32637e+06,100,52523.6,1.37889e+06,8.14178
2023-09-06,523.333,1.27396e+06,200,104667,1.37863e+06,8.15939
2023-09-07,515.721,1.22232e+06,300,154716,1.37704e+06,8.26567
2023-09-08,512.867,1.17096e+06,400,205147,1.37611e+06,8.32758
2023-09-11,510.012,1.11989e+06,500,255006,1.37489e+06,8.40845
2023-09-12,517.624,1.37755e+06,0,0,1.37755e+06,8.23111
2023-09-13,514.77,1.326e+06,100,51477,1.37748e+06,8.23597
2023-09-14,526.251,1.3784e+06,0,0,1.3784e+06,8.17487
2023-09-15,533.906,1.3784e+06,0,0,1.3784e+06,8.17487
2023-09-18,516.683,1.32666e+06,100,51668.3,1.37833e+06,8.17973
2023-09-19,514.77,1.27511e+06,200,102954,1.37806e+06,8.19734
2023-09-20,511.899,1.22385e+06,300,153570,1.37741e+06,8.24039
2023-09-21,504.245,1.17335e+06,400,201698,1.37505e+06,8.39809
2023-09-22,499.46,1.12333e+06,500,249730,1.37306e+06,8.5303
2023-09-25,502.331,1.37339e+06,0,0,1.37339e+06,8.50864
2023-09-26,496.59,1.32366e+06,100,49659,1.37332e+06,8.5133
2023-09-27,499.46,1.37339e+06,0,0,1.37339e+06,8.50884
2023-09-28,500.417,1.37339e+06,0,0,1.37339e+06,8.50884
2023-10-02,509.986,1.37339e+06,0,0,1.37339e+06,8.50884
2023-10-03,506.158,1.3227e+06,100,50615.8,1.37331e+06,8.51363
2023-10-04,497.547,1.27287e+06,200,99509.4,1.37238e+06,8.57566
2023-10-05,505.201,1.37347e+06,0,0,1.37347e+06,8.50339
2023-10-06,509.029,1.37347e+06,0,0,1.37347e+06,8.50339
2023-10-11,520.511,1.37347e+06,0,0,1.37347e+06,8.50339
2023-10-12,526.251,1.37347e+06,0,0,1.37347e+06,8.50339
2023-10-13,529.122,1.37347e+06,0,0,1.37347e+06,8.50339
2023-10-16,521.467,1.32125e+06,100,52146.7,1.37339e+06,8.50832
2023-10-17,527.208,1.37373e+06,0,0,1.37373e+06,8.4856
2023-10-18,516.683,1.32199e+06,100,51668.3,1.37366e+06,8.49046
2023-10-19,522.424,1.37401e+06,0,0,1.37401e+06,8.46754
2023-10-20,531.992,1.37401e+06,0,0,1.37401e+06,8.46754
2023-10-23,520.511,1.32188e+06,100,52051.1,1.37393e+06,8.47247
2023-10-24,520.511,1.32188e+06,100,52051.1,1.37393e+06,8.47247
2023-10-25,520.511,1.32188e+06,100,52051.1,1.37393e+06,8.47247
2023-10-26,508.072,1.271e+06,200,101614,1.37262e+06,8.56013
2023-10-27,509.986,1.37255e+06,0,0,1.37255e+06,8.56461
2023-10-30,509.029,1.32157e+06,100,50902.9,1.37248e+06,8.5694
2023-10-31,506.158,1.27089e+06,200,101232,1.37212e+06,8.59332
2023-11-01,505.201,1.22029e+06,300,151560,1.37185e+06,8.6108
2023-11-02,523.381,1.37661e+06,0,0,1.37661e+06,8.29371
2023-11-03,525.295,1.37661e+06,0,0,1.37661e+06,8.29371
2023-11-06,526.251,1.37661e+06,0,0,1.37661e+06,8.29371
2023-11-07,531.036,1.37661e+06,0,0,1.37661e+06,8.29371
2023-11-08,531.992,1.37661e+06,0,0,1.37661e+06,8.29371
2023-11-09,532.949,1.37661e+06,0,0,1.37661e+06,8.29371
2023-11-10,532.949,1.37661e+06,0,0,1.37661e+06,8.29371
2023-11-13,546.345,1.37661e+06,0,0,1.37661e+06,8.29371
2023-11-14,547.302,1.37661e+06,0,0,1.37661e+06,8.29371
2023-11-15,555.913,1.37661e+06,0,0,1.37661e+06,8.29371
2023-11-16,557.826,1.37661e+06,0,0,1.37661e+06,8.29371
2023-11-17,554.956,1.32104e+06,100,55495.6,1.37654e+06,8.29897
2023-11-20,552.086,1.26575e+06,200,110417,1.37617e+06,8.32329
2023-11-21,559.74,1.37721e+06,0,0,1.37721e+06,8.25421
2023-11-22,552.086,1.32192e+06,100,55208.6,1.37713e+06,8.25941
2023-11-23,553.042,1.37698e+06,0,0,1.37698e+06,8.26922
2023-11-24,550.172,1.32189e+06,100,55017.2,1.3769e+06,8.27442
2023-11-27,543.474,1.26746e+06,200,108695,1.37616e+06,8.32417
2023-11-28,550.172,1.37701e+06,0,0,1.37701e+06,8.26731
2023-11-29,549.215,1.32201e+06,100,54921.5,1.37693e+06,8.2725
2023-11-30,552.086,1.37698e+06,0,0,1.37698e+06,8.26957
2023-12-01,553.999,1.37698e+06,0,0,1.37698e+06,8.26957
2023-12-04,549.215,1.32198e+06,100,54921.5,1.3769e+06,8.27476
2023-12-05,545.388,1.26736e+06,200,109078,1.37644e+06,8.30539
2023-12-06,545.388,1.26736e+06,200,109078,1.37644e+06,8.30539
2023-12-07,541.561,1.21313e+06,300,162468,1.3756e+06,8.36151
2023-12-08,545.388,1.37602e+06,0,0,1.37602e+06,8.33319
2023-12-11,549.215,1.37602e+06,0,0,1.37602e+06,8.33319
2023-12-12,553.042,1.37602e+06,0,0,1.37602e+06,8.33319
2023-12-13,552.086,1.32074e+06,100,55208.6,1.37594e+06,8.33838
2023-12-14,559.78,1.37647e+06,0,0,1.37647e+06,8.30351
2023-12-15,562.666,1.37647e+06,0,0,1.37647e+06,8.30351
2023-12-18,562.666,1.37647e+06,0,0,1.37647e+06,8.30351
2023-12-19,562.666,1.37647e+06,0,0,1.37647e+06,8.30351
2023-12-20,562.666,1.37647e+06,0,0,1.37647e+06,8.30351
2023-12-21,554.971,1.32089e+06,100,55497.1,1.37639e+06,8.30877
2023-12-22,559.78,1.37662e+06,0,0,1.37662e+06,8.29312
2023-12-25,558.818,1.32066e+06,100,55881.8,1.37654e+06,8.29839
2023-12-26,563.628,1.37678e+06,0,0,1.37678e+06,8.28294
2023-12-27,569.398,1.37678e+06,0,0,1.37678e+06,8.28294
2023-12-28,570.36,1.37678e+06,0,0,1.37678e+06,8.28294
2023-12-29,570.36,1.37678e+06,0,0,1.37678e+06,8.28294
2024-01-02,570.36,1.37678e+06,0,0,1.37678e+06,8.28294
2024-01-03,555.933,1.3211e+06,100,55593.3,1.3767e+06,8.2882
2024-01-04,557.857,1.37664e+06,0,0,1.37664e+06,8.29177
2024-01-05,554.009,1.32116e+06,100,55400.9,1.37657e+06,8.29697
2024-01-08,560.742,1.37699e+06,0,0,1.37699e+06,8.26857
2024-01-09,563.628,1.37699e+06,0,0,1.37699e+06,8.26857
2024-01-10,561.704,1.32074e+06,100,56170.4,1.37691e+06,8.2739
2024-01-11,563.628,1.37686e+06,0,0,1.37686e+06,8.27767
2024-01-12,561.704,1.3206e+06,100,56170.4,1.37678e+06,8.283
2024-01-15,563.628,1.37672e+06,0,0,1.37672e+06,8.28677
2024-01-16,557.857,1.32085e+06,100,55785.7,1.37664e+06,8.29204
2024-01-17,558.818,1.37649e+06,0,0,1.37649e+06,8.30202
2024-01-18,565.551,1.37649e+06,0,0,1.37649e+06,8.30202
2024-01-19,602.1,1.37649e+06,0,0,1.37649e+06,8.30202
2024-01-22,602.1,1.37649e+06,0,0,1.37649e+06,8.30202
2024-01-23,604.024,1.37649e+06,0,0,1.37649e+06,8.30202
2024-01-24,603.062,1.3161e+06,100,60306.2,1.3764e+06,8.30768
2024-01-25,617.489,1.37758e+06,0,0,1.37758e+06,8.22969
2024-01-26,619.413,1.37758e+06,0,0,1.37758e+06,8.22969
2024-01-29,623.26,1.37758e+06,0,0,1.37758e+06,8.22969
2024-01-30,617.489,1.31574e+06,100,61748.9,1.37749e+06,8.23549
2024-01-31,604.024,1.25525e+06,200,120805,1.37606e+06,8.33092
2024-02-01,604.024,1.25525e+06,200,120805,1.37606e+06,8.33092
2024-02-02,610.757,1.37686e+06,0,0,1.37686e+06,8.27719
2024-02-05,621.337,1.37686e+06,0,0,1.37686e+06,8.27719
2024-02-15,670.39,1.37686e+06,0,0,1.37686e+06,8.27719
2024-02-16,656.924,1.31108e+06,100,65692.4,1.37677e+06,8.28338
2024-02-19,652.115,1.24577e+06,200,130423,1.3762e+06,8.32155
2024-02-20,660.771,1.37734e+06,0,0,1.37734e+06,8.24512
2024-02-21,655.001,1.31175e+06,100,65500.1,1.37725e+06,8.25132
2024-02-22,665.581,1.37802e+06,0,0,1.37802e+06,8.20035
2024-02-23,670.39,1.37802e+06,0,0,1.37802e+06,8.20035
2024-02-26,671.352,1.37802e+06,0,0,1.37802e+06,8.20035
2024-02-27,671.352,1.37802e+06,0,0,1.37802e+06,8.20035
2024-02-29,663.657,1.31156e+06,100,66365.7,1.37792e+06,8.20662
2024-03-01,662.695,1.24519e+06,200,132539,1.37773e+06,8.21929
2024-03-04,697.321,1.38404e+06,0,0,1.38404e+06,7.79899
2024-03-05,702.13,1.38404e+06,0,0,1.38404e+06,7.79899
2024-03-06,706.939,1.38404e+06,0,0,1.38404e+06,7.79899
2024-03-07,730.984,1.38404e+06,0,0,1.38404e+06,7.79899
2024-03-08,754.068,1.38404e+06,0,0,1.38404e+06,7.79899
2024-03-11,736.755,1.31026e+06,100,73675.5,1.38394e+06,7.80592
2024-03-12,740.603,1.38399e+06,0,0,1.38399e+06,7.80207
2024-03-13,749.259,1.38399e+06,0,0,1.38399e+06,7.80207
2024-03-14,754.068,1.38399e+06,0,0,1.38399e+06,7.80207
2024-03-15,724.252,1.31147e+06,100,72425.2,1.38389e+06,7.80893
2024-03-18,738.263,1.38497e+06,0,0,1.38497e+06,7.73731
2024-03-19,736.33,1.31123e+06,100,73633,1.38486e+06,7.74424
2024-03-20,732.465,1.23788e+06,200,146493,1.38437e+06,7.77692
2024-03-21,757.589,1.38873e+06,0,0,1.38873e+06,7.48674
2024-03-22,758.556,1.38873e+06,0,0,1.38873e+06,7.48674
2024-03-25,753.724,1.31325e+06,100,75372.4,1.38862e+06,7.49387
2024-03-26,755.657,1.38848e+06,0,0,1.38848e+06,7.50318
2024-03-27,752.758,1.3131e+06,100,75275.8,1.38837e+06,7.51031
2024-03-28,743.095,1.23868e+06,200,148619,1.3873e+06,7.58168
2024-03-29,749.859,1.38799e+06,0,0,1.38799e+06,7.53566
2024-04-01,744.061,1.31348e+06,100,74406.1,1.38789e+06,7.54272
2024-04-02,763.387,1.38948e+06,0,0,1.38948e+06,7.43642
2024-04-03,753.724,1.314e+06,100,75372.4,1.38938e+06,7.44355
2024-04-08,756.623,1.38933e+06,0,0,1.38933e+06,7.44642
2024-04-09,791.41,1.38933e+06,0,0,1.38933e+06,7.44642
2024-04-10,787.545,1.31047e+06,100,78754.5,1.38922e+06,7.45388
2024-04-11,792.377,1.38936e+06,0,0,1.38936e+06,7.44495
2024-04-12,790.444,1.3102e+06,100,79044.4,1.38924e+06,7.45241
2024-04-15,778.848,1.2322e+06,200,155770,1.38797e+06,7.53698
2024-04-16,761.454,1.15595e+06,300,228436,1.38439e+06,7.77592
2024-04-17,776.916,1.38799e+06,0,0,1.38799e+06,7.53561
2024-04-18,776.916,1.38799e+06,0,0,1.38799e+06,7.53561
2024-04-19,724.735,1.31542e+06,100,72473.5,1.38789e+06,7.54247
2024-04-22,717.004,1.24362e+06,200,143401,1.38702e+06,7.60077
2024-04-23,728.6,1.38869e+06,0,0,1.38869e+06,7.48917
2024-04-24,756.623,1.38869e+06,0,0,1.38869e+06,7.48917
2024-04-25,740.196,1.31457e+06,100,74019.6,1.38859e+06,7.49617
2024-04-26,755.657,1.3898e+06,0,0,1.3898e+06,7.41535
2024-04-29,768.219,1.3898e+06,0,0,1.3898e+06,7.41535
2024-04-30,763.387,1.31335e+06,100,76338.7,1.38969e+06,7.42255
2024-05-02,745.993,1.23865e+06,200,149199,1.38785e+06,7.54548
2024-05-03,753.724,1.38873e+06,0,0,1.38873e+06,7.48685
2024-05-06,759.522,1.38873e+06,0,0,1.38873e+06,7.48685
2024-05-07,773.05,1.38873e+06,0,0,1.38873e+06,7.48685
2024-05-08,774.983,1.38873e+06,0,0,1.38873e+06,7.48685
2024-05-09,769.185,1.3117e+06,100,76918.5,1.38862e+06,7.49411
2024-05-10,774.983,1.38886e+06,0,0,1.38886e+06,7.47827
2024-05-13,791.41,1.38886e+06,0,0,1.38886e+06,7.47827
2024-05-14,797.208,1.38886e+06,0,0,1.38886e+06,7.47827
2024-05-15,810.736,1.38886e+06,0,0,1.38886e+06,7.47827
2024-05-16,812.669,1.38886e+06,0,0,1.38886e+06,7.47827
2024-05-17,806.871,1.30805e+06,100,80687.1,1.38874e+06,7.48586
2024-05-20,806.871,1.30805e+06,100,80687.1,1.38874e+06,7.48586
2024-05-21,812.669,1.38896e+06,0,0,1.38896e+06,7.47109
2024-05-22,834.894,1.38896e+06,0,0,1.38896e+06,7.47109
2024-05-23,845.524,1.38896e+06,0,0,1.38896e+06,7.47109
2024-05-24,837.793,1.30506e+06,100,83779.3,1.38884e+06,7.47902
2024-05-27,839.726,1.38867e+06,0,0,1.38867e+06,7.49079
2024-05-28,835.861,1.30496e+06,100,83586.1,1.38855e+06,7.49872
2024-05-29,828.13,1.22203e+06,200,165626,1.38766e+06,7.55808
2024-05-30,809.77,1.14094e+06,300,242931,1.38387e+06,7.81035
2024-05-31,793.343,1.06149e+06,400,317337,1.37883e+06,8.14619
2024-06-03,817.501,1.38705e+06,0,0,1.38705e+06,7.59878
2024-06-04,810.736,1.30586e+06,100,81073.6,1.38693e+06,7.60644
2024-06-05,825.231,1.38802e+06,0,0,1.38802e+06,7.53413
2024-06-06,863.884,1.38802e+06,0,0,1.38802e+06,7.53413
2024-06-07,849.389,1.30296e+06,100,84938.9,1.3879e+06,7.54219
2024-06-11,853.254,1.38791e+06,0,0,1.38791e+06,7.54149
2024-06-12,878.378,1.38791e+06,0,0,1.38791e+06,7.54149
2024-06-13,891.474,1.38791e+06,0,0,1.38791e+06,7.54149
2024-06-14,894.384,1.38791e+06,0,0,1.38791e+06,7.54149
2024-06-17,893.414,1.29844e+06,100,89341.4,1.38778e+06,7.54995
2024-06-18,914.755,1.38951e+06,0,0,1.38951e+06,7.4347
2024-06-19,951.617,1.38951e+06,0,0,1.38951e+06,7.4347
2024-06-20,951.617,1.38951e+06,0,0,1.38951e+06,7.4347
2024-06-21,940.946,1.29528e+06,100,94094.6,1.38938e+06,7.44362
2024-06-24,911.845,1.20397e+06,200,182369,1.38634e+06,7.64608
2024-06-25,916.695,1.38649e+06,0,0,1.38649e+06,7.63549
2024-06-26,931.246,1.38649e+06,0,0,1.38649e+06,7.63549
2024-06-27,931.246,1.38649e+06,0,0,1.38649e+06,7.63549
2024-06-28,937.066,1.38649e+06,0,0,1.38649e+06,7.63549
2024-07-01,939.006,1.38649e+06,0,0,1.38649e+06,7.63549
2024-07-02,931.246,1.29324e+06,100,93124.6,1.38636e+06,7.64428
2024-07-03,949.677,1.38779e+06,0,0,1.38779e+06,7.54941
2024-07-04,974.898,1.38779e+06,0,0,1.38779e+06,7.54941
2024-07-05,974.898,1.38779e+06,0,0,1.38779e+06,7.54941
2024-07-08,1004,1.38779e+06,0,0,1.38779e+06,7.54941
2024-07-09,1008.85,1.38779e+06,0,0,1.38779e+06,7.54941
2024-07-10,1013.7,1.38779e+06,0,0,1.38779e+06,7.54941
2024-07-11,1047.65,1.38779e+06,0,0,1.38779e+06,7.54941
2024-07-12,1008.85,1.28676e+06,100,100885,1.38764e+06,7.55894
2024-07-15,1008.85,1.28676e+06,100,100885,1.38764e+06,7.55894
2024-07-16,1023.4,1.38865e+06,0,0,1.38865e+06,7.49212
2024-07-17,999.149,1.28859e+06,100,99914.9,1.38851e+06,7.50158
2024-07-18,974.898,1.19096e+06,200,194980,1.38594e+06,7.67232
2024-07-19,940.946,1.09673e+06,300,282284,1.37902e+06,8.1336
2024-07-22,910.875,1.00552e+06,400,364350,1.36987e+06,8.74318
2024-07-23,949.677,1.38371e+06,0,0,1.38371e+06,7.82115
2024-07-26,896.324,1.29395e+06,100,89632.4,1.38358e+06,7.82961
2024-07-29,915.725,1.38512e+06,0,0,1.38512e+06,7.72728
2024-07-30,911.845,1.2938e+06,100,91184.5,1.38499e+06,7.73587
2024-07-31,906.025,1.20307e+06,200,181205,1.38428e+06,7.78324
2024-08-01,931.246,1.3885e+06,0,0,1.3885e+06,7.50203
2024-08-02,875.953,1.30078e+06,100,87595.3,1.38837e+06,7.51029
2024-08-05,790.589,1.22161e+06,200,158118,1.37973e+06,8.08642
2024-08-06,853.642,1.39158e+06,0,0,1.39158e+06,7.29664
2024-08-07,892.444,1.39158e+06,0,0,1.39158e+06,7.29664
2024-08-08,869.163,1.30454e+06,100,86916.3,1.39146e+06,7.30483
2024-08-09,906.025,1.39474e+06,0,0,1.39474e+06,7.08591
2024-08-12,911.845,1.39474e+06,0,0,1.39474e+06,7.08591
2024-08-13,912.815,1.39474e+06,0,0,1.39474e+06,7.08591
2024-08-14,919.605,1.39474e+06,0,0,1.39474e+06,7.08591
2024-08-15,914.755,1.30314e+06,100,91475.5,1.39461e+06,7.09457
2024-08-16,939.976,1.39672e+06,0,0,1.39672e+06,6.95414
2024-08-19,943.856,1.39672e+06,0,0,1.39672e+06,6.95414
2024-08-20,943.856,1.39672e+06,0,0,1.39672e+06,6.95414
2024-08-21,929.306,1.30366e+06,100,92930.6,1.39659e+06,6.96293
2024-08-22,922.515,1.21128e+06,200,184503,1.39578e+06,7.01689
2024-08-23,920.575,1.11909e+06,300,276173,1.39526e+06,7.05147
2024-08-26,921.545,1.39433e+06,0,0,1.39433e+06,7.11349
2024-08-27,913.785,1.30282e+06,100,91378.5,1.3942e+06,7.12215
2024-08-28,935.126,1.39592e+06,0,0,1.39592e+06,7.00749
2024-08-29,914.755,1.30432e+06,100,91475.5,1.39579e+06,7.01615
2024-08-30,915.725,1.39548e+06,0,0,1.39548e+06,7.0366
2024-09-02,919.605,1.39548e+06,0,0,1.39548e+06,7.0366
2024-09-03,911.845,1.30417e+06,100,91184.5,1.39536e+06,7.0452
2024-09-04,862.372,1.21781e+06,200,172474,1.39029e+06,7.38289
2024-09-05,874.983,1.39204e+06,0,0,1.39204e+06,7.26637
2024-09-06,890.504,1.39204e+06,0,0,1.39204e+06,7.26637
2024-09-09,872.073,1.3047e+06,100,87207.3,1.39191e+06,7.27463
2024-09-10,876.923,1.39201e+06,0,0,1.39201e+06,7.2681
2024-09-11,874.013,1.30448e+06,100,87401.3,1.39189e+06,7.27636
2024-09-12,915.911,1.39567e+06,0,0,1.39567e+06,7.02416
2024-09-13,922.732,1.39567e+06,0,0,1.39567e+06,7.02416
2024-09-16,922.732,1.39567e+06,0,0,1.39567e+06,7.02416
2024-09-18,916.886,1.30385e+06,100,91688.6,1.39554e+06,7.03282
2024-09-19,935.399,1.39698e+06,0,0,1.39698e+06,6.93701
2024-09-20,948.065,1.39698e+06,0,0,1.39698e+06,6.93701
2024-09-23,951.963,1.39698e+06,0,0,1.39698e+06,6.93701
2024-09-24,961.707,1.39698e+06,0,0,1.39698e+06,6.93701
2024-09-25,979.245,1.39698e+06,0,0,1.39698e+06,6.93701
2024-09-26,988.989,1.39698e+06,0,0,1.39698e+06,6.93701
2024-09-27,974.373,1.2994e+06,100,97437.3,1.39684e+06,6.9462
2024-09-30,932.475,1.20603e+06,200,186495,1.39252e+06,7.23411
2024-10-01,947.091,1.39461e+06,0,0,1.39461e+06,7.09513
2024-10-04,951.963,1.39461e+06,0,0,1.39461e+06,7.09513
2024-10-07,979.245,1.39461e+06,0,0,1.39461e+06,7.09513
2024-10-08,984.117,1.39461e+06,0,0,1.39461e+06,7.09513
2024-10-09,993.861,1.39461e+06,0,0,1.39461e+06,7.09513
2024-10-11,1018.22,1.39461e+06,0,0,1.39461e+06,7.09513
2024-10-14,1018.22,1.39461e+06,0,0,1.39461e+06,7.09513
2024-10-15,1042.58,1.39461e+06,0,0,1.39461e+06,7.09513
2024-10-16,1018.22,1.29264e+06,100,101822,1.39446e+06,7.10479
2024-10-17,1008.48,1.19165e+06,200,201695,1.39334e+06,7.17923
2024-10-18,1057.2,1.40215e+06,0,0,1.40215e+06,6.59241
2024-10-21,1057.2,1.40215e+06,0,0,1.40215e+06,6.59241
2024-10-22,1047.45,1.29726e+06,100,104745,1.402e+06,6.60234
2024-10-23,1032.84,1.19383e+06,200,206567,1.4004e+06,6.7095
2024-10-24,1032.84,1.19383e+06,200,206567,1.4004e+06,6.7095
2024-10-25,1037.71,1.40045e+06,0,0,1.40045e+06,6.70568
2024-10-28,1023.09,1.298e+06,100,102309,1.40031e+06,6.71534
2024-10-29,1013.35,1.19652e+06,200,202670,1.39919e+06,6.78984
2024-10-30,1003.6,1.09602e+06,300,301081,1.3971e+06,6.92919
2024-11-01,998.733,996001,400,399493,1.39549e+06,7.03601
2024-11-04,1013.35,1.39955e+06,0,0,1.39955e+06,6.76599
2024-11-05,1023.09,1.39955e+06,0,0,1.39955e+06,6.76599
2024-11-06,1032.84,1.39955e+06,0,0,1.39955e+06,6.76599
2024-11-07,1037.71,1.39955e+06,0,0,1.39955e+06,6.76599
2024-11-08,1062.07,1.39955e+06,0,0,1.39955e+06,6.76599
2024-11-11,1057.2,1.29368e+06,100,105720,1.3994e+06,6.77598
2024-11-12,1023.09,1.19122e+06,200,204618,1.39584e+06,7.01283
2024-11-13,1008.48,1.09023e+06,300,302543,1.39278e+06,7.21709
2024-11-14,1008.48,1.09023e+06,300,302543,1.39278e+06,7.21709
2024-11-15,1008.48,1.09023e+06,300,302543,1.39278e+06,7.21709
2024-11-18,998.733,990217,400,399493,1.38971e+06,7.42128
2024-11-19,1013.35,1.39376e+06,0,0,1.39376e+06,7.15126
2024-11-20,998.733,1.29375e+06,100,99873.3,1.39362e+06,7.16072
2024-11-21,984.117,1.1952e+06,200,196823,1.39202e+06,7.26741
2024-11-22,1013.35,1.39697e+06,0,0,1.39697e+06,6.93764
2024-11-25,1003.6,1.29647e+06,100,100360,1.39683e+06,6.94716
2024-11-26,984.117,1.19792e+06,200,196823,1.39474e+06,7.08631
2024-11-27,974.373,1.10034e+06,300,292312,1.39265e+06,7.22532
2024-11-28,979.245,1.39281e+06,0,0,1.39281e+06,7.21449
2024-11-29,970.476,1.29563e+06,100,97047.6,1.39268e+06,7.22369
2024-12-02,1008.48,1.39603e+06,0,0,1.39603e+06,7.00018
2024-12-03,1027.96,1.39603e+06,0,0,1.39603e+06,7.00018
2024-12-04,1042.58,1.39603e+06,0,0,1.39603e+06,7.00018
2024-12-05,1047.45,1.39603e+06,0,0,1.39603e+06,7.00018
2024-12-06,1037.71,1.29211e+06,100,103771,1.39588e+06,7.00997
2024-12-09,1047.45,1.3964e+06,0,0,1.3964e+06,6.97591
2024-12-10,1037.71,1.29248e+06,100,103771,1.39625e+06,6.9857
2024-12-11,1018.22,1.19051e+06,200,203644,1.39416e+06,7.12518
2024-12-12,1036.8,1.39696e+06,0,0,1.39696e+06,6.93867
2024-12-13,1041.69,1.39696e+06,0,0,1.39696e+06,6.93867
2024-12-16,1061.26,1.39696e+06,0,0,1.39696e+06,6.93867
2024-12-17,1051.48,1.29166e+06,100,105148,1.39681e+06,6.94859
2024-12-18,1061.26,1.39732e+06,0,0,1.39732e+06,6.91468
2024-12-19,1046.59,1.29251e+06,100,104659,1.39717e+06,6.9246
2024-12-20,1012.35,1.19113e+06,200,202470,1.3936e+06,7.16225
2024-12-23,1056.37,1.40147e+06,0,0,1.40147e+06,6.63804
2024-12-24,1056.37,1.40147e+06,0,0,1.40147e+06,6.63804
2024-12-25,1061.26,1.40147e+06,0,0,1.40147e+06,6.63804
2024-12-26,1061.26,1.40147e+06,0,0,1.40147e+06,6.63804
2024-12-27,1066.15,1.40147e+06,0,0,1.40147e+06,6.63804
2024-12-30,1066.15,1.40147e+06,0,0,1.40147e+06,6.63804
2024-12-31,1051.48,1.29617e+06,100,105148,1.40132e+06,6.64796
2025-01-02,1041.69,1.19185e+06,200,208339,1.40019e+06,6.72298
2025-01-03,1051.48,1.40122e+06,0,0,1.40122e+06,6.65455
2025-01-06,1100.38,1.40122e+06,0,0,1.40122e+06,6.65455
2025-01-07,1105.27,1.40122e+06,0,0,1.40122e+06,6.65455
2025-01-08,1080.82,1.29298e+06,100,108082,1.40107e+06,6.66481
2025-01-09,1075.93,1.18524e+06,200,215186,1.40042e+06,6.70758
2025-01-10,1075.93,1.18524e+06,200,215186,1.40042e+06,6.70758
2025-01-13,1051.48,1.07994e+06,300,315443,1.39538e+06,7.04331
2025-01-14,1066.15,1.39837e+06,0,0,1.39837e+06,6.84429
2025-01-15,1041.69,1.29405e+06,100,104169,1.39822e+06,6.85415
2025-01-16,1080.82,1.40166e+06,0,0,1.40166e+06,6.62535
2025-01-17,1095.49,1.40166e+06,0,0,1.40166e+06,6.62535
2025-01-20,1095.49,1.40166e+06,0,0,1.40166e+06,6.62535
2025-01-21,1095.49,1.40166e+06,0,0,1.40166e+06,6.62535
2025-01-22,1110.16,1.40166e+06,0,0,1.40166e+06,6.62535
2025-02-03,1046.59,1.29685e+06,100,104659,1.40151e+06,6.63528
2025-02-04,1071.04,1.40348e+06,0,0,1.40348e+06,6.50389
2025-02-05,1085.71,1.40348e+06,0,0,1.40348e+06,6.50389
2025-02-06,1090.6,1.40348e+06,0,0,1.40348e+06,6.50389
2025-02-07,1100.38,1.40348e+06,0,0,1.40348e+06,6.50389
2025-02-10,1080.82,1.29525e+06,100,108082,1.40333e+06,6.51415
2025-02-11,1085.71,1.40334e+06,0,0,1.40334e+06,6.51348
2025-02-12,1075.93,1.29559e+06,100,107593,1.40318e+06,6.52367
2025-02-13,1066.15,1.18883e+06,200,213230,1.40206e+06,6.59889
2025-02-14,1036.8,1.085e+06,300,311041,1.39604e+06,6.99964
2025-02-17,1061.26,1.40197e+06,0,0,1.40197e+06,6.60474
2025-02-18,1075.93,1.40197e+06,0,0,1.40197e+06,6.60474
2025-02-19,1066.15,1.2952e+06,100,106615,1.40182e+06,6.6148
2025-02-20,1056.37,1.18942e+06,200,211273,1.40069e+06,6.68995
2025-02-21,1071.04,1.40268e+06,0,0,1.40268e+06,6.55756
2025-02-24,1051.48,1.29738e+06,100,105148,1.40253e+06,6.56748
2025-02-25,1031.91,1.19404e+06,200,206383,1.40042e+06,6.70759
2025-02-26,1036.8,1.40048e+06,0,0,1.40048e+06,6.70352
2025-02-27,1017.24,1.29862e+06,100,101724,1.40034e+06,6.71311
2025-03-03,997.68,1.19871e+06,200,199536,1.39824e+06,6.85289
2025-03-04,978.117,1.10076e+06,300,293435,1.39419e+06,7.12279
2025-03-05,997.68,1.39874e+06,0,0,1.39874e+06,6.81997
2025-03-06,983.008,1.3003e+06,100,98300.8,1.3986e+06,6.8293
2025-03-07,983.008,1.3003e+06,100,98300.8,1.3986e+06,6.8293
2025-03-10,976.161,1.20254e+06,200,195232,1.39777e+06,6.88417
2025-03-11,949.752,1.10743e+06,300,284926,1.39236e+06,7.24502
2025-03-12,966.38,1.39606e+06,0,0,1.39606e+06,6.99811
2025-03-13,943.883,1.30154e+06,100,94388.3,1.39593e+06,7.00704
2025-03-14,938.014,1.20761e+06,200,187603,1.39521e+06,7.05499
2025-03-17,948.774,1.39652e+06,0,0,1.39652e+06,6.96753
2025-03-18,954.178,1.39652e+06,0,0,1.39652e+06,6.96753
2025-03-19,935.508,1.30284e+06,100,93550.8,1.39639e+06,6.97639
2025-03-20,967.936,1.3992e+06,0,0,1.3992e+06,6.78881
2025-03-21,955.161,1.30355e+06,100,95516.1,1.39907e+06,6.79787
2025-03-24,955.161,1.30355e+06,100,95516.1,1.39907e+06,6.79787
2025-03-25,972.849,1.40041e+06,0,0,1.40041e+06,6.70862
2025-03-26,963.022,1.30397e+06,100,96302.2,1.40027e+06,6.71774
2025-03-27,941.404,1.20969e+06,200,188281,1.39798e+06,6.87069
2025-03-28,935.508,1.11601e+06,300,280652,1.39666e+06,6.9581
2025-03-31,894.235,1.02646e+06,400,357694,1.38415e+06,7.7914
2025-04-01,927.646,1.39588e+06,0,0,1.39588e+06,7.01042
2025-04-02,925.681,1.30318e+06,100,92568.1,1.39575e+06,7.01915
2025-04-07,833.309,1.21973e+06,200,166662,1.38639e+06,7.64236
2025-04-08,801.864,1.13943e+06,300,240559,1.37999e+06,8.06892
2025-04-09,771.401,1.06218e+06,400,308560,1.37074e+06,8.68499
2025-04-10,848.049,1.3999e+06,0,0,1.3999e+06,6.74246
2025-04-11,873.599,1.3999e+06,0,0,1.3999e+06,6.74246
2025-04-14,850.015,1.31478e+06,100,85001.5,1.39978e+06,6.75053
2025-04-15,861.807,1.40058e+06,0,0,1.40058e+06,6.69728
2025-04-16,840.188,1.31644e+06,100,84018.8,1.40046e+06,6.70521
2025-04-17,832.327,1.23309e+06,200,166465,1.39956e+06,6.76544
2025-04-18,835.275,1.39941e+06,0,0,1.39941e+06,6.7754
2025-04-21,820.534,1.31724e+06,100,82053.4,1.39929e+06,6.78312
2025-04-22,801.864,1.23694e+06,200,160373,1.39731e+06,6.9151
2025-04-23,857.876,1.40775e+06,0,0,1.40775e+06,6.21931
2025-04-24,849.032,1.32273e+06,100,84903.2,1.40763e+06,6.22731
2025-04-25,872.616,1.40961e+06,0,0,1.40961e+06,6.09584
2025-04-28,881.46,1.40961e+06,0,0,1.40961e+06,6.09584
2025-04-29,886.374,1.40961e+06,0,0,1.40961e+06,6.09584
2025-04-30,892.27,1.40961e+06,0,0,1.40961e+06,6.09584
2025-05-02,933.542,1.40961e+06,0,0,1.40961e+06,6.09584
2025-05-05,921.75,1.3173e+06,100,92175,1.40948e+06,6.10457
2025-05-06,904.062,1.22677e+06,200,180812,1.40758e+06,6.23093
2025-05-07,911.923,1.40835e+06,0,0,1.40835e+06,6.17988
2025-05-08,902.097,1.31801e+06,100,90209.7,1.40822e+06,6.18841
2025-05-09,932.56,1.41085e+06,0,0,1.41085e+06,6.01285
2025-05-12,940.421,1.41085e+06,0,0,1.41085e+06,6.01285
2025-05-13,952.213,1.41085e+06,0,0,1.41085e+06,6.01285
2025-05-14,981.693,1.41085e+06,0,0,1.41085e+06,6.01285
2025-05-15,975.797,1.31313e+06,100,97579.7,1.41071e+06,6.02211
2025-05-16,980.711,1.41077e+06,0,0,1.41077e+06,6.01823
2025-05-19,966.953,1.31394e+06,100,96695.3,1.41063e+06,6.02735
2025-05-20,961.057,1.2177e+06,200,192211,1.40991e+06,6.07569
2025-05-21,972.849,1.41141e+06,0,0,1.41141e+06,5.97587
2025-05-22,964.988,1.31477e+06,100,96498.8,1.41127e+06,5.985
2025-05-23,966.953,1.41104e+06,0,0,1.41104e+06,6.00035
2025-05-26,959.092,1.315e+06,100,95909.2,1.4109e+06,6.00941
2025-05-27,948.282,1.22003e+06,200,189656,1.40969e+06,6.09041
2025-05-28,950.248,1.40924e+06,0,0,1.40924e+06,6.12019
2025-05-29,950.248,1.40924e+06,0,0,1.40924e+06,6.12019
2025-06-02,929.612,1.31615e+06,100,92961.2,1.40911e+06,6.12898
2025-06-03,933.542,1.40909e+06,0,0,1.40909e+06,6.13031
2025-06-04,972.849,1.40909e+06,0,0,1.40909e+06,6.13031
2025-06-05,980.711,1.40909e+06,0,0,1.40909e+06,6.13031
2025-06-06,977.763,1.31117e+06,100,97776.3,1.40895e+06,6.13957
2025-06-09,987.589,1.4095e+06,0,0,1.4095e+06,6.10315
2025-06-10,1026.9,1.4095e+06,0,0,1.4095e+06,6.10315
2025-06-11,1046.55,1.4095e+06,0,0,1.4095e+06,6.10315
2025-06-12,1031.25,1.30623e+06,100,103125,1.40935e+06,6.11287
2025-06-13,1016.45,1.20444e+06,200,203290,1.40773e+06,6.22108
2025-06-16,1011.52,1.10314e+06,300,303455,1.4066e+06,6.29641
2025-06-17,1031.25,1.41115e+06,0,0,1.41115e+06,5.9931
2025-06-18,1041.12,1.41115e+06,0,0,1.41115e+06,5.9931
2025-06-19,1021.39,1.30887e+06,100,102139,1.411e+06,6.00276
2025-06-20,1041.12,1.41252e+06,0,0,1.41252e+06,5.90192
2025-06-23,1006.58,1.31172e+06,100,100658,1.41237e+06,5.91144
2025-06-24,1036.19,1.41488e+06,0,0,1.41488e+06,5.74466
2025-06-25,1055.92,1.41488e+06,0,0,1.41488e+06,5.74466
2025-06-26,1060.86,1.41488e+06,0,0,1.41488e+06,5.74466
2025-06-27,1065.79,1.41488e+06,0,0,1.41488e+06,5.74466
2025-06-30,1046.06,1.31012e+06,100,104606,1.41473e+06,5.75459
2025-07-01,1070.73,1.41672e+06,0,0,1.41672e+06,5.62175
2025-07-02,1070.73,1.41672e+06,0,0,1.41672e+06,5.62175
2025-07-03,1075.66,1.41672e+06,0,0,1.41672e+06,5.62175
2025-07-04,1070.73,1.3095e+06,100,107073,1.41657e+06,5.63187
2025-07-07,1065.79,1.20277e+06,200,213159,1.41593e+06,5.6748
2025-07-08,1065.79,1.20277e+06,200,213159,1.41593e+06,5.6748
2025-07-09,1075.66,1.41695e+06,0,0,1.41695e+06,5.60667
2025-07-10,1085.53,1.41695e+06,0,0,1.41695e+06,5.60667
2025-07-11,1085.53,1.41695e+06,0,0,1.41695e+06,5.60667
2025-07-14,1080.6,1.30874e+06,100,108060,1.4168e+06,5.61687
2025-07-15,1095.4,1.41779e+06,0,0,1.41779e+06,5.5505
2025-07-16,1115.14,1.41779e+06,0,0,1.41779e+06,5.5505
2025-07-17,1115.14,1.41779e+06,0,0,1.41779e+06,5.5505
2025-07-18,1139.81,1.41779e+06,0,0,1.41779e+06,5.5505
2025-07-21,1134.87,1.30414e+06,100,113487,1.41763e+06,5.56122
2025-07-22,1115.14,1.19247e+06,200,223027,1.4155e+06,5.70323
2025-07-23,1129.94,1.41746e+06,0,0,1.41746e+06,5.57256
2025-07-24,1129.94,1.41746e+06,0,0,1.41746e+06,5.57256
2025-07-25,1129.94,1.41746e+06,0,0,1.41746e+06,5.57256
2025-07-28,1129.94,1.41746e+06,0,0,1.41746e+06,5.57256
2025-07-29,1120.07,1.3053e+06,100,112007,1.4173e+06,5.58315
2025-07-30,1139.81,1.41877e+06,0,0,1.41877e+06,5.48518
2025-07-31,1144.74,1.41877e+06,0,0,1.41877e+06,5.48518
2025-08-04,1120.07,1.30661e+06,100,112007,1.41861e+06,5.49577
2025-08-05,1134.87,1.41959e+06,0,0,1.41959e+06,5.43054
2025-08-06,1110.2,1.30842e+06,100,111020,1.41944e+06,5.44106
2025-08-07,1164.48,1.42435e+06,0,0,1.42435e+06,5.11373
2025-08-08,1159.54,1.30823e+06,100,115954,1.42418e+06,5.12472
2025-08-11,1164.48,1.42416e+06,0,0,1.42416e+06,5.12609
2025-08-12,1164.48,1.42416e+06,0,0,1.42416e+06,5.12609
2025-08-13,1184.21,1.42416e+06,0,0,1.42416e+06,5.12609
2025-08-14,1159.54,1.30804e+06,100,115954,1.424e+06,5.13708
2025-08-15,1164.48,1.42398e+06,0,0,1.42398e+06,5.13845
2025-08-18,1164.48,1.42398e+06,0,0,1.42398e+06,5.13845
2025-08-19,1169.41,1.42398e+06,0,0,1.42398e+06,5.13845
2025-08-20,1120.07,1.31181e+06,100,112007,1.42382e+06,5.14904
2025-08-21,1134.87,1.4248e+06,0,0,1.4248e+06,5.08381
2025-08-22,1120.07,1.31263e+06,100,112007,1.42464e+06,5.0944
2025-08-25,1154.61,1.42758e+06,0,0,1.42758e+06,4.89828
2025-08-26,1159.54,1.42758e+06,0,0,1.42758e+06,4.89828
2025-08-27,1174.35,1.42758e+06,0,0,1.42758e+06,4.89828
2025-08-28,1144.74,1.31295e+06,100,114474,1.42742e+06,4.90914
2025-08-29,1144.74,1.31295e+06,100,114474,1.42742e+06,4.90914
2025-09-01,1149.68,1.42741e+06,0,0,1.42741e+06,4.91004
2025-09-02,1144.74,1.31277e+06,100,114474,1.42724e+06,4.9209
2025-09-03,1144.74,1.31277e+06,100,114474,1.42724e+06,4.9209
2025-09-04,1144.74,1.31277e+06,100,114474,1.42724e+06,4.9209
2025-09-05,1164.48,1.4287e+06,0,0,1.4287e+06,4.82366
2025-09-08,1164.48,1.4287e+06,0,0,1.4287e+06,4.82366
2025-09-09,1184.21,1.4287e+06,0,0,1.4287e+06,4.82366
2025-09-10,1208.89,1.4287e+06,0,0,1.4287e+06,4.82366
2025-09-11,1223.69,1.4287e+06,0,0,1.4287e+06,4.82366
2025-09-12,1243.43,1.4287e+06,0,0,1.4287e+06,4.82366
2025-09-15,1238.49,1.30468e+06,100,123849,1.42853e+06,4.83539
2025-09-16,1268.22,1.43094e+06,0,0,1.43094e+06,4.67468
2025-09-17,1253.35,1.30543e+06,100,125335,1.43076e+06,4.68654
2025-09-18,1273.17,1.43218e+06,0,0,1.43218e+06,4.59197
2025-09-19,1253.35,1.30667e+06,100,125335,1.432e+06,4.60383
2025-09-22,1283.08,1.43441e+06,0,0,1.43441e+06,4.44352
2025-09-23,1327.66,1.43441e+06,0,0,1.43441e+06,4.44352
2025-09-24,1327.66,1.43441e+06,0,0,1.43441e+06,4.44352
2025-09-25,1307.85,1.30344e+06,100,130785,1.43422e+06,4.45591
2025-09-26,1288.03,1.17445e+06,200,257606,1.43206e+06,4.60011
2025-09-30,1292.99,1.43191e+06,0,0,1.43191e+06,4.61025
2025-10-01,1312.8,1.43191e+06,0,0,1.43191e+06,4.61025
2025-10-02,1352.43,1.43191e+06,0,0,1.43191e+06,4.61025
2025-10-03,1387.11,1.43191e+06,0,0,1.43191e+06,4.61025
2025-10-07,1421.79,1.43191e+06,0,0,1.43191e+06,4.61025
2025-10-08,1401.97,1.29151e+06,100,140197,1.43171e+06,4.62351
2025-10-09,1426.74,1.43355e+06,0,0,1.43355e+06,4.50053
2025-10-13,1401.97,1.29316e+06,100,140197,1.43336e+06,4.51379
2025-10-14,1411.88,1.43372e+06,0,0,1.43372e+06,4.48935
2025-10-15,1451.51,1.43372e+06,0,0,1.43372e+06,4.48935
2025-10-16,1471.33,1.43372e+06,0,0,1.43372e+06,4.48935
2025-10-17,1436.65,1.28985e+06,100,143665,1.43352e+06,4.50294
2025-10-20,1466.37,1.43584e+06,0,0,1.43584e+06,4.34803
2025-10-21,1466.37,1.43584e+06,0,0,1.43584e+06,4.34803
2025-10-22,1446.56,1.29098e+06,100,144656,1.43564e+06,4.36176
2025-10-23,1436.65,1.14711e+06,200,287330,1.43444e+06,4.44135
2025-10-27,1466.37,1.43909e+06,0,0,1.43909e+06,4.13166
2025-10-28,1461.42,1.29274e+06,100,146142,1.43888e+06,4.14552
2025-10-29,1491.14,1.4412e+06,0,0,1.4412e+06,3.99141
2025-10-30,1491.14,1.4412e+06,0,0,1.4412e+06,3.99141
2025-10-31,1486.19,1.29237e+06,100,148619,1.44099e+06,4.00547
2025-11-03,1496.1,1.44132e+06,0,0,1.44132e+06,3.9835
2025-11-04,1491.14,1.29199e+06,100,149114,1.4411e+06,3.99762
2025-11-05,1446.56,1.14713e+06,200,289312,1.43644e+06,4.30836
2025-11-06,1451.51,1.43615e+06,0,0,1.43615e+06,4.32783
2025-11-07,1446.56,1.29128e+06,100,144656,1.43594e+06,4.34155
2025-11-10,1461.42,1.43678e+06,0,0,1.43678e+06,4.28558
2025-11-11,1451.51,1.29142e+06,100,145151,1.43657e+06,4.2993
2025-11-12,1461.42,1.43692e+06,0,0,1.43692e+06,4.27633
2025-11-13,1446.56,1.29206e+06,100,144656,1.43671e+06,4.29005
2025-11-14,1416.83,1.15017e+06,200,283367,1.43354e+06,4.50146
2025-11-17,1431.7,1.43525e+06,0,0,1.43525e+06,4.38785
2025-11-18,1392.06,1.29584e+06,100,139206,1.43505e+06,4.40104
2025-11-19,1382.16,1.15743e+06,200,276431,1.43386e+06,4.4801
2025-11-20,1441.6,1.44448e+06,0,0,1.44448e+06,3.77292
2025-11-21,1372.25,1.30706e+06,100,137225,1.44428e+06,3.78591
2025-11-24,1362.34,1.17063e+06,200,272468,1.4431e+06,3.86484
2025-11-25,1401.97,1.44978e+06,0,0,1.44978e+06,3.41941
2025-11-26,1426.74,1.44978e+06,0,0,1.44978e+06,3.41941
2025-11-27,1421.79,1.3074e+06,100,142179,1.44958e+06,3.43287
2025-11-28,1426.74,1.44945e+06,0,0,1.44945e+06,3.4419
2025-12-01,1397.02,1.30954e+06,100,139702,1.44925e+06,3.45516
2025-12-02,1416.83,1.4506e+06,0,0,1.4506e+06,3.36485
2025-12-03,1436.65,1.4506e+06,0,0,1.4506e+06,3.36485
2025-12-04,1431.7,1.30723e+06,100,143170,1.4504e+06,3.37844
2025-12-05,1446.56,1.45125e+06,0,0,1.45125e+06,3.32201
2025-12-08,1481.24,1.45125e+06,0,0,1.45125e+06,3.32201
2025-12-09,1466.37,1.3044e+06,100,146637,1.45104e+06,3.33586
2025-12-10,1491.14,1.45286e+06,0,0,1.45286e+06,3.21475
2025-12-11,1461.32,1.30652e+06,100,146132,1.45265e+06,3.22861
2025-12-12,1471.26,1.45299e+06,0,0,1.45299e+06,3.20569
2025-12-15,1441.44,1.30864e+06,100,144144,1.45279e+06,3.21934
2025-12-16,1426.53,1.16579e+06,200,285305,1.45109e+06,3.3322
2025-12-17,1421.56,1.02343e+06,300,426467,1.4499e+06,3.41188
2025-12-18,1421.56,1.02343e+06,300,426467,1.4499e+06,3.41188
2025-12-19,1421.56,1.02343e+06,300,426467,1.4499e+06,3.41188
2025-12-22,1456.35,1.4584e+06,0,0,1.4584e+06,2.84523
2025-12-23,1481.2,1.4584e+06,0,0,1.4584e+06,2.84523
2025-12-24,1486.17,1.4584e+06,0,0,1.4584e+06,2.84523
2025-12-26,1501.08,1.4584e+06,0,0,1.4584e+06,2.84523
2025-12-29,1520.97,1.4584e+06,0,0,1.4584e+06,2.84523
2025-12-30,1511.03,1.30708e+06,100,151103,1.45819e+06,2.85956
2025-12-31,1540.85,1.46049e+06,0,0,1.46049e+06,2.70625
2026-01-02,1575.64,1.46049e+06,0,0,1.46049e+06,2.70625
2026-01-05,1660.14,1.46049e+06,0,0,1.46049e+06,2.70625
2026-01-06,1694.93,1.46049e+06,0,0,1.46049e+06,2.70625
2026-01-07,1665.11,1.29374e+06,100,166511,1.46025e+06,2.72204
2026-01-08,1675.05,1.46051e+06,0,0,1.46051e+06,2.70511
2026-01-09,1670.08,1.29326e+06,100,167008,1.46027e+06,2.7209
2026-01-12,1680.02,1.46052e+06,0,0,1.46052e+06,2.70417
2026-01-13,1699.9,1.46052e+06,0,0,1.46052e+06,2.70417
2026-01-14,1699.9,1.46052e+06,0,0,1.46052e+06,2.70417
2026-01-15,1680.02,1.29228e+06,100,168002,1.46028e+06,2.7201
2026-01-16,1729.73,1.46449e+06,0,0,1.46449e+06,2.43987
2026-01-19,1749.61,1.46449e+06,0,0,1.46449e+06,2.43987
2026-01-20,1764.52,1.46449e+06,0,0,1.46449e+06,2.43987
2026-01-21,1729.73,1.29127e+06,100,172973,1.46424e+06,2.45626
2026-01-22,1749.61,1.46546e+06,0,0,1.46546e+06,2.37531
2026-01-23,1759.55,1.46546e+06,0,0,1.46546e+06,2.37531
2026-01-26,1744.64,1.29074e+06,100,174464,1.46521e+06,2.39183
2026-01-27,1769.49,1.46691e+06,0,0,1.46691e+06,2.27836
2026-01-28,1809.25,1.46691e+06,0,0,1.46691e+06,2.27836
2026-01-29,1794.34,1.28722e+06,100,179434,1.46666e+06,2.29535
2026-01-30,1764.52,1.11052e+06,200,352904,1.46342e+06,2.51074
2026-02-02,1754.58,934811,300,526374,1.46118e+06,2.65985
2026-02-03,1789.37,1.46925e+06,0,0,1.46925e+06,2.12264
2026-02-04,1774.46,1.29155e+06,100,177446,1.469e+06,2.13943
2026-02-05,1754.58,1.11584e+06,200,350916,1.46676e+06,2.28853
2026-02-06,1769.49,1.46818e+06,0,0,1.46818e+06,2.19412
2026-02-09,1804.28,1.46818e+06,0,0,1.46818e+06,2.19412
2026-02-10,1868.9,1.46818e+06,0,0,1.46818e+06,2.19412
2026-02-11,1903.69,1.46818e+06,0,0,1.46818e+06,2.19412
2026-02-23,1888.78,1.27903e+06,100,188878,1.46791e+06,2.21204
2026-02-24,1953.4,1.4735e+06,0,0,1.4735e+06,1.83914
2026-02-25,2003.1,1.4735e+06,0,0,1.4735e+06,1.83914
2026-02-26,1983.22,1.2749e+06,100,198322,1.47322e+06,1.85792
2026-03-02,1963.34,1.07829e+06,200,392668,1.47096e+06,2.00896
2026-03-03,1923.58,885656,300,577073,1.46273e+06,2.557
2026-03-04,1853.99,699993,400,741596,1.44159e+06,3.96529
2026-03-05,1888.78,1.45216e+06,0,0,1.45216e+06,3.26079
2026-03-06,1878.84,1.26401e+06,100,187884,1.4519e+06,3.27858
2026-03-09,1799.31,1.08383e+06,200,359863,1.44369e+06,3.82543
2026-03-10,1839.08,1.45001e+06,0,0,1.45001e+06,3.40402
2026-03-11,1928.55,1.45001e+06,0,0,1.45001e+06,3.40402
2026-03-12,1873.87,1.26236e+06,100,187387,1.44975e+06,3.42181
2026-03-13,1853.99,1.0767e+06,200,370798,1.44749e+06,3.57184
2026-03-16,1834.11,893025,300,550232,1.44326e+06,3.85413
2026-03-17,1865.02,1.45006e+06,0,0,1.45006e+06,3.40111
2026-03-18,1899.93,1.45006e+06,0,0,1.45006e+06,3.40111
2026-03-19,1845.08,1.26529e+06,100,184508,1.4498e+06,3.41857
2026-03-20,1835.1,1.08152e+06,200,367021,1.44854e+06,3.50239
2026-03-23,1805.18,900741,300,541555,1.4423e+06,3.91815
2026-03-24,1805.18,900741,300,541555,1.4423e+06,3.91815
2026-03-25,1840.09,1.45033e+06,0,0,1.45033e+06,3.38321
2026-03-26,1835.1,1.26655e+06,100,183510,1.45007e+06,3.4006
2026-03-27,1815.16,1.08478e+06,200,363031,1.44781e+06,3.55067
2026-03-30,1775.26,907003,300,532579,1.43958e+06,4.09897
2026-03-31,1755.32,731221,400,702127,1.43335e+06,4.51427
2026-04-01,1850.06,1.46797e+06,0,0,1.46797e+06,2.20765
2026-04-02,1805.18,1.2872e+06,100,180518,1.46772e+06,2.22477
2026-04-07,1855.05,1.47188e+06,0,0,1.47188e+06,1.9472
2026-04-08,1944.81,1.47188e+06,0,0,1.47188e+06,1.9472
2026-04-09,1949.8,1.47188e+06,0,0,1.47188e+06,1.9472
2026-04-10,1994.68,1.47188e+06,0,0,1.47188e+06,1.9472
2026-04-13,1984.71,1.27313e+06,100,198471,1.4716e+06,1.96599
2026-04-14,2049.53,1.47718e+06,0,0,1.47718e+06,1.59448
2026-04-15,2074.47,1.47718e+06,0,0,1.47718e+06,1.59448
2026-04-16,2079.45,1.47718e+06,0,0,1.47718e+06,1.59448
2026-04-17,2024.6,1.27443e+06,100,202460,1.47689e+06,1.61367
2026-04-20,2019.61,1.07218e+06,200,403922,1.4761e+06,1.66601
2026-04-21,2044.55,1.47928e+06,0,0,1.47928e+06,1.45425
2026-04-22,2044.55,1.47928e+06,0,0,1.47928e+06,1.45425
2026-04-23,2074.47,1.47928e+06,0,0,1.47928e+06,1.45425
2026-04-24,2179.19,1.47928e+06,0,0,1.47928e+06,1.45425
2026-04-27,2258.97,1.47928e+06,0,0,1.47928e+06,1.45425
2026-04-28,2209.11,1.25806e+06,100,220911,1.47897e+06,1.47517
2026-04-29,2174.2,1.04033e+06,200,434840,1.47517e+06,1.72829
2026-04-30,2129.32,827094,300,638796,1.46589e+06,2.34644
2026-05-04,2268.95,1.50477e+06,0,0,1.50477e+06,0
2026-05-05,2244.01,1.28005e+06,100,224401,1.50445e+06,0.0211993
2026-05-06,2244.01,1.28005e+06,100,224401,1.50445e+06,0.0211993
2026-05-07,2303.85,1.50941e+06,0,0,1.50941e+06,0
2026-05-08,2283.91,1.2807e+06,100,228391,1.50909e+06,0.0215316
2026-05-11,2229.05,1.05747e+06,200,445811,1.50329e+06,0.405944
2026-05-12,2249,1.50529e+06,0,0,1.50529e+06,0.273419
2026-05-13,2214.09,1.28356e+06,100,221409,1.50497e+06,0.294288
2026-05-14,2263.96,1.50896e+06,0,0,1.50896e+06,0.0302304
2026-05-15,2258.97,1.28274e+06,100,225897,1.50864e+06,0.051497
2026-05-18,2234.04,1.05902e+06,200,446808,1.50582e+06,0.237751
2026-05-19,2199.13,838790,300,659740,1.49853e+06,0.721011
2026-05-20,2179.19,620561,400,871675,1.49224e+06,1.138
2026-05-21,2224.07,1.50625e+06,0,0,1.50625e+06,0.209354
2026-05-22,2249,1.50625e+06,0,0,1.50625e+06,0.209354
2026-05-25,2303.85,1.50625e+06,0,0,1.50625e+06,0.209354
2026-05-26,2263.96,1.27953e+06,100,226396,1.50593e+06,0.230687
2026-05-27,2293.88,1.50791e+06,0,0,1.50791e+06,0.0996413
2026-05-28,2288.89,1.27869e+06,100,228889,1.50758e+06,0.121239
2026-05-29,2348.73,1.51253e+06,0,0,1.51253e+06,0
2026-06-01,2348.73,1.51253e+06,0,0,1.51253e+06,0
2026-06-02,2373.67,1.51253e+06,0,0,1.51253e+06,0
2026-06-03,2418.55,1.51253e+06,0,0,1.51253e+06,0
2026-06-04,2378.65,1.27433e+06,100,237865,1.51219e+06,0.0223467
2026-06-05,2358.71,1.03812e+06,200,471741,1.50986e+06,0.176438
2026-06-08,2288.89,808903,300,686668,1.49557e+06,1.12113
2026-06-09,2298.87,1.49551e+06,0,0,1.49551e+06,1.12496
2026-06-10,2249,1.27029e+06,100,224900,1.49519e+06,1.14612
2026-06-11,2250,1.4943e+06,0,0,1.4943e+06,1.20529
2026-06-12,2310,1.4943e+06,0,0,1.4943e+06,1.20529
2026-06-15,2375,1.4943e+06,0,0,1.4943e+06,1.20529
2026-06-16,2400,1.4943e+06,0,0,1.4943e+06,1.20529
2026-06-17,2385,1.25546e+06,100,238500,1.49396e+06,1.22771
2026-06-18,2410,1.49539e+06,0,0,1.49539e+06,1.1329
2026-06-22,2510,1.49539e+06,0,0,1.49539e+06,1.1329
2026-06-23,2490,1.24604e+06,100,249000,1.49504e+06,1.1563
2026-06-24,2390,1.0067e+06,200,478000,1.4847e+06,1.83993
2026-06-25,2390,1.0067e+06,200,478000,1.4847e+06,1.83993
2026-06-26,2340,772366,300,702000,1.47437e+06,2.52309
2026-06-29,2370,1.48022e+06,0,0,1.48022e+06,2.13605
2026-06-30,2410,1.48022e+06,0,0,1.48022e+06,2.13605
2026-07-01,2505,1.48022e+06,0,0,1.48022e+06,2.13605
2026-07-02,2465,1.23337e+06,100,246500,1.47987e+06,2.15926
2026-07-03,2445,988521,200,489000,1.47752e+06,2.31449
2026-07-06,2460,1.47834e+06,0,0,1.47834e+06,2.26008
2026-07-07,2440,1.234e+06,100,244000,1.478e+06,2.28302
2026-07-08,2465,1.47941e+06,0,0,1.47941e+06,2.1898
2026-07-09,2415,1.23756e+06,100,241500,1.47906e+06,2.21255
2026-07-10,2415,1.23756e+06,100,241500,1.47906e+06,2.21255
2026-07-13,2440,1.48048e+06,0,0,1.48048e+06,2.1186
2026-07-14,2420,1.23814e+06,100,242000,1.48014e+06,2.14134
2026-07-15,2440,1.48106e+06,0,0,1.48106e+06,2.08045
2026-07-16,2470,1.48106e+06,0,0,1.48106e+06,2.08045
2026-07-17,2290,1.25174e+06,100,229000,1.48074e+06,2.102
2026-07-20,2320,1.48271e+06,0,0,1.48271e+06,1.97149
2026-07-21,2410,1.48271e+06,0,0,1.48271e+06,1.97149
2026-07-22,2400,1.24237e+06,100,240000,1.48237e+06,1.99404
2026-07-23,2405,1.48181e+06,0,0,1.48181e+06,2.03126
2026-07-24,2350,1.24647e+06,100,235000,1.48147e+06,2.05334
2026-07-27,2350,1.24647e+06,100,235000,1.48147e+06,2.05334
2026-07-28,2280,1.01815e+06,200,456000,1.47415e+06,2.53757
2026-07-29,2200,797834,300,660000,1.45783e+06,3.61609
2026-07-30,2205,1.45641e+06,0,0,1.45641e+06,3.71037
2026-07-31,2425,1.45641e+06,0,0,1.45641e+06,3.71037
2026-08-03,2370,1.21907e+06,100,237000,1.45607e+06,3.73265
2026-08-04,2320,986741,200,464000,1.45074e+06,4.08504
2026-08-05,2405,1.46561e+06,0,0,1.46561e+06,3.10179
2026-08-06,2365,1.22878e+06,100,236500,1.46528e+06,3.12407
2026-08-07,2370,1.46473e+06,0,0,1.46473e+06,3.1603
2026-08-10,2380,1.46473e+06,0,0,1.46473e+06,3.1603
2026-08-11,2395,1.46473e+06,0,0,1.46473e+06,3.1603
2026-08-12,2415,1.46473e+06,0,0,1.46473e+06,3.1603
2026-08-13,2435,1.46473e+06,0,0,1.46473e+06,3.1603
2026-08-14,2395,1.22489e+06,100,239500,1.46439e+06,3.18284
2026-08-17,2400,1.46383e+06,0,0,1.46383e+06,3.21993
2026-08-18,2380,1.22549e+06,100,238000,1.46349e+06,3.24235
2026-08-19,2350,990153,200,470000,1.46015e+06,3.46277
2026-08-20,2375,1.46305e+06,0,0,1.46305e+06,3.2711
2026-08-21,2410,1.46305e+06,0,0,1.46305e+06,3.2711
2026-08-24,2375,1.22521e+06,100,237500,1.46271e+06,3.29345
2026-08-25,2400,1.46415e+06,0,0,1.46415e+06,3.19831
2026-08-26,2415,1.46415e+06,0,0,1.46415e+06,3.19831
2026-08-27,2410,1.22281e+06,100,241000,1.46381e+06,3.22099
2026-08-28,2420,1.46374e+06,0,0,1.46374e+06,3.22562
2026-08-31,2405,1.2229e+06,100,240500,1.4634e+06,3.24823
2026-09-01,2440,1.46582e+06,0,0,1.46582e+06,3.08817
2026-09-02,2385,1.22698e+06,100,238500,1.46548e+06,3.11058
2026-09-03,2390,1.46492e+06,0,0,1.46492e+06,3.1474
2026-09-04,2410,1.46492e+06,0,0,1.46492e+06,3.1474
2026-09-07,2460,1.46492e+06,0,0,1.46492e+06,3.1474
2026-09-08,2470,1.46492e+06,0,0,1.46492e+06,3.1474
2026-09-09,2465,1.21807e+06,100,246500,1.46457e+06,3.17061
2026-09-10,2450,972723,200,490000,1.46272e+06,3.29286
2026-09-11,2410,731380,300,723000,1.45438e+06,3.84445
