Date,Close,Cash,Position,StockValue,TotalEquity,DrawdownPct
2016-09-12,137.628,1.5e+06,0,0,1.5e+06,0
2016-09-13,137.628,1.5e+06,0,0,1.5e+06,0
2016-09-14,136.452,1.5e+06,0,0,1.5e+06,0
2016-09-19,143.51,1.5e+06,0,0,1.5e+06,0
2016-09-20,143.902,1.5e+06,0,0,1.5e+06,0
2016-09-21,144.294,1.5e+06,0,0,1.5e+06,0
2016-09-22,145.078,1.5e+06,0,0,1.5e+06,0
2016-09-23,146.647,1.5e+06,0,0,1.5e+06,0
2016-09-26,143.902,1.5e+06,0,0,1.5e+06,0
2016-09-27,143.902,1.5e+06,0,0,1.5e+06,0
2016-09-28,143.902,1.5e+06,0,0,1.5e+06,0
2016-09-29,146.647,1.5e+06,0,0,1.5e+06,0
2016-09-30,144.294,1.5e+06,0,0,1.5e+06,0
2016-10-03,145.862,1.5e+06,0,0,1.5e+06,0
2016-10-04,146.647,1.5e+06,0,0,1.5e+06,0
2016-10-05,145.862,1.5e+06,0,0,1.5e+06,0
2016-10-06,147.039,1.5e+06,0,0,1.5e+06,0
2016-10-07,147.431,1.5e+06,0,0,1.5e+06,0
2016-10-11,147.039,1.5e+06,0,0,1.5e+06,0
2016-10-12,148.607,1.5e+06,0,0,1.5e+06,0
2016-10-13,147.823,1.5e+06,0,0,1.5e+06,0
2016-10-14,147.431,1.5e+06,0,0,1.5e+06,0
2016-10-17,146.254,1.5e+06,0,0,1.5e+06,0
2016-10-18,146.647,1.5e+06,0,0,1.5e+06,0
2016-10-19,148.607,1.5e+06,0,0,1.5e+06,0
2016-10-20,149.391,1.5e+06,0,0,1.5e+06,0
2016-10-21,147.823,1.5e+06,0,0,1.5e+06,0
2016-10-24,149.783,1.5e+06,0,0,1.5e+06,0
2016-10-25,151.352,1.5e+06,0,0,1.5e+06,0
2016-10-26,150.175,1.5e+06,0,0,1.5e+06,0
2016-10-27,147.823,1.5e+06,0,0,1.5e+06,0
2016-10-28,148.607,1.5e+06,0,0,1.5e+06,0
2016-10-31,147.823,1.5e+06,0,0,1.5e+06,0
2016-11-01,148.607,1.5e+06,0,0,1.5e+06,0
2016-11-02,145.862,1.5e+06,0,0,1.5e+06,0
2016-11-03,144.686,1.5e+06,0,0,1.5e+06,0
2016-11-04,144.686,1.5e+06,0,0,1.5e+06,0
2016-11-07,148.215,1.5e+06,0,0,1.5e+06,0
2016-11-08,147.823,1.5e+06,0,0,1.5e+06,0
2016-11-09,142.726,1.5e+06,0,0,1.5e+06,0
2016-11-10,145.47,1.5e+06,0,0,1.5e+06,0
2016-11-11,142.333,1.5e+06,0,0,1.5e+06,0
2016-11-14,141.549,1.5e+06,0,0,1.5e+06,0
2016-11-15,141.157,1.5e+06,0,0,1.5e+06,0
2016-11-16,141.157,1.5e+06,0,0,1.5e+06,0
2016-11-17,142.333,1.5e+06,0,0,1.5e+06,0
2016-11-18,141.941,1.5e+06,0,0,1.5e+06,0
2016-11-21,141.941,1.5e+06,0,0,1.5e+06,0
2016-11-22,144.294,1.5e+06,0,0,1.5e+06,0
2016-11-23,145.47,1.5e+06,0,0,1.5e+06,0
2016-11-24,143.51,1.5e+06,0,0,1.5e+06,0
2016-11-25,142.726,1.5e+06,0,0,1.5e+06,0
2016-11-28,144.294,1.5e+06,0,0,1.5e+06,0
2016-11-29,142.726,1.5e+06,0,0,1.5e+06,0
2016-11-30,143.51,1.5e+06,0,0,1.5e+06,0
2016-12-01,143.51,1.5e+06,0,0,1.5e+06,0
2016-12-02,139.589,1.5e+06,0,0,1.5e+06,0
2016-12-05,140.373,1.5e+06,0,0,1.5e+06,0
2016-12-06,142.726,1.5e+06,0,0,1.5e+06,0
2016-12-07,142.333,1.5e+06,0,0,1.5e+06,0
2016-12-08,145.47,1.5e+06,0,0,1.5e+06,0
2016-12-09,145.862,1.5e+06,0,0,1.5e+06,0
2016-12-12,145.078,1.5e+06,0,0,1.5e+06,0
2016-12-13,145.862,1.5e+06,0,0,1.5e+06,0
2016-12-14,147.039,1.5e+06,0,0,1.5e+06,0
2016-12-15,146.647,1.5e+06,0,0,1.5e+06,0
2016-12-16,145.078,1.5e+06,0,0,1.5e+06,0
2016-12-19,143.118,1.5e+06,0,0,1.5e+06,0
2016-12-20,143.118,1.5e+06,0,0,1.5e+06,0
2016-12-21,141.157,1.5e+06,0,0,1.5e+06,0
2016-12-22,140.373,1.5e+06,0,0,1.5e+06,0
2016-12-23,139.981,1.5e+06,0,0,1.5e+06,0
2016-12-26,140.765,1.5e+06,0,0,1.5e+06,0
2016-12-27,141.157,1.5e+06,0,0,1.5e+06,0
2016-12-28,142.726,1.5e+06,0,0,1.5e+06,0
2016-12-29,141.157,1.5e+06,0,0,1.5e+06,0
2016-12-30,142.333,1.5e+06,0,0,1.5e+06,0
2017-01-03,143.51,1.5e+06,0,0,1.5e+06,0
2017-01-04,143.51,1.5e+06,0,0,1.5e+06,0
2017-01-05,143.902,1.5e+06,0,0,1.5e+06,0
2017-01-06,144.294,1.5e+06,0,0,1.5e+06,0
2017-01-09,144.294,1.5e+06,0,0,1.5e+06,0
2017-01-10,144.294,1.5e+06,0,0,1.5e+06,0
2017-01-11,142.726,1.5e+06,0,0,1.5e+06,0
2017-01-12,144.686,1.5e+06,0,0,1.5e+06,0
2017-01-13,142.333,1.5e+06,0,0,1.5e+06,0
2017-01-16,140.765,1.5e+06,0,0,1.5e+06,0
2017-01-17,141.941,1.5e+06,0,0,1.5e+06,0
2017-01-18,141.941,1.5e+06,0,0,1.5e+06,0
2017-01-19,141.549,1.5e+06,0,0,1.5e+06,0
2017-01-20,141.941,1.5e+06,0,0,1.5e+06,0
2017-01-23,145.078,1.5e+06,0,0,1.5e+06,0
2017-01-24,145.47,1.5e+06,0,0,1.5e+06,0
2017-02-02,144.686,1.5e+06,0,0,1.5e+06,0
2017-02-03,144.686,1.5e+06,0,0,1.5e+06,0
2017-02-06,144.686,1.5e+06,0,0,1.5e+06,0
2017-02-07,144.686,1.5e+06,0,0,1.5e+06,0
2017-02-08,143.902,1.5e+06,0,0,1.5e+06,0
2017-02-09,144.294,1.5e+06,0,0,1.5e+06,0
2017-02-10,145.47,1.5e+06,0,0,1.5e+06,0
2017-02-13,147.039,1.5e+06,0,0,1.5e+06,0
2017-02-14,147.039,27960.8,9997,1.46995e+06,1.49791e+06,0.1396
2017-02-15,148.215,651.224,10181,1.50898e+06,1.50963e+06,0
2017-02-16,148.215,651.224,10181,1.50898e+06,1.50963e+06,0
2017-02-17,148.607,651.224,10181,1.51297e+06,1.51362e+06,0
2017-02-20,148.999,651.224,10181,1.51696e+06,1.51761e+06,0
2017-02-21,148.999,651.224,10181,1.51696e+06,1.51761e+06,0
2017-02-22,147.823,651.224,10181,1.50498e+06,1.50564e+06,0.789119
2017-02-23,147.823,651.224,10181,1.50498e+06,1.50564e+06,0.789119
2017-02-24,148.215,651.224,10181,1.50898e+06,1.50963e+06,0.526123
2017-03-01,145.862,651.224,10181,1.48502e+06,1.48568e+06,2.10436
2017-03-02,145.862,651.224,10181,1.48502e+06,1.48568e+06,2.10436
2017-03-03,144.294,1.46321e+06,0,0,1.46321e+06,3.58485
2017-03-06,143.902,1.46321e+06,0,0,1.46321e+06,3.58485
2017-03-07,145.47,1.46321e+06,0,0,1.46321e+06,3.58485
2017-03-08,146.647,1.46321e+06,0,0,1.46321e+06,3.58485
2017-03-09,144.686,1.46321e+06,0,0,1.46321e+06,3.58485
2017-03-10,143.902,1.46321e+06,0,0,1.46321e+06,3.58485
2017-03-13,146.254,1.46321e+06,0,0,1.46321e+06,3.58485
2017-03-14,145.862,1.46321e+06,0,0,1.46321e+06,3.58485
2017-03-15,146.254,1.46321e+06,0,0,1.46321e+06,3.58485
2017-03-16,148.999,1.46321e+06,0,0,1.46321e+06,3.58485
2017-03-17,150.175,1.46321e+06,0,0,1.46321e+06,3.58485
2017-03-20,150.175,1.46321e+06,0,0,1.46321e+06,3.58485
2017-03-21,152.92,1.46321e+06,0,0,1.46321e+06,3.58485
2017-03-22,151.744,1.46321e+06,0,0,1.46321e+06,3.58485
2017-03-23,151.744,1.46321e+06,0,0,1.46321e+06,3.58485
2017-03-24,150.96,1.46321e+06,0,0,1.46321e+06,3.58485
2017-03-27,151.352,1.46321e+06,0,0,1.46321e+06,3.58485
2017-03-28,152.528,27248.3,9401,1.43392e+06,1.46116e+06,3.71947
2017-03-29,150.175,630.201,9578,1.43838e+06,1.43901e+06,5.17924
2017-03-30,150.175,630.201,9578,1.43838e+06,1.43901e+06,5.17924
2017-03-31,148.215,630.201,9578,1.4196e+06,1.42023e+06,6.4166
2017-04-05,151.352,630.201,9578,1.44965e+06,1.45028e+06,4.43687
2017-04-06,150.175,630.201,9578,1.43838e+06,1.43901e+06,5.17924
2017-04-07,149.783,630.201,9578,1.43462e+06,1.43526e+06,5.42671
2017-04-10,148.999,630.201,9578,1.42711e+06,1.42774e+06,5.92164
2017-04-11,149.783,630.201,9578,1.43462e+06,1.43526e+06,5.42671
2017-04-12,149.783,630.201,9578,1.43462e+06,1.43526e+06,5.42671
2017-04-13,150.175,1.43265e+06,0,0,1.43265e+06,5.59858
2017-04-14,148.215,1.43265e+06,0,0,1.43265e+06,5.59858
2017-04-17,147.039,1.43265e+06,0,0,1.43265e+06,5.59858
2017-04-18,147.431,1.43265e+06,0,0,1.43265e+06,5.59858
2017-04-19,146.254,1.43265e+06,0,0,1.43265e+06,5.59858
2017-04-20,146.647,1.43265e+06,0,0,1.43265e+06,5.59858
2017-04-21,148.999,1.43265e+06,0,0,1.43265e+06,5.59858
2017-04-24,148.999,1.43265e+06,0,0,1.43265e+06,5.59858
2017-04-25,150.568,1.43265e+06,0,0,1.43265e+06,5.59858
2017-04-26,149.783,1.43265e+06,0,0,1.43265e+06,5.59858
2017-04-27,151.352,1.43265e+06,0,0,1.43265e+06,5.59858
2017-04-28,152.528,1.43265e+06,0,0,1.43265e+06,5.59858
2017-05-02,154.096,26673.9,9111,1.40397e+06,1.43065e+06,5.73037
2017-05-03,155.273,551.038,9279,1.44078e+06,1.44133e+06,5.02662
2017-05-04,155.273,551.038,9279,1.44078e+06,1.44133e+06,5.02662
2017-05-05,154.881,551.038,9279,1.43714e+06,1.43769e+06,5.26636
2017-05-08,158.802,551.038,9279,1.47352e+06,1.47407e+06,2.86895
2017-05-09,159.586,551.038,9279,1.4808e+06,1.48135e+06,2.38947
2017-05-10,161.154,551.038,9279,1.49535e+06,1.4959e+06,1.43049
2017-05-11,162.723,551.038,9279,1.5099e+06,1.51046e+06,0.4715
2017-05-12,161.546,551.038,9279,1.49899e+06,1.49954e+06,1.19073
2017-05-15,161.546,551.038,9279,1.49899e+06,1.49954e+06,1.19073
2017-05-16,160.37,551.038,9279,1.48807e+06,1.48863e+06,1.90998
2017-05-17,159.978,551.038,9279,1.48444e+06,1.48499e+06,2.14972
2017-05-18,159.586,551.038,9279,1.4808e+06,1.48135e+06,2.38947
2017-05-19,159.194,551.038,9279,1.47716e+06,1.47771e+06,2.6292
2017-05-22,160.762,551.038,9279,1.49171e+06,1.49226e+06,1.67024
2017-05-23,160.762,551.038,9279,1.49171e+06,1.49226e+06,1.67024
2017-05-24,161.154,551.038,9279,1.49535e+06,1.4959e+06,1.43049
2017-05-25,162.331,551.038,9279,1.50627e+06,1.50682e+06,0.71127
2017-05-26,162.331,551.038,9279,1.50627e+06,1.50682e+06,0.71127
2017-05-31,159.194,551.038,9279,1.47716e+06,1.47771e+06,2.6292
2017-06-01,162.331,551.038,9279,1.50627e+06,1.50682e+06,0.71127
2017-06-02,163.899,551.038,9279,1.52082e+06,1.52137e+06,0
2017-06-05,166.252,551.038,9279,1.54265e+06,1.5432e+06,0
2017-06-06,165.075,551.038,9279,1.53173e+06,1.53229e+06,0.70728
2017-06-07,165.86,551.038,9279,1.53901e+06,1.53956e+06,0.235748
2017-06-08,167.036,551.038,9279,1.54993e+06,1.55048e+06,0
2017-06-09,166.252,551.038,9279,1.54265e+06,1.5432e+06,0.469337
2017-06-12,162.723,551.038,9279,1.5099e+06,1.51046e+06,2.58122
2017-06-13,163.115,551.038,9279,1.51354e+06,1.51409e+06,2.34658
2017-06-14,162.331,551.038,9279,1.50627e+06,1.50682e+06,2.81591
2017-06-15,163.115,551.038,9279,1.51354e+06,1.51409e+06,2.34658
2017-06-16,165.86,551.038,9279,1.53901e+06,1.53956e+06,0.703979
2017-06-19,167.036,551.038,9279,1.54993e+06,1.55048e+06,0
2017-06-20,169.781,551.038,9279,1.57539e+06,1.57595e+06,0
2017-06-21,168.996,551.038,9279,1.56812e+06,1.56867e+06,0.461717
2017-06-22,170.957,551.038,9279,1.58631e+06,1.58686e+06,0
2017-06-23,170.173,551.038,9279,1.57903e+06,1.57958e+06,0.458559
2017-06-26,174.224,551.038,9279,1.61663e+06,1.61718e+06,0
2017-06-27,171.388,551.038,9279,1.59031e+06,1.59086e+06,1.62736
2017-06-28,168.957,551.038,9279,1.56775e+06,1.5683e+06,3.02224
2017-06-29,170.173,551.038,9279,1.57903e+06,1.57958e+06,2.3248
2017-06-30,168.957,551.038,9279,1.56775e+06,1.5683e+06,3.02224
2017-07-03,169.362,551.038,9279,1.57151e+06,1.57206e+06,2.78978
2017-07-04,167.742,551.038,9279,1.55648e+06,1.55703e+06,3.71967
2017-07-05,168.957,551.038,9279,1.56775e+06,1.5683e+06,3.02224
2017-07-06,168.147,551.038,9279,1.56023e+06,1.56079e+06,3.48718
2017-07-07,166.931,551.038,9279,1.54896e+06,1.54951e+06,4.18461
2017-07-10,166.931,551.038,9279,1.54896e+06,1.54951e+06,4.18461
2017-07-11,171.793,551.038,9279,1.59407e+06,1.59462e+06,1.3949
2017-07-12,170.578,1.57634e+06,0,0,1.57634e+06,2.52537
2017-07-13,173.819,1.57634e+06,0,0,1.57634e+06,2.52537
2017-07-14,172.604,1.57634e+06,0,0,1.57634e+06,2.52537
2017-07-17,172.604,1.57634e+06,0,0,1.57634e+06,2.52537
2017-07-18,173.414,1.57634e+06,0,0,1.57634e+06,2.52537
2017-07-19,173.819,1.57634e+06,0,0,1.57634e+06,2.52537
2017-07-20,174.63,1.57634e+06,0,0,1.57634e+06,2.52537
2017-07-21,173.414,1.57634e+06,0,0,1.57634e+06,2.52537
2017-07-24,173.819,1.57634e+06,0,0,1.57634e+06,2.52537
2017-07-25,173.414,1.57634e+06,0,0,1.57634e+06,2.52537
2017-07-26,172.604,1.57634e+06,0,0,1.57634e+06,2.52537
2017-07-27,174.63,1.57634e+06,0,0,1.57634e+06,2.52537
2017-07-28,172.604,1.57634e+06,0,0,1.57634e+06,2.52537
2017-07-31,173.819,1.57634e+06,0,0,1.57634e+06,2.52537
2017-08-01,171.793,1.57634e+06,0,0,1.57634e+06,2.52537
2017-08-02,175.035,1.57634e+06,0,0,1.57634e+06,2.52537
2017-08-03,173.009,1.57634e+06,0,0,1.57634e+06,2.52537
2017-08-04,172.604,1.57634e+06,0,0,1.57634e+06,2.52537
2017-08-07,175.035,1.57634e+06,0,0,1.57634e+06,2.52537
2017-08-08,176.25,1.57634e+06,0,0,1.57634e+06,2.52537
2017-08-09,173.819,1.57634e+06,0,0,1.57634e+06,2.52537
2017-08-10,173.414,1.57634e+06,0,0,1.57634e+06,2.52537
2017-08-11,172.199,29345.9,8971,1.54479e+06,1.57414e+06,2.66147
2017-08-14,170.983,1.55645e+06,0,0,1.55645e+06,3.75535
2017-08-15,173.414,1.55645e+06,0,0,1.55645e+06,3.75535
2017-08-16,172.604,1.55645e+06,0,0,1.55645e+06,3.75535
2017-08-17,173.414,1.55645e+06,0,0,1.55645e+06,3.75535
2017-08-18,172.199,1.55645e+06,0,0,1.55645e+06,3.75535
2017-08-21,171.388,1.55645e+06,0,0,1.55645e+06,3.75535
2017-08-22,173.819,1.55645e+06,0,0,1.55645e+06,3.75535
2017-08-23,174.63,1.55645e+06,0,0,1.55645e+06,3.75535
2017-08-24,175.845,1.55645e+06,0,0,1.55645e+06,3.75535
2017-08-25,176.25,1.55645e+06,0,0,1.55645e+06,3.75535
2017-08-28,175.035,1.55645e+06,0,0,1.55645e+06,3.75535
2017-08-29,175.035,1.55645e+06,0,0,1.55645e+06,3.75535
2017-08-30,176.25,1.55645e+06,0,0,1.55645e+06,3.75535
2017-08-31,175.44,29001.2,8694,1.52527e+06,1.55428e+06,3.88972
2017-09-01,175.44,715.402,8855,1.55352e+06,1.55424e+06,3.89219
2017-09-04,176.25,715.402,8855,1.5607e+06,1.56141e+06,3.44848
2017-09-05,176.655,715.402,8855,1.56428e+06,1.565e+06,3.22663
2017-09-06,175.845,715.402,8855,1.55711e+06,1.55782e+06,3.67035
2017-09-07,175.845,715.402,8855,1.55711e+06,1.55782e+06,3.67035
2017-09-08,176.655,715.402,8855,1.56428e+06,1.565e+06,3.22663
2017-09-11,175.845,715.402,8855,1.55711e+06,1.55782e+06,3.67035
2017-09-12,177.466,715.402,8855,1.57146e+06,1.57218e+06,2.78291
2017-09-13,176.655,715.402,8855,1.56428e+06,1.565e+06,3.22663
2017-09-14,177.061,715.402,8855,1.56787e+06,1.56859e+06,3.00476
2017-09-15,177.061,715.402,8855,1.56787e+06,1.56859e+06,3.00476
2017-09-18,177.871,715.402,8855,1.57505e+06,1.57576e+06,2.56105
2017-09-19,179.492,715.402,8855,1.5894e+06,1.59011e+06,1.67364
2017-09-20,179.492,715.402,8855,1.5894e+06,1.59011e+06,1.67364
2017-09-21,179.087,715.402,8855,1.58581e+06,1.58653e+06,1.89549
2017-09-22,177.061,715.402,8855,1.56787e+06,1.56859e+06,3.00476
2017-09-25,175.845,715.402,8855,1.55711e+06,1.55782e+06,3.67035
2017-09-26,173.414,1.5295e+06,0,0,1.5295e+06,5.42158
2017-09-27,174.224,1.5295e+06,0,0,1.5295e+06,5.42158
2017-09-28,173.414,1.5295e+06,0,0,1.5295e+06,5.42158
2017-09-29,175.44,1.5295e+06,0,0,1.5295e+06,5.42158
2017-10-02,178.681,1.5295e+06,0,0,1.5295e+06,5.42158
2017-10-03,180.302,1.5295e+06,0,0,1.5295e+06,5.42158
2017-10-05,181.923,1.5295e+06,0,0,1.5295e+06,5.42158
2017-10-06,181.923,1.5295e+06,0,0,1.5295e+06,5.42158
2017-10-11,188.811,28589,7938,1.49878e+06,1.52737e+06,5.5536
2017-10-12,192.457,643.687,8083,1.55563e+06,1.55628e+06,3.76609
2017-10-13,192.457,643.687,8083,1.55563e+06,1.55628e+06,3.76609
2017-10-16,192.862,643.687,8083,1.55891e+06,1.55955e+06,3.56358
2017-10-17,190.837,643.687,8083,1.54253e+06,1.54318e+06,4.57615
2017-10-18,192.457,643.687,8083,1.55563e+06,1.55628e+06,3.76609
2017-10-19,193.673,643.687,8083,1.56546e+06,1.5661e+06,3.15856
2017-10-20,192.457,643.687,8083,1.55563e+06,1.55628e+06,3.76609
2017-10-23,193.673,643.687,8083,1.56546e+06,1.5661e+06,3.15856
2017-10-24,192.862,643.687,8083,1.55891e+06,1.55955e+06,3.56358
2017-10-25,192.862,643.687,8083,1.55891e+06,1.55955e+06,3.56358
2017-10-26,191.242,643.687,8083,1.54581e+06,1.54645e+06,4.37362
2017-10-27,193.673,643.687,8083,1.56546e+06,1.5661e+06,3.15856
2017-10-30,196.914,643.687,8083,1.59166e+06,1.5923e+06,1.53843
2017-10-31,196.914,643.687,8083,1.59166e+06,1.5923e+06,1.53843
2017-11-01,196.509,643.687,8083,1.58838e+06,1.58903e+06,1.74096
2017-11-02,195.293,643.687,8083,1.57856e+06,1.5792e+06,2.34848
2017-11-03,193.673,643.687,8083,1.56546e+06,1.5661e+06,3.15856
2017-11-06,194.078,643.687,8083,1.56873e+06,1.56938e+06,2.95603
2017-11-07,197.724,643.687,8083,1.59821e+06,1.59885e+06,1.13341
2017-11-08,196.509,643.687,8083,1.58838e+06,1.58903e+06,1.74096
2017-11-09,195.293,643.687,8083,1.57856e+06,1.5792e+06,2.34848
2017-11-10,194.888,643.687,8083,1.57528e+06,1.57593e+06,2.55101
2017-11-13,194.078,643.687,8083,1.56873e+06,1.56938e+06,2.95603
2017-11-14,194.483,643.687,8083,1.57201e+06,1.57265e+06,2.75351
2017-11-15,192.457,643.687,8083,1.55563e+06,1.55628e+06,3.76609
2017-11-16,192.862,643.687,8083,1.55891e+06,1.55955e+06,3.56358
2017-11-17,195.699,643.687,8083,1.58183e+06,1.58248e+06,2.146
2017-11-20,193.268,643.687,8083,1.56218e+06,1.56283e+06,3.36105
2017-11-21,196.914,1.58526e+06,0,0,1.58526e+06,1.97388
2017-11-22,196.104,1.58526e+06,0,0,1.58526e+06,1.97388
2017-11-23,196.509,1.58526e+06,0,0,1.58526e+06,1.97388
2017-11-24,197.724,1.58526e+06,0,0,1.58526e+06,1.97388
2017-11-27,192.052,1.58526e+06,0,0,1.58526e+06,1.97388
2017-11-28,189.621,1.58526e+06,0,0,1.58526e+06,1.97388
2017-11-29,190.026,1.58526e+06,0,0,1.58526e+06,1.97388
2017-11-30,183.138,1.58526e+06,0,0,1.58526e+06,1.97388
2017-12-01,187.19,1.58526e+06,0,0,1.58526e+06,1.97388
2017-12-04,189.621,1.58526e+06,0,0,1.58526e+06,1.97388
2017-12-05,185.974,1.58526e+06,0,0,1.58526e+06,1.97388
2017-12-06,183.949,1.58526e+06,0,0,1.58526e+06,1.97388
2017-12-07,183.543,1.58526e+06,0,0,1.58526e+06,1.97388
2017-12-08,183.949,1.58526e+06,0,0,1.58526e+06,1.97388
2017-12-11,184.354,1.58526e+06,0,0,1.58526e+06,1.97388
2017-12-12,184.354,1.58526e+06,0,0,1.58526e+06,1.97388
2017-12-13,183.949,1.58526e+06,0,0,1.58526e+06,1.97388
2017-12-14,186.785,1.58526e+06,0,0,1.58526e+06,1.97388
2017-12-15,186.38,1.58526e+06,0,0,1.58526e+06,1.97388
2017-12-18,183.949,1.58526e+06,0,0,1.58526e+06,1.97388
2017-12-19,182.328,1.58526e+06,0,0,1.58526e+06,1.97388
2017-12-20,181.923,1.58526e+06,0,0,1.58526e+06,1.97388
2017-12-21,182.328,1.58526e+06,0,0,1.58526e+06,1.97388
2017-12-22,184.354,1.58526e+06,0,0,1.58526e+06,1.97388
2017-12-25,185.164,1.58526e+06,0,0,1.58526e+06,1.97388
2017-12-26,183.138,1.58526e+06,0,0,1.58526e+06,1.97388
2017-12-27,182.328,1.58526e+06,0,0,1.58526e+06,1.97388
2017-12-28,183.138,1.58526e+06,0,0,1.58526e+06,1.97388
2017-12-29,185.974,1.58526e+06,0,0,1.58526e+06,1.97388
2018-01-02,188.405,1.58526e+06,0,0,1.58526e+06,1.97388
2018-01-03,192.052,1.58526e+06,0,0,1.58526e+06,1.97388
2018-01-04,194.078,1.58526e+06,0,0,1.58526e+06,1.97388
2018-01-05,194.483,1.58526e+06,0,0,1.58526e+06,1.97388
2018-01-08,196.104,1.58526e+06,0,0,1.58526e+06,1.97388
2018-01-09,196.104,1.58526e+06,0,0,1.58526e+06,1.97388
2018-01-10,191.647,1.58526e+06,0,0,1.58526e+06,1.97388
2018-01-11,190.431,1.58526e+06,0,0,1.58526e+06,1.97388
2018-01-12,192.052,1.58526e+06,0,0,1.58526e+06,1.97388
2018-01-15,194.483,1.58526e+06,0,0,1.58526e+06,1.97388
2018-01-16,194.888,1.58526e+06,0,0,1.58526e+06,1.97388
2018-01-17,196.104,29511.4,7922,1.55353e+06,1.58305e+06,2.11073
2018-01-18,201.371,674.386,8065,1.62406e+06,1.62473e+06,0
2018-01-19,207.043,674.386,8065,1.66981e+06,1.67048e+06,0
2018-01-22,211.905,674.386,8065,1.70902e+06,1.70969e+06,0
2018-01-23,215.552,674.386,8065,1.73843e+06,1.7391e+06,0
2018-01-24,209.069,674.386,8065,1.68614e+06,1.68682e+06,3.00637
2018-01-25,209.069,674.386,8065,1.68614e+06,1.68682e+06,3.00637
2018-01-26,206.638,674.386,8065,1.66654e+06,1.66721e+06,4.13376
2018-01-29,209.474,674.386,8065,1.68941e+06,1.69009e+06,2.81848
2018-01-30,205.018,674.386,8065,1.65347e+06,1.65414e+06,4.88534
2018-01-31,206.638,674.386,8065,1.66654e+06,1.66721e+06,4.13376
2018-02-01,210.285,674.386,8065,1.69595e+06,1.69662e+06,2.44268
2018-02-02,210.285,674.386,8065,1.69595e+06,1.69662e+06,2.44268
2018-02-05,205.018,674.386,8065,1.65347e+06,1.65414e+06,4.88534
2018-02-06,193.673,1.55573e+06,0,0,1.55573e+06,10.5438
2018-02-07,194.483,29009.9,7839,1.52455e+06,1.55356e+06,10.6687
2018-02-08,193.268,1.53733e+06,0,0,1.53733e+06,11.602
2018-02-09,188.405,1.53733e+06,0,0,1.53733e+06,11.602
2018-02-12,191.647,1.53733e+06,0,0,1.53733e+06,11.602
2018-02-21,196.509,1.53733e+06,0,0,1.53733e+06,11.602
2018-02-22,194.078,1.53733e+06,0,0,1.53733e+06,11.602
2018-02-23,198.535,1.53733e+06,0,0,1.53733e+06,11.602
2018-02-26,199.75,1.53733e+06,0,0,1.53733e+06,11.602
2018-02-27,199.345,1.53733e+06,0,0,1.53733e+06,11.602
2018-03-01,196.914,1.53733e+06,0,0,1.53733e+06,11.602
2018-03-02,194.483,1.53733e+06,0,0,1.53733e+06,11.602
2018-03-05,195.699,1.53733e+06,0,0,1.53733e+06,11.602
2018-03-06,202.587,1.53733e+06,0,0,1.53733e+06,11.602
2018-03-07,200.156,1.53733e+06,0,0,1.53733e+06,11.602
2018-03-08,202.181,1.53733e+06,0,0,1.53733e+06,11.602
2018-03-09,202.992,1.53733e+06,0,0,1.53733e+06,11.602
2018-03-12,205.828,1.53733e+06,0,0,1.53733e+06,11.602
2018-03-13,209.88,1.53733e+06,0,0,1.53733e+06,11.602
2018-03-14,208.259,1.53733e+06,0,0,1.53733e+06,11.602
2018-03-15,206.638,1.53733e+06,0,0,1.53733e+06,11.602
2018-03-16,206.638,28792.7,7290,1.50639e+06,1.53519e+06,11.7254
2018-03-19,206.638,649.922,7426,1.5345e+06,1.53515e+06,11.7277
2018-03-20,205.018,649.922,7426,1.52246e+06,1.52311e+06,12.4197
2018-03-21,204.612,649.922,7426,1.51945e+06,1.5201e+06,12.5928
2018-03-22,203.802,649.922,7426,1.51343e+06,1.51408e+06,12.9388
2018-03-23,198.535,1.46845e+06,0,0,1.46845e+06,15.5629
2018-03-26,197.319,1.46845e+06,0,0,1.46845e+06,15.5629
2018-03-27,203.397,1.46845e+06,0,0,1.46845e+06,15.5629
2018-03-28,198.535,1.46845e+06,0,0,1.46845e+06,15.5629
2018-03-29,197.724,1.46845e+06,0,0,1.46845e+06,15.5629
2018-03-30,199.345,1.46845e+06,0,0,1.46845e+06,15.5629
2018-04-02,199.75,1.46845e+06,0,0,1.46845e+06,15.5629
2018-04-03,197.724,1.46845e+06,0,0,1.46845e+06,15.5629
2018-04-09,198.535,1.46845e+06,0,0,1.46845e+06,15.5629
2018-04-10,198.94,1.46845e+06,0,0,1.46845e+06,15.5629
2018-04-11,200.966,1.46845e+06,0,0,1.46845e+06,15.5629
2018-04-12,198.535,1.46845e+06,0,0,1.46845e+06,15.5629
2018-04-13,198.13,1.46845e+06,0,0,1.46845e+06,15.5629
2018-04-16,197.319,1.46845e+06,0,0,1.46845e+06,15.5629
2018-04-17,192.862,1.46845e+06,0,0,1.46845e+06,15.5629
2018-04-18,192.862,1.46845e+06,0,0,1.46845e+06,15.5629
2018-04-19,198.13,1.46845e+06,0,0,1.46845e+06,15.5629
2018-04-20,185.569,1.46845e+06,0,0,1.46845e+06,15.5629
2018-04-23,183.543,1.46845e+06,0,0,1.46845e+06,15.5629
2018-04-24,183.949,1.46845e+06,0,0,1.46845e+06,15.5629
2018-04-25,182.328,1.46845e+06,0,0,1.46845e+06,15.5629
2018-04-26,179.897,1.46845e+06,0,0,1.46845e+06,15.5629
2018-04-27,181.112,1.46845e+06,0,0,1.46845e+06,15.5629
2018-04-30,183.949,1.46845e+06,0,0,1.46845e+06,15.5629
2018-05-02,180.707,1.46845e+06,0,0,1.46845e+06,15.5629
2018-05-03,178.681,1.46845e+06,0,0,1.46845e+06,15.5629
2018-05-04,180.707,1.46845e+06,0,0,1.46845e+06,15.5629
2018-05-07,181.112,1.46845e+06,0,0,1.46845e+06,15.5629
2018-05-08,184.759,1.46845e+06,0,0,1.46845e+06,15.5629
2018-05-09,185.974,1.46845e+06,0,0,1.46845e+06,15.5629
2018-05-10,185.974,1.46845e+06,0,0,1.46845e+06,15.5629
2018-05-11,188.811,1.46845e+06,0,0,1.46845e+06,15.5629
2018-05-14,188.811,1.46845e+06,0,0,1.46845e+06,15.5629
2018-05-15,186.785,1.46845e+06,0,0,1.46845e+06,15.5629
2018-05-16,186.785,1.46845e+06,0,0,1.46845e+06,15.5629
2018-05-17,183.543,1.46845e+06,0,0,1.46845e+06,15.5629
2018-05-18,181.112,1.46845e+06,0,0,1.46845e+06,15.5629
2018-05-21,185.569,1.46845e+06,0,0,1.46845e+06,15.5629
2018-05-22,185.569,1.46845e+06,0,0,1.46845e+06,15.5629
2018-05-23,185.164,1.46845e+06,0,0,1.46845e+06,15.5629
2018-05-24,185.569,1.46845e+06,0,0,1.46845e+06,15.5629
2018-05-25,185.164,1.46845e+06,0,0,1.46845e+06,15.5629
2018-05-28,183.949,1.46845e+06,0,0,1.46845e+06,15.5629
2018-05-29,182.328,1.46845e+06,0,0,1.46845e+06,15.5629
2018-05-30,179.087,1.46845e+06,0,0,1.46845e+06,15.5629
2018-05-31,181.518,1.46845e+06,0,0,1.46845e+06,15.5629
2018-06-01,181.518,1.46845e+06,0,0,1.46845e+06,15.5629
2018-06-04,185.569,1.46845e+06,0,0,1.46845e+06,15.5629
2018-06-05,185.569,1.46845e+06,0,0,1.46845e+06,15.5629
2018-06-06,186.38,1.46845e+06,0,0,1.46845e+06,15.5629
2018-06-07,186.38,1.46845e+06,0,0,1.46845e+06,15.5629
2018-06-08,183.949,1.46845e+06,0,0,1.46845e+06,15.5629
2018-06-11,183.138,1.46845e+06,0,0,1.46845e+06,15.5629
2018-06-12,185.569,1.46845e+06,0,0,1.46845e+06,15.5629
2018-06-13,188,1.46845e+06,0,0,1.46845e+06,15.5629
2018-06-14,183.543,1.46845e+06,0,0,1.46845e+06,15.5629
2018-06-15,187.19,1.46845e+06,0,0,1.46845e+06,15.5629
2018-06-19,182.328,1.46845e+06,0,0,1.46845e+06,15.5629
2018-06-20,183.138,1.46845e+06,0,0,1.46845e+06,15.5629
2018-06-21,183.543,1.46845e+06,0,0,1.46845e+06,15.5629
2018-06-22,184.354,1.46845e+06,0,0,1.46845e+06,15.5629
2018-06-25,183.094,1.46845e+06,0,0,1.46845e+06,15.5629
2018-06-26,180.154,1.46845e+06,0,0,1.46845e+06,15.5629
2018-06-27,178.895,1.46845e+06,0,0,1.46845e+06,15.5629
2018-06-28,178.055,1.46845e+06,0,0,1.46845e+06,15.5629
2018-06-29,181.834,1.46845e+06,0,0,1.46845e+06,15.5629
2018-07-02,179.734,1.46845e+06,0,0,1.46845e+06,15.5629
2018-07-03,180.154,1.46845e+06,0,0,1.46845e+06,15.5629
2018-07-04,181.414,1.46845e+06,0,0,1.46845e+06,15.5629
2018-07-05,180.154,1.46845e+06,0,0,1.46845e+06,15.5629
2018-07-06,182.254,1.46845e+06,0,0,1.46845e+06,15.5629
2018-07-09,186.034,1.46845e+06,0,0,1.46845e+06,15.5629
2018-07-10,186.453,1.46845e+06,0,0,1.46845e+06,15.5629
2018-07-11,184.774,1.46845e+06,0,0,1.46845e+06,15.5629
2018-07-12,185.194,1.46845e+06,0,0,1.46845e+06,15.5629
2018-07-13,188.553,1.46845e+06,0,0,1.46845e+06,15.5629
2018-07-16,187.713,1.46845e+06,0,0,1.46845e+06,15.5629
2018-07-17,186.034,1.46845e+06,0,0,1.46845e+06,15.5629
2018-07-18,187.293,1.46845e+06,0,0,1.46845e+06,15.5629
2018-07-19,188.553,1.46845e+06,0,0,1.46845e+06,15.5629
2018-07-20,199.472,27409.4,7214,1.43899e+06,1.4664e+06,15.6808
2018-07-23,202.411,653.08,7346,1.48691e+06,1.48757e+06,14.4636
2018-07-24,202.411,653.08,7346,1.48691e+06,1.48757e+06,14.4636
2018-07-25,201.991,653.08,7346,1.48383e+06,1.48448e+06,14.641
2018-07-26,202.411,653.08,7346,1.48691e+06,1.48757e+06,14.4636
2018-07-27,205.351,653.08,7346,1.50851e+06,1.50916e+06,13.2219
2018-07-30,206.191,653.08,7346,1.51468e+06,1.51533e+06,12.8671
2018-07-31,206.611,653.08,7346,1.51776e+06,1.51841e+06,12.6897
2018-08-01,208.29,653.08,7346,1.5301e+06,1.53075e+06,11.9802
2018-08-02,205.351,653.08,7346,1.50851e+06,1.50916e+06,13.2219
2018-08-03,207.45,653.08,7346,1.52393e+06,1.52458e+06,12.335
2018-08-06,206.191,653.08,7346,1.51468e+06,1.51533e+06,12.8671
2018-08-07,202.831,653.08,7346,1.49e+06,1.49065e+06,14.2862
2018-08-08,207.87,653.08,7346,1.52702e+06,1.52767e+06,12.1576
2018-08-09,207.45,653.08,7346,1.52393e+06,1.52458e+06,12.335
2018-08-10,205.771,653.08,7346,1.51159e+06,1.51224e+06,13.0445
2018-08-13,201.991,653.08,7346,1.48383e+06,1.48448e+06,14.641
2018-08-14,204.511,653.08,7346,1.50234e+06,1.50299e+06,13.5766
2018-08-15,202.831,653.08,7346,1.49e+06,1.49065e+06,14.2862
2018-08-16,200.731,653.08,7346,1.47457e+06,1.47523e+06,15.1731
2018-08-17,201.151,1.47177e+06,0,0,1.47177e+06,15.3716
2018-08-20,201.151,1.47177e+06,0,0,1.47177e+06,15.3716
2018-08-21,202.411,1.47177e+06,0,0,1.47177e+06,15.3716
2018-08-22,203.251,1.47177e+06,0,0,1.47177e+06,15.3716
2018-08-23,205.351,1.47177e+06,0,0,1.47177e+06,15.3716
2018-08-24,204.511,1.47177e+06,0,0,1.47177e+06,15.3716
2018-08-27,205.771,1.47177e+06,0,0,1.47177e+06,15.3716
2018-08-28,209.55,1.47177e+06,0,0,1.47177e+06,15.3716
2018-08-29,217.529,1.47177e+06,0,0,1.47177e+06,15.3716
2018-08-30,221.309,27451.3,6517,1.44227e+06,1.46972e+06,15.4898
2018-08-31,215.009,537.128,6642,1.42809e+06,1.42863e+06,17.8525
2018-09-03,215.849,537.128,6642,1.43367e+06,1.43421e+06,17.5317
2018-09-04,216.269,537.128,6642,1.43646e+06,1.437e+06,17.3713
2018-09-05,221.728,537.128,6642,1.47272e+06,1.47326e+06,15.2863
2018-09-06,219.209,537.128,6642,1.45598e+06,1.45652e+06,16.2486
2018-09-07,221.728,537.128,6642,1.47272e+06,1.47326e+06,15.2863
2018-09-10,222.148,537.128,6642,1.47551e+06,1.47605e+06,15.1259
2018-09-11,218.369,537.128,6642,1.45041e+06,1.45094e+06,16.5694
2018-09-12,218.789,537.128,6642,1.4532e+06,1.45373e+06,16.409
2018-09-13,214.17,537.128,6642,1.42251e+06,1.42305e+06,18.1732
2018-09-14,219.209,537.128,6642,1.45598e+06,1.45652e+06,16.2486
2018-09-17,216.689,537.128,6642,1.43925e+06,1.43979e+06,17.2109
2018-09-18,213.75,537.128,6642,1.41972e+06,1.42026e+06,18.3336
2018-09-19,216.689,537.128,6642,1.43925e+06,1.43979e+06,17.2109
2018-09-20,218.369,537.128,6642,1.45041e+06,1.45094e+06,16.5694
2018-09-21,219.629,537.128,6642,1.45877e+06,1.45931e+06,16.0882
2018-09-25,221.309,1.46397e+06,0,0,1.46397e+06,15.8206
2018-09-26,221.309,1.46397e+06,0,0,1.46397e+06,15.8206
2018-09-27,222.568,1.46397e+06,0,0,1.46397e+06,15.8206
2018-09-28,220.469,1.46397e+06,0,0,1.46397e+06,15.8206
2018-10-01,220.889,1.46397e+06,0,0,1.46397e+06,15.8206
2018-10-02,216.269,1.46397e+06,0,0,1.46397e+06,15.8206
2018-10-03,218.369,1.46397e+06,0,0,1.46397e+06,15.8206
2018-10-04,213.33,1.46397e+06,0,0,1.46397e+06,15.8206
2018-10-05,209.97,1.46397e+06,0,0,1.46397e+06,15.8206
2018-10-08,204.511,1.46397e+06,0,0,1.46397e+06,15.8206
2018-10-09,204.931,1.46397e+06,0,0,1.46397e+06,15.8206
2018-10-11,191.073,1.46397e+06,0,0,1.46397e+06,15.8206
2018-10-12,199.052,1.46397e+06,0,0,1.46397e+06,15.8206
2018-10-15,193.592,1.46397e+06,0,0,1.46397e+06,15.8206
2018-10-16,199.052,1.46397e+06,0,0,1.46397e+06,15.8206
2018-10-17,200.311,1.46397e+06,0,0,1.46397e+06,15.8206
2018-10-18,198.632,1.46397e+06,0,0,1.46397e+06,15.8206
2018-10-19,198.212,1.46397e+06,0,0,1.46397e+06,15.8206
2018-10-22,199.052,1.46397e+06,0,0,1.46397e+06,15.8206
2018-10-23,193.172,1.46397e+06,0,0,1.46397e+06,15.8206
2018-10-24,192.753,1.46397e+06,0,0,1.46397e+06,15.8206
2018-10-25,184.354,1.46397e+06,0,0,1.46397e+06,15.8206
2018-10-26,185.614,1.46397e+06,0,0,1.46397e+06,15.8206
2018-10-29,186.873,1.46397e+06,0,0,1.46397e+06,15.8206
2018-10-30,187.293,1.46397e+06,0,0,1.46397e+06,15.8206
2018-10-31,196.532,1.46397e+06,0,0,1.46397e+06,15.8206
2018-11-01,197.792,1.46397e+06,0,0,1.46397e+06,15.8206
2018-11-02,198.632,1.46397e+06,0,0,1.46397e+06,15.8206
2018-11-05,197.372,1.46397e+06,0,0,1.46397e+06,15.8206
2018-11-06,196.952,1.46397e+06,0,0,1.46397e+06,15.8206
2018-11-07,196.532,1.46397e+06,0,0,1.46397e+06,15.8206
2018-11-08,198.632,1.46397e+06,0,0,1.46397e+06,15.8206
2018-11-09,194.012,1.46397e+06,0,0,1.46397e+06,15.8206
2018-11-12,194.432,1.46397e+06,0,0,1.46397e+06,15.8206
2018-11-13,191.073,1.46397e+06,0,0,1.46397e+06,15.8206
2018-11-14,191.913,1.46397e+06,0,0,1.46397e+06,15.8206
2018-11-15,194.012,1.46397e+06,0,0,1.46397e+06,15.8206
2018-11-16,189.813,1.46397e+06,0,0,1.46397e+06,15.8206
2018-11-19,186.453,1.46397e+06,0,0,1.46397e+06,15.8206
2018-11-20,183.094,1.46397e+06,0,0,1.46397e+06,15.8206
2018-11-21,183.934,1.46397e+06,0,0,1.46397e+06,15.8206
2018-11-22,183.934,1.46397e+06,0,0,1.46397e+06,15.8206
2018-11-23,183.514,1.46397e+06,0,0,1.46397e+06,15.8206
2018-11-26,187.293,1.46397e+06,0,0,1.46397e+06,15.8206
2018-11-27,188.133,1.46397e+06,0,0,1.46397e+06,15.8206
2018-11-28,190.233,1.46397e+06,0,0,1.46397e+06,15.8206
2018-11-29,192.333,1.46397e+06,0,0,1.46397e+06,15.8206
2018-11-30,189.393,1.46397e+06,0,0,1.46397e+06,15.8206
2018-12-03,197.372,1.46397e+06,0,0,1.46397e+06,15.8206
2018-12-04,196.532,1.46397e+06,0,0,1.46397e+06,15.8206
2018-12-05,189.813,1.46397e+06,0,0,1.46397e+06,15.8206
2018-12-06,184.774,1.46397e+06,0,0,1.46397e+06,15.8206
2018-12-07,185.614,1.46397e+06,0,0,1.46397e+06,15.8206
2018-12-10,183.934,1.46397e+06,0,0,1.46397e+06,15.8206
2018-12-11,186.873,1.46397e+06,0,0,1.46397e+06,15.8206
2018-12-12,190.233,1.46397e+06,0,0,1.46397e+06,15.8206
2018-12-13,189.813,1.46397e+06,0,0,1.46397e+06,15.8206
2018-12-14,186.873,1.46397e+06,0,0,1.46397e+06,15.8206
2018-12-17,187.713,1.46397e+06,0,0,1.46397e+06,15.8206
2018-12-18,186.873,1.46397e+06,0,0,1.46397e+06,15.8206
2018-12-19,189.393,1.46397e+06,0,0,1.46397e+06,15.8206
2018-12-20,185.614,1.46397e+06,0,0,1.46397e+06,15.8206
2018-12-21,187.713,1.46397e+06,0,0,1.46397e+06,15.8206
2018-12-24,184.774,1.46397e+06,0,0,1.46397e+06,15.8206
2018-12-25,182.674,1.46397e+06,0,0,1.46397e+06,15.8206
2018-12-26,181.834,1.46397e+06,0,0,1.46397e+06,15.8206
2018-12-27,187.293,1.46397e+06,0,0,1.46397e+06,15.8206
2018-12-28,189.393,1.46397e+06,0,0,1.46397e+06,15.8206
2019-01-02,184.354,1.46397e+06,0,0,1.46397e+06,15.8206
2019-01-03,180.994,1.46397e+06,0,0,1.46397e+06,15.8206
2019-01-04,174.695,1.46397e+06,0,0,1.46397e+06,15.8206
2019-01-07,178.895,1.46397e+06,0,0,1.46397e+06,15.8206
2019-01-08,177.215,1.46397e+06,0,0,1.46397e+06,15.8206
2019-01-09,180.994,1.46397e+06,0,0,1.46397e+06,15.8206
2019-01-10,181.414,1.46397e+06,0,0,1.46397e+06,15.8206
2019-01-11,185.194,1.46397e+06,0,0,1.46397e+06,15.8206
2019-01-14,183.514,1.46397e+06,0,0,1.46397e+06,15.8206
2019-01-15,185.614,1.46397e+06,0,0,1.46397e+06,15.8206
2019-01-16,182.674,1.46397e+06,0,0,1.46397e+06,15.8206
2019-01-17,185.194,1.46397e+06,0,0,1.46397e+06,15.8206
2019-01-18,183.514,1.46397e+06,0,0,1.46397e+06,15.8206
2019-01-21,185.614,1.46397e+06,0,0,1.46397e+06,15.8206
2019-01-22,187.293,1.46397e+06,0,0,1.46397e+06,15.8206
2019-01-23,185.194,1.46397e+06,0,0,1.46397e+06,15.8206
2019-01-24,186.873,1.46397e+06,0,0,1.46397e+06,15.8206
2019-01-25,189.813,27314.9,7558,1.43461e+06,1.46192e+06,15.9382
2019-01-28,192.333,542.618,7697,1.48038e+06,1.48093e+06,14.8453
2019-01-29,186.873,1.43254e+06,0,0,1.43254e+06,17.6274
2019-01-30,185.614,1.43254e+06,0,0,1.43254e+06,17.6274
2019-02-11,191.493,26709.7,7331,1.40383e+06,1.43054e+06,17.7424
2019-02-12,193.172,594.398,7466,1.44223e+06,1.44282e+06,17.0365
2019-02-13,192.333,594.398,7466,1.43596e+06,1.43655e+06,17.3971
2019-02-14,190.653,594.398,7466,1.42341e+06,1.42401e+06,18.1182
2019-02-15,190.653,594.398,7466,1.42341e+06,1.42401e+06,18.1182
2019-02-18,193.172,594.398,7466,1.44223e+06,1.44282e+06,17.0365
2019-02-19,192.333,594.398,7466,1.43596e+06,1.43655e+06,17.3971
2019-02-20,196.952,594.398,7466,1.47044e+06,1.47104e+06,15.414
2019-02-21,198.632,594.398,7466,1.48298e+06,1.48358e+06,14.6928
2019-02-22,198.632,594.398,7466,1.48298e+06,1.48358e+06,14.6928
2019-02-25,199.892,594.398,7466,1.49239e+06,1.49298e+06,14.152
2019-02-26,201.151,594.398,7466,1.5018e+06,1.50239e+06,13.6111
2019-02-27,200.731,594.398,7466,1.49866e+06,1.49926e+06,13.7914
2019-03-04,197.792,594.398,7466,1.47671e+06,1.47731e+06,15.0534
2019-03-05,195.692,594.398,7466,1.46104e+06,1.46163e+06,15.9548
2019-03-06,196.532,594.398,7466,1.46731e+06,1.4679e+06,15.5942
2019-03-07,196.532,594.398,7466,1.46731e+06,1.4679e+06,15.5942
2019-03-08,193.172,594.398,7466,1.44223e+06,1.44282e+06,17.0365
2019-03-11,193.592,594.398,7466,1.44536e+06,1.44596e+06,16.8562
2019-03-12,197.792,594.398,7466,1.47671e+06,1.47731e+06,15.0534
2019-03-13,199.052,594.398,7466,1.48612e+06,1.48671e+06,14.5125
2019-03-14,196.952,594.398,7466,1.47044e+06,1.47104e+06,15.414
2019-03-15,200.731,594.398,7466,1.49866e+06,1.49926e+06,13.7914
2019-03-18,202.411,594.398,7466,1.5112e+06,1.5118e+06,13.0703
2019-03-19,201.991,594.398,7466,1.50807e+06,1.50866e+06,13.2506
2019-03-20,203.251,594.398,7466,1.51747e+06,1.51807e+06,12.7097
2019-03-21,206.191,594.398,7466,1.53942e+06,1.54001e+06,11.4478
2019-03-22,208.71,594.398,7466,1.55823e+06,1.55883e+06,10.3661
2019-03-25,202.831,594.398,7466,1.51434e+06,1.51493e+06,12.89
2019-03-26,204.931,594.398,7466,1.53001e+06,1.53061e+06,11.9886
2019-03-27,202.831,594.398,7466,1.51434e+06,1.51493e+06,12.89
2019-03-28,203.251,594.398,7466,1.51747e+06,1.51807e+06,12.7097
2019-03-29,206.191,594.398,7466,1.53942e+06,1.54001e+06,11.4478
2019-04-01,206.191,594.398,7466,1.53942e+06,1.54001e+06,11.4478
2019-04-02,206.611,594.398,7466,1.54256e+06,1.54315e+06,11.2675
2019-04-03,207.031,594.398,7466,1.54569e+06,1.54628e+06,11.0872
2019-04-08,212.49,594.398,7466,1.58645e+06,1.58704e+06,8.74355
2019-04-09,213.33,594.398,7466,1.59272e+06,1.59331e+06,8.38298
2019-04-10,213.33,594.398,7466,1.59272e+06,1.59331e+06,8.38298
2019-04-11,211.65,594.398,7466,1.58018e+06,1.58077e+06,9.10411
2019-04-12,211.65,594.398,7466,1.58018e+06,1.58077e+06,9.10411
2019-04-15,214.589,594.398,7466,1.60213e+06,1.60272e+06,7.84213
2019-04-16,215.849,594.398,7466,1.61153e+06,1.61213e+06,7.30129
2019-04-17,219.629,594.398,7466,1.63975e+06,1.64034e+06,5.67877
2019-04-18,222.148,594.398,7466,1.65856e+06,1.65915e+06,4.59709
2019-04-19,222.148,594.398,7466,1.65856e+06,1.65915e+06,4.59709
2019-04-22,223.408,594.398,7466,1.66797e+06,1.66856e+06,4.05622
2019-04-23,225.088,594.398,7466,1.68051e+06,1.6811e+06,3.3351
2019-04-24,225.928,594.398,7466,1.68678e+06,1.68737e+06,2.97453
2019-04-25,224.668,594.398,7466,1.67737e+06,1.67797e+06,3.5154
2019-04-26,218.369,594.398,7466,1.63034e+06,1.63094e+06,6.21961
2019-04-29,217.949,594.398,7466,1.62721e+06,1.6278e+06,6.3999
2019-04-30,217.529,594.398,7466,1.62407e+06,1.62467e+06,6.58019
2019-05-02,217.529,594.398,7466,1.62407e+06,1.62467e+06,6.58019
2019-05-03,222.568,594.398,7466,1.6617e+06,1.66229e+06,4.4168
2019-05-06,217.529,594.398,7466,1.62407e+06,1.62467e+06,6.58019
2019-05-07,220.469,594.398,7466,1.64602e+06,1.64661e+06,5.31822
2019-05-08,218.369,594.398,7466,1.63034e+06,1.63094e+06,6.21961
2019-05-09,215.429,1.60187e+06,0,0,1.60187e+06,7.89074
2019-05-10,215.009,1.60187e+06,0,0,1.60187e+06,7.89074
2019-05-13,210.39,1.60187e+06,0,0,1.60187e+06,7.89074
2019-05-14,208.71,1.60187e+06,0,0,1.60187e+06,7.89074
2019-05-15,209.13,1.60187e+06,0,0,1.60187e+06,7.89074
2019-05-16,207.45,1.60187e+06,0,0,1.60187e+06,7.89074
2019-05-17,202.831,1.60187e+06,0,0,1.60187e+06,7.89074
2019-05-20,199.892,1.60187e+06,0,0,1.60187e+06,7.89074
2019-05-21,196.532,1.60187e+06,0,0,1.60187e+06,7.89074
2019-05-22,199.892,1.60187e+06,0,0,1.60187e+06,7.89074
2019-05-23,193.172,1.60187e+06,0,0,1.60187e+06,7.89074
2019-05-24,195.692,1.60187e+06,0,0,1.60187e+06,7.89074
2019-05-27,194.012,1.60187e+06,0,0,1.60187e+06,7.89074
2019-05-28,193.592,1.60187e+06,0,0,1.60187e+06,7.89074
2019-05-29,192.753,1.60187e+06,0,0,1.60187e+06,7.89074
2019-05-30,194.012,1.60187e+06,0,0,1.60187e+06,7.89074
2019-05-31,197.792,1.60187e+06,0,0,1.60187e+06,7.89074
2019-06-03,199.892,1.60187e+06,0,0,1.60187e+06,7.89074
2019-06-04,195.692,1.60187e+06,0,0,1.60187e+06,7.89074
2019-06-05,197.372,1.60187e+06,0,0,1.60187e+06,7.89074
2019-06-06,194.852,1.60187e+06,0,0,1.60187e+06,7.89074
2019-06-10,201.571,1.60187e+06,0,0,1.60187e+06,7.89074
2019-06-11,205.351,1.60187e+06,0,0,1.60187e+06,7.89074
2019-06-12,206.611,1.60187e+06,0,0,1.60187e+06,7.89074
2019-06-13,201.571,1.60187e+06,0,0,1.60187e+06,7.89074
2019-06-14,198.212,1.60187e+06,0,0,1.60187e+06,7.89074
2019-06-17,195.692,1.60187e+06,0,0,1.60187e+06,7.89074
2019-06-18,197.792,1.60187e+06,0,0,1.60187e+06,7.89074
2019-06-19,204.931,1.60187e+06,0,0,1.60187e+06,7.89074
2019-06-20,205.771,1.60187e+06,0,0,1.60187e+06,7.89074
2019-06-21,208.71,1.60187e+06,0,0,1.60187e+06,7.89074
2019-06-24,209.144,1.60187e+06,0,0,1.60187e+06,7.89074
2019-06-25,206.975,1.60187e+06,0,0,1.60187e+06,7.89074
2019-06-26,203.503,1.60187e+06,0,0,1.60187e+06,7.89074
2019-06-27,208.71,1.60187e+06,0,0,1.60187e+06,7.89074
2019-06-28,207.409,1.60187e+06,0,0,1.60187e+06,7.89074
2019-07-01,215.653,29900.8,7279,1.56974e+06,1.59964e+06,8.01932
2019-07-02,216.087,688.044,7414,1.60207e+06,1.60276e+06,7.84008
2019-07-03,210.446,688.044,7414,1.56025e+06,1.56093e+06,10.2448
2019-07-04,211.748,688.044,7414,1.5699e+06,1.57059e+06,9.68988
2019-07-05,210.88,688.044,7414,1.56346e+06,1.56415e+06,10.0599
2019-07-08,210.446,688.044,7414,1.56025e+06,1.56093e+06,10.2448
2019-07-09,210.012,688.044,7414,1.55703e+06,1.55772e+06,10.4298
2019-07-10,214.351,688.044,7414,1.5892e+06,1.58989e+06,8.58
2019-07-11,216.955,688.044,7414,1.6085e+06,1.60919e+06,7.47009
2019-07-12,217.388,688.044,7414,1.61172e+06,1.61241e+06,7.28514
2019-07-15,220.86,688.044,7414,1.63745e+06,1.63814e+06,5.80529
2019-07-16,222.161,688.044,7414,1.64711e+06,1.64779e+06,5.25034
2019-07-17,218.69,688.044,7414,1.62137e+06,1.62206e+06,6.73018
2019-07-18,220.426,688.044,7414,1.63424e+06,1.63493e+06,5.99027
2019-07-19,224.765,688.044,7414,1.66641e+06,1.6671e+06,4.14047
2019-07-22,229.104,688.044,7414,1.69858e+06,1.69927e+06,2.29067
2019-07-23,229.104,688.044,7414,1.69858e+06,1.69927e+06,2.29067
2019-07-24,229.972,688.044,7414,1.70501e+06,1.7057e+06,1.92069
2019-07-25,229.972,688.044,7414,1.70501e+06,1.7057e+06,1.92069
2019-07-26,226.501,688.044,7414,1.67928e+06,1.67996e+06,3.40055
2019-07-29,226.501,688.044,7414,1.67928e+06,1.67996e+06,3.40055
2019-07-30,225.633,688.044,7414,1.67284e+06,1.67353e+06,3.77051
2019-07-31,225.199,688.044,7414,1.66962e+06,1.67031e+06,3.95548
2019-08-01,222.595,688.044,7414,1.65032e+06,1.65101e+06,5.06536
2019-08-02,218.256,688.044,7414,1.61815e+06,1.61884e+06,6.91518
2019-08-05,213.917,688.044,7414,1.58598e+06,1.58667e+06,8.76498
2019-08-06,215.653,688.044,7414,1.59885e+06,1.59954e+06,8.02504
2019-08-07,215.219,1.58926e+06,0,0,1.58926e+06,8.61595
2019-08-08,219.992,1.58926e+06,0,0,1.58926e+06,8.61595
2019-08-12,217.822,1.58926e+06,0,0,1.58926e+06,8.61595
2019-08-13,213.917,1.58926e+06,0,0,1.58926e+06,8.61595
2019-08-14,216.521,1.58926e+06,0,0,1.58926e+06,8.61595
2019-08-15,215.219,1.58926e+06,0,0,1.58926e+06,8.61595
2019-08-16,216.955,1.58926e+06,0,0,1.58926e+06,8.61595
2019-08-19,218.69,1.58926e+06,0,0,1.58926e+06,8.61595
2019-08-20,220.86,1.58926e+06,0,0,1.58926e+06,8.61595
2019-08-21,220.86,1.58926e+06,0,0,1.58926e+06,8.61595
2019-08-22,220.426,1.58926e+06,0,0,1.58926e+06,8.61595
2019-08-23,220.426,1.58926e+06,0,0,1.58926e+06,8.61595
2019-08-26,215.653,1.58926e+06,0,0,1.58926e+06,8.61595
2019-08-27,216.955,1.58926e+06,0,0,1.58926e+06,8.61595
2019-08-28,218.69,1.58926e+06,0,0,1.58926e+06,8.61595
2019-08-29,220.426,1.58926e+06,0,0,1.58926e+06,8.61595
2019-08-30,224.765,1.58926e+06,0,0,1.58926e+06,8.61595
2019-09-02,223.463,1.58926e+06,0,0,1.58926e+06,8.61595
2019-09-03,220.426,1.58926e+06,0,0,1.58926e+06,8.61595
2019-09-04,223.463,1.58926e+06,0,0,1.58926e+06,8.61595
2019-09-05,228.236,29787.1,6823,1.55726e+06,1.58704e+06,8.74354
2019-09-06,228.67,705.041,6950,1.58926e+06,1.58996e+06,8.57568
2019-09-10,226.934,705.041,6950,1.57719e+06,1.5779e+06,9.26929
2019-09-11,228.236,705.041,6950,1.58624e+06,1.58695e+06,8.74907
2019-09-12,227.802,705.041,6950,1.58323e+06,1.58393e+06,8.9225
2019-09-16,230.406,705.041,6950,1.60132e+06,1.60202e+06,7.88207
2019-09-17,229.972,705.041,6950,1.5983e+06,1.59901e+06,8.05546
2019-09-18,231.707,705.041,6950,1.61037e+06,1.61107e+06,7.36186
2019-09-19,231.707,705.041,6950,1.61037e+06,1.61107e+06,7.36185
2019-09-20,230.833,705.041,6950,1.60429e+06,1.605e+06,7.71127
2019-09-23,230.833,705.041,6950,1.60429e+06,1.605e+06,7.71127
2019-09-24,231.707,705.041,6950,1.61037e+06,1.61107e+06,7.36185
2019-09-25,232.582,705.041,6950,1.61644e+06,1.61715e+06,7.0124
2019-09-26,234.331,705.041,6950,1.6286e+06,1.6293e+06,6.31356
2019-09-27,237.828,705.041,6950,1.65291e+06,1.65361e+06,4.91587
2019-10-01,244.823,705.041,6950,1.70152e+06,1.70222e+06,2.12048
2019-10-02,244.386,705.041,6950,1.69848e+06,1.69919e+06,2.29518
2019-10-03,241.763,705.041,6950,1.68025e+06,1.68096e+06,3.34347
2019-10-04,241.763,705.041,6950,1.68025e+06,1.68096e+06,3.34347
2019-10-07,243.074,705.041,6950,1.68937e+06,1.69007e+06,2.81934
2019-10-08,250.506,705.041,6950,1.74102e+06,1.74172e+06,0
2019-10-09,246.572,705.041,6950,1.71367e+06,1.71438e+06,1.57003
2019-10-14,253.567,705.041,6950,1.76229e+06,1.76299e+06,0
2019-10-15,256.627,705.041,6950,1.78356e+06,1.78426e+06,0
2019-10-16,259.25,705.041,6950,1.80179e+06,1.80249e+06,0
2019-10-17,256.627,705.041,6950,1.78356e+06,1.78426e+06,1.01145
2019-10-18,256.19,705.041,6950,1.78052e+06,1.78122e+06,1.17998
2019-10-21,253.567,705.041,6950,1.76229e+06,1.76299e+06,2.1914
2019-10-22,257.064,705.041,6950,1.7866e+06,1.7873e+06,0.842838
2019-10-23,256.19,705.041,6950,1.78052e+06,1.78122e+06,1.17998
2019-10-24,256.19,705.041,6950,1.78052e+06,1.78122e+06,1.17998
2019-10-25,256.627,705.041,6950,1.78356e+06,1.78426e+06,1.01145
2019-10-28,257.501,705.041,6950,1.78963e+06,1.79034e+06,0.674301
2019-10-29,260.999,705.041,6950,1.81394e+06,1.81465e+06,0
2019-10-30,261.873,705.041,6950,1.82002e+06,1.82072e+06,0
2019-10-31,260.999,705.041,6950,1.81394e+06,1.81465e+06,0.33378
2019-11-01,261.436,705.041,6950,1.81698e+06,1.81769e+06,0.166861
2019-11-04,268.431,705.041,6950,1.8656e+06,1.8663e+06,0
2019-11-05,271.491,705.041,6950,1.88686e+06,1.88757e+06,0
2019-11-06,271.928,705.041,6950,1.8899e+06,1.89061e+06,0
2019-11-07,270.18,705.041,6950,1.87775e+06,1.87845e+06,0.642841
2019-11-08,267.119,705.041,6950,1.85648e+06,1.85718e+06,1.76782
2019-11-11,263.185,705.041,6950,1.82913e+06,1.82984e+06,3.21425
2019-11-12,266.682,705.041,6950,1.85344e+06,1.85415e+06,1.92857
2019-11-13,265.808,705.041,6950,1.84736e+06,1.84807e+06,2.24996
2019-11-14,265.371,705.041,6950,1.84433e+06,1.84503e+06,2.41066
2019-11-15,268.431,705.041,6950,1.8656e+06,1.8663e+06,1.28569
2019-11-18,271.928,705.041,6950,1.8899e+06,1.89061e+06,0
2019-11-19,275.426,705.041,6950,1.91421e+06,1.91491e+06,0
2019-11-20,274.114,705.041,6950,1.90509e+06,1.9058e+06,0.476038
2019-11-21,271.928,705.041,6950,1.8899e+06,1.89061e+06,1.26937
2019-11-22,270.18,705.041,6950,1.87775e+06,1.87845e+06,1.90405
2019-11-25,268.431,705.041,6950,1.8656e+06,1.8663e+06,2.53874
2019-11-26,268.431,705.041,6950,1.8656e+06,1.8663e+06,2.53874
2019-11-27,271.928,705.041,6950,1.8899e+06,1.89061e+06,1.26937
2019-11-28,270.617,705.041,6950,1.88079e+06,1.88149e+06,1.74537
2019-11-29,266.682,705.041,6950,1.85344e+06,1.85415e+06,3.17346
2019-12-02,268.868,705.041,6950,1.86863e+06,1.86934e+06,2.38009
2019-12-03,268.431,705.041,6950,1.8656e+06,1.8663e+06,2.53874
2019-12-04,267.557,705.041,6950,1.85952e+06,1.86022e+06,2.85611
2019-12-05,272.803,705.041,6950,1.89598e+06,1.89668e+06,0.952065
2019-12-06,273.677,705.041,6950,1.90206e+06,1.90276e+06,0.634692
2019-12-09,276.3,705.041,6950,1.92029e+06,1.92099e+06,0
2019-12-10,274.114,705.041,6950,1.90509e+06,1.9058e+06,0.790891
2019-12-11,278.923,705.041,6950,1.93852e+06,1.93922e+06,0
2019-12-12,289.853,705.041,6950,2.01448e+06,2.01518e+06,0
2019-12-13,296.411,705.041,6950,2.06005e+06,2.06076e+06,0
2019-12-16,293.788,705.041,6950,2.04182e+06,2.04253e+06,0.884634
2019-12-17,301.657,705.041,6950,2.09652e+06,2.09722e+06,0
2019-12-18,301.22,705.041,6950,2.09348e+06,2.09418e+06,0.144862
2019-12-19,295.054,705.041,6950,2.05063e+06,2.05133e+06,2.18802
2019-12-20,289.77,705.041,6950,2.0139e+06,2.01461e+06,3.93925
2019-12-23,294.174,705.041,6950,2.04451e+06,2.04521e+06,2.47989
2019-12-24,292.412,705.041,6950,2.03226e+06,2.03297e+06,3.06362
2019-12-25,293.293,705.041,6950,2.03839e+06,2.03909e+06,2.77176
2019-12-26,293.293,705.041,6950,2.03839e+06,2.03909e+06,2.77176
2019-12-27,297.697,705.041,6950,2.06899e+06,2.0697e+06,1.31242
2019-12-30,294.614,705.041,6950,2.04757e+06,2.04827e+06,2.33395
2019-12-31,291.531,705.041,6950,2.02614e+06,2.02685e+06,3.35552
2020-01-02,298.577,705.041,6950,2.07511e+06,2.07582e+06,1.02051
2020-01-03,299.018,705.041,6950,2.07817e+06,2.07888e+06,0.874554
2020-01-06,292.412,705.041,6950,2.03226e+06,2.03297e+06,3.06362
2020-01-07,290.21,705.041,6950,2.01696e+06,2.01767e+06,3.7933
2020-01-08,290.21,705.041,6950,2.01696e+06,2.01767e+06,3.7933
2020-01-09,297.256,2.0575e+06,0,0,2.0575e+06,1.89413
2020-01-10,299.018,2.0575e+06,0,0,2.0575e+06,1.89413
2020-01-13,300.779,2.0575e+06,0,0,2.0575e+06,1.89413
2020-01-14,304.743,2.0575e+06,0,0,2.0575e+06,1.89413
2020-01-15,299.458,38371.4,6733,2.01625e+06,2.05462e+06,2.03112
2020-01-16,294.614,902.466,6860,2.02105e+06,2.02195e+06,3.58884
2020-01-17,293.293,902.466,6860,2.01199e+06,2.01289e+06,4.02098
2020-01-20,293.293,902.466,6860,2.01199e+06,2.01289e+06,4.02098
2020-01-30,278.76,1.90474e+06,0,0,1.90474e+06,9.17802
2020-01-31,281.843,1.90474e+06,0,0,1.90474e+06,9.17802
2020-02-03,277.439,1.90474e+06,0,0,1.90474e+06,9.17802
2020-02-04,286.247,1.90474e+06,0,0,1.90474e+06,9.17802
2020-02-05,288.449,1.90474e+06,0,0,1.90474e+06,9.17802
2020-02-06,292.853,1.90474e+06,0,0,1.90474e+06,9.17802
2020-02-07,288.889,1.90474e+06,0,0,1.90474e+06,9.17802
2020-02-10,288.449,1.90474e+06,0,0,1.90474e+06,9.17802
2020-02-11,291.972,1.90474e+06,0,0,1.90474e+06,9.17802
2020-02-12,295.054,1.90474e+06,0,0,1.90474e+06,9.17802
2020-02-13,295.054,1.90474e+06,0,0,1.90474e+06,9.17802
2020-02-14,295.054,1.90474e+06,0,0,1.90474e+06,9.17802
2020-02-17,291.972,1.90474e+06,0,0,1.90474e+06,9.17802
2020-02-18,283.604,1.90474e+06,0,0,1.90474e+06,9.17802
2020-02-19,287.568,1.90474e+06,0,0,1.90474e+06,9.17802
2020-02-20,286.687,1.90474e+06,0,0,1.90474e+06,9.17802
2020-02-21,286.247,1.90474e+06,0,0,1.90474e+06,9.17802
2020-02-24,281.843,1.90474e+06,0,0,1.90474e+06,9.17802
2020-02-25,283.604,1.90474e+06,0,0,1.90474e+06,9.17802
2020-02-26,280.522,1.90474e+06,0,0,1.90474e+06,9.17802
2020-02-27,278.32,1.90474e+06,0,0,1.90474e+06,9.17802
2020-03-02,273.916,1.90474e+06,0,0,1.90474e+06,9.17802
2020-03-03,279.641,1.90474e+06,0,0,1.90474e+06,9.17802
2020-03-04,282.283,1.90474e+06,0,0,1.90474e+06,9.17802
2020-03-05,284.485,1.90474e+06,0,0,1.90474e+06,9.17802
2020-03-06,277.439,1.90474e+06,0,0,1.90474e+06,9.17802
2020-03-09,269.072,1.90474e+06,0,0,1.90474e+06,9.17802
2020-03-10,270.393,1.90474e+06,0,0,1.90474e+06,9.17802
2020-03-11,265.989,1.90474e+06,0,0,1.90474e+06,9.17802
2020-03-12,258.943,1.90474e+06,0,0,1.90474e+06,9.17802
2020-03-13,255.42,1.90474e+06,0,0,1.90474e+06,9.17802
2020-03-16,243.53,1.90474e+06,0,0,1.90474e+06,9.17802
2020-03-17,236.044,1.90474e+06,0,0,1.90474e+06,9.17802
2020-03-18,228.997,1.90474e+06,0,0,1.90474e+06,9.17802
2020-03-19,220.549,1.90474e+06,0,0,1.90474e+06,9.17802
2020-03-20,240.114,1.90474e+06,0,0,1.90474e+06,9.17802
2020-03-23,226.774,1.90474e+06,0,0,1.90474e+06,9.17802
2020-03-24,237.891,1.90474e+06,0,0,1.90474e+06,9.17802
2020-03-25,246.339,1.90474e+06,0,0,1.90474e+06,9.17802
2020-03-26,249.007,1.90474e+06,0,0,1.90474e+06,9.17802
2020-03-27,242.782,1.90474e+06,0,0,1.90474e+06,9.17802
2020-03-30,237.891,1.90474e+06,0,0,1.90474e+06,9.17802
2020-03-31,243.671,1.90474e+06,0,0,1.90474e+06,9.17802
2020-04-01,241.448,1.90474e+06,0,0,1.90474e+06,9.17802
2020-04-06,245.005,1.90474e+06,0,0,1.90474e+06,9.17802
2020-04-07,251.675,1.90474e+06,0,0,1.90474e+06,9.17802
2020-04-08,253.454,1.90474e+06,0,0,1.90474e+06,9.17802
2020-04-09,251.675,1.90474e+06,0,0,1.90474e+06,9.17802
2020-04-10,248.562,1.90474e+06,0,0,1.90474e+06,9.17802
2020-04-13,247.673,1.90474e+06,0,0,1.90474e+06,9.17802
2020-04-14,253.454,1.90474e+06,0,0,1.90474e+06,9.17802
2020-04-15,255.677,1.90474e+06,0,0,1.90474e+06,9.17802
2020-04-16,254.787,1.90474e+06,0,0,1.90474e+06,9.17802
2020-04-17,272.574,35493.9,6848,1.86658e+06,1.90208e+06,9.3048
2020-04-20,270.35,840.103,6976,1.88596e+06,1.8868e+06,10.0331
2020-04-21,262.347,1.82287e+06,0,0,1.82287e+06,13.0815
2020-04-22,261.457,1.82287e+06,0,0,1.82287e+06,13.0815
2020-04-23,262.791,1.82287e+06,0,0,1.82287e+06,13.0815
2020-04-24,261.457,1.82287e+06,0,0,1.82287e+06,13.0815
2020-04-27,265.014,1.82287e+06,0,0,1.82287e+06,13.0815
2020-04-28,263.681,1.82287e+06,0,0,1.82287e+06,13.0815
2020-04-29,265.904,1.82287e+06,0,0,1.82287e+06,13.0815
2020-04-30,270.795,1.82287e+06,0,0,1.82287e+06,13.0815
2020-05-04,262.347,1.82287e+06,0,0,1.82287e+06,13.0815
2020-05-05,262.791,1.82287e+06,0,0,1.82287e+06,13.0815
2020-05-06,263.236,1.82287e+06,0,0,1.82287e+06,13.0815
2020-05-07,264.57,1.82287e+06,0,0,1.82287e+06,13.0815
2020-05-08,264.57,1.82287e+06,0,0,1.82287e+06,13.0815
2020-05-11,267.682,1.82287e+06,0,0,1.82287e+06,13.0815
2020-05-12,262.347,1.82287e+06,0,0,1.82287e+06,13.0815
2020-05-13,264.125,1.82287e+06,0,0,1.82287e+06,13.0815
2020-05-14,260.568,1.82287e+06,0,0,1.82287e+06,13.0815
2020-05-15,265.014,1.82287e+06,0,0,1.82287e+06,13.0815
2020-05-18,257.9,1.82287e+06,0,0,1.82287e+06,13.0815
2020-05-19,259.234,1.82287e+06,0,0,1.82287e+06,13.0815
2020-05-20,261.457,1.82287e+06,0,0,1.82287e+06,13.0815
2020-05-21,264.57,1.82287e+06,0,0,1.82287e+06,13.0815
2020-05-22,259.679,1.82287e+06,0,0,1.82287e+06,13.0815
2020-05-25,259.679,1.82287e+06,0,0,1.82287e+06,13.0815
2020-05-26,262.791,1.82287e+06,0,0,1.82287e+06,13.0815
2020-05-27,263.681,1.82287e+06,0,0,1.82287e+06,13.0815
2020-05-28,261.457,1.82287e+06,0,0,1.82287e+06,13.0815
2020-05-29,259.679,1.82287e+06,0,0,1.82287e+06,13.0815
2020-06-01,262.791,1.82287e+06,0,0,1.82287e+06,13.0815
2020-06-02,263.681,1.82287e+06,0,0,1.82287e+06,13.0815
2020-06-03,267.682,1.82287e+06,0,0,1.82287e+06,13.0815
2020-06-04,272.129,1.82287e+06,0,0,1.82287e+06,13.0815
2020-06-05,277.02,1.82287e+06,0,0,1.82287e+06,13.0815
2020-06-08,282.801,1.82287e+06,0,0,1.82287e+06,13.0815
2020-06-09,283.69,1.82287e+06,0,0,1.82287e+06,13.0815
2020-06-10,286.803,1.82287e+06,0,0,1.82287e+06,13.0815
2020-06-11,285.024,1.82287e+06,0,0,1.82287e+06,13.0815
2020-06-12,281.022,1.82287e+06,0,0,1.82287e+06,13.0815
2020-06-15,275.242,1.82287e+06,0,0,1.82287e+06,13.0815
2020-06-16,280.133,1.82287e+06,0,0,1.82287e+06,13.0815
2020-06-17,280.133,1.82287e+06,0,0,1.82287e+06,13.0815
2020-06-18,281.926,1.82287e+06,0,0,1.82287e+06,13.0815
2020-06-19,281.926,1.82287e+06,0,0,1.82287e+06,13.0815
2020-06-22,279.685,1.82287e+06,0,0,1.82287e+06,13.0815
2020-06-23,282.374,1.82287e+06,0,0,1.82287e+06,13.0815
2020-06-24,284.615,1.82287e+06,0,0,1.82287e+06,13.0815
2020-06-29,279.685,33983.2,6387,1.78635e+06,1.82033e+06,13.2028
2020-06-30,280.581,827.608,6505,1.82518e+06,1.82601e+06,12.932
2020-07-01,284.615,827.608,6505,1.85142e+06,1.85225e+06,11.6808
2020-07-02,288.649,827.608,6505,1.87766e+06,1.87849e+06,10.4296
2020-07-03,295.372,827.608,6505,1.9214e+06,1.92222e+06,8.34427
2020-07-06,302.992,827.608,6505,1.97096e+06,1.97179e+06,5.98089
2020-07-07,303.44,827.608,6505,1.97388e+06,1.9747e+06,5.84188
2020-07-08,305.681,827.608,6505,1.98845e+06,1.98928e+06,5.14673
2020-07-09,309.267,827.608,6505,2.01178e+06,2.01261e+06,4.03456
2020-07-10,312.404,827.608,6505,2.03219e+06,2.03302e+06,3.0614
2020-07-13,317.783,827.608,6505,2.06718e+06,2.068e+06,1.39311
2020-07-14,325.85,827.608,6505,2.11966e+06,2.12048e+06,0
2020-07-15,325.402,827.608,6505,2.11674e+06,2.11757e+06,0.137498
2020-07-16,320.472,827.608,6505,2.08467e+06,2.0855e+06,1.64995
2020-07-17,328.988,827.608,6505,2.14007e+06,2.14089e+06,0
2020-07-20,328.092,827.608,6505,2.13424e+06,2.13506e+06,0.272355
2020-07-21,343.331,827.608,6505,2.23337e+06,2.23419e+06,0
2020-07-22,344.227,827.608,6505,2.2392e+06,2.24003e+06,0
2020-07-23,341.986,827.608,6505,2.22462e+06,2.22545e+06,0.650809
2020-07-24,346.02,827.608,6505,2.25086e+06,2.25169e+06,0
2020-07-27,380.532,827.608,6505,2.47536e+06,2.47619e+06,0
2020-07-28,389.945,827.608,6505,2.53659e+06,2.53742e+06,0
2020-07-29,378.291,827.608,6505,2.46079e+06,2.46161e+06,2.98753
2020-07-30,389.048,827.608,6505,2.53076e+06,2.53159e+06,0.229802
2020-07-31,381.429,827.608,6505,2.48119e+06,2.48202e+06,2.18319
2020-08-03,372.913,827.608,6505,2.4258e+06,2.42663e+06,4.36639
2020-08-04,381.429,827.608,6505,2.48119e+06,2.48202e+06,2.18319
2020-08-05,384.566,827.608,6505,2.5016e+06,2.50243e+06,1.37884
2020-08-06,389.945,827.608,6505,2.53659e+06,2.53742e+06,0
2020-08-07,388.152,827.608,6505,2.52493e+06,2.52576e+06,0.459619
2020-08-10,390.393,827.608,6505,2.53951e+06,2.54033e+06,0
2020-08-11,384.566,827.608,6505,2.5016e+06,2.50243e+06,1.49203
2020-08-12,375.602,827.608,6505,2.44329e+06,2.44412e+06,3.78751
2020-08-13,384.566,827.608,6505,2.5016e+06,2.50243e+06,1.49203
2020-08-14,382.773,827.608,6505,2.48994e+06,2.49077e+06,1.95114
2020-08-17,389.945,827.608,6505,2.53659e+06,2.53742e+06,0.114773
2020-08-18,388.152,827.608,6505,2.52493e+06,2.52576e+06,0.573865
2020-08-19,383.222,827.608,6505,2.49286e+06,2.49368e+06,1.83638
2020-08-20,372.016,827.608,6505,2.41997e+06,2.42079e+06,4.70568
2020-08-21,380.532,2.46524e+06,0,0,2.46524e+06,2.95618
2020-08-24,383.67,2.46524e+06,0,0,2.46524e+06,2.95618
2020-08-25,389.497,2.46524e+06,0,0,2.46524e+06,2.95618
2020-08-26,396.22,2.46524e+06,0,0,2.46524e+06,2.95618
2020-08-27,398.013,2.46524e+06,0,0,2.46524e+06,2.95618
2020-08-28,389.945,2.46524e+06,0,0,2.46524e+06,2.95618
2020-08-31,382.325,45882.6,6319,2.41591e+06,2.4618e+06,3.09167
2020-09-01,389.945,975.971,6434,2.5089e+06,2.50988e+06,1.19879
2020-09-02,388.152,975.971,6434,2.49737e+06,2.49835e+06,1.65287
2020-09-03,390.841,975.971,6434,2.51467e+06,2.51565e+06,0.971752
2020-09-04,384.566,975.971,6434,2.4743e+06,2.47528e+06,2.56102
2020-09-07,381.877,975.971,6434,2.457e+06,2.45797e+06,3.24214
2020-09-08,386.359,975.971,6434,2.48583e+06,2.48681e+06,2.10695
2020-09-09,382.773,975.971,6434,2.46276e+06,2.46374e+06,3.01512
2020-09-10,389.945,975.971,6434,2.5089e+06,2.50988e+06,1.19879
2020-09-11,391.29,2.50739e+06,0,0,2.50739e+06,1.2967
2020-09-14,395.323,2.50739e+06,0,0,2.50739e+06,1.2967
2020-09-15,398.909,2.50739e+06,0,0,2.50739e+06,1.2967
2020-09-16,410.563,46675.5,5985,2.45722e+06,2.50389e+06,1.43452
2020-09-17,404.253,929.847,6098,2.46514e+06,2.46607e+06,2.92358
2020-09-18,400.197,929.847,6098,2.4404e+06,2.44133e+06,3.89721
2020-09-21,396.592,929.847,6098,2.41842e+06,2.41935e+06,4.76265
2020-09-22,393.888,929.847,6098,2.40193e+06,2.40286e+06,5.41176
2020-09-23,390.733,929.847,6098,2.38269e+06,2.38362e+06,6.16904
2020-09-24,381.269,929.847,6098,2.32498e+06,2.32591e+06,8.44089
2020-09-25,382.17,929.847,6098,2.33047e+06,2.3314e+06,8.22452
2020-09-28,388.93,929.847,6098,2.3717e+06,2.37263e+06,6.60178
2020-09-29,388.48,929.847,6098,2.36895e+06,2.36988e+06,6.70996
2020-09-30,390.282,929.847,6098,2.37994e+06,2.38087e+06,6.27723
2020-10-05,389.832,2.36761e+06,0,0,2.36761e+06,6.79944
2020-10-06,396.141,2.36761e+06,0,0,2.36761e+06,6.79944
2020-10-07,399.296,2.36761e+06,0,0,2.36761e+06,6.79944
2020-10-08,408.309,2.36761e+06,0,0,2.36761e+06,6.79944
2020-10-12,414.619,2.36761e+06,0,0,2.36761e+06,6.79944
2020-10-13,416.421,2.36761e+06,0,0,2.36761e+06,6.79944
2020-10-14,413.717,2.36761e+06,0,0,2.36761e+06,6.79944
2020-10-15,408.309,2.36761e+06,0,0,2.36761e+06,6.79944
2020-10-16,404.704,2.36761e+06,0,0,2.36761e+06,6.79944
2020-10-19,412.365,2.36761e+06,0,0,2.36761e+06,6.79944
2020-10-20,406.507,2.36761e+06,0,0,2.36761e+06,6.79944
2020-10-21,408.309,2.36761e+06,0,0,2.36761e+06,6.79944
2020-10-22,410.112,2.36761e+06,0,0,2.36761e+06,6.79944
2020-10-23,407.408,2.36761e+06,0,0,2.36761e+06,6.79944
2020-10-26,405.605,2.36761e+06,0,0,2.36761e+06,6.79944
2020-10-27,402.901,2.36761e+06,0,0,2.36761e+06,6.79944
2020-10-28,400.197,2.36761e+06,0,0,2.36761e+06,6.79944
2020-10-29,393.888,2.36761e+06,0,0,2.36761e+06,6.79944
2020-10-30,389.381,2.36761e+06,0,0,2.36761e+06,6.79944
2020-11-02,392.536,2.36761e+06,0,0,2.36761e+06,6.79944
2020-11-03,397.493,2.36761e+06,0,0,2.36761e+06,6.79944
2020-11-04,405.605,2.36761e+06,0,0,2.36761e+06,6.79944
2020-11-05,406.507,2.36761e+06,0,0,2.36761e+06,6.79944
2020-11-06,407.859,2.36761e+06,0,0,2.36761e+06,6.79944
2020-11-09,413.267,2.36761e+06,0,0,2.36761e+06,6.79944
2020-11-10,406.507,2.36761e+06,0,0,2.36761e+06,6.79944
2020-11-11,411.915,2.36761e+06,0,0,2.36761e+06,6.79944
2020-11-12,412.816,2.36761e+06,0,0,2.36761e+06,6.79944
2020-11-13,416.421,2.36761e+06,0,0,2.36761e+06,6.79944
2020-11-16,436.251,44318.3,5318,2.31998e+06,2.3643e+06,6.92954
2020-11-17,437.603,934.647,5417,2.3705e+06,2.37143e+06,6.6489
2020-11-18,447.968,934.647,5417,2.42665e+06,2.42758e+06,4.43857
2020-11-19,441.659,934.647,5417,2.39247e+06,2.3934e+06,5.78398
2020-11-20,439.856,934.647,5417,2.3827e+06,2.38364e+06,6.1684
2020-11-23,447.518,934.647,5417,2.4242e+06,2.42514e+06,4.53467
2020-11-24,443.462,934.647,5417,2.40223e+06,2.40317e+06,5.39957
2020-11-25,438.955,934.647,5417,2.37782e+06,2.37875e+06,6.36059
2020-11-26,440.758,934.647,5417,2.38758e+06,2.38852e+06,5.97619
2020-11-27,440.758,934.647,5417,2.38758e+06,2.38852e+06,5.97619
2020-11-30,433.096,934.647,5417,2.34608e+06,2.34702e+06,7.60991
2020-12-01,441.659,934.647,5417,2.39247e+06,2.3934e+06,5.78398
2020-12-02,449.771,934.647,5417,2.43641e+06,2.43734e+06,4.05417
2020-12-03,447.968,934.647,5417,2.42665e+06,2.42758e+06,4.43857
2020-12-04,453.377,934.647,5417,2.45594e+06,2.45688e+06,3.28534
2020-12-07,463.291,934.647,5417,2.50965e+06,2.51058e+06,1.17112
2020-12-08,472.305,934.647,5417,2.55847e+06,2.55941e+06,0
2020-12-09,468.699,934.647,5417,2.53894e+06,2.53988e+06,0.76306
2020-12-10,461.489,934.647,5417,2.49988e+06,2.50082e+06,2.28923
2020-12-11,465.094,934.647,5417,2.51941e+06,2.52035e+06,1.52615
2020-12-14,457.883,934.647,5417,2.48035e+06,2.48129e+06,3.05231
2020-12-15,454.278,934.647,5417,2.46082e+06,2.46176e+06,3.81538
2020-12-16,461.489,934.647,5417,2.49988e+06,2.50082e+06,2.28923
2020-12-17,460.13,934.647,5417,2.49252e+06,2.49346e+06,2.57679
2020-12-18,461.942,934.647,5417,2.50234e+06,2.50327e+06,2.19338
2020-12-21,467.376,934.647,5417,2.53178e+06,2.53271e+06,1.04314
2020-12-22,461.036,934.647,5417,2.49743e+06,2.49837e+06,2.38508
2020-12-23,461.036,934.647,5417,2.49743e+06,2.49837e+06,2.38508
2020-12-24,461.942,934.647,5417,2.50234e+06,2.50327e+06,2.19338
2020-12-25,462.847,934.647,5417,2.50724e+06,2.50818e+06,2.00167
2020-12-28,466.47,934.647,5417,2.52687e+06,2.5278e+06,1.23486
2020-12-29,466.47,934.647,5417,2.52687e+06,2.5278e+06,1.23486
2020-12-30,475.528,934.647,5417,2.57594e+06,2.57687e+06,0
2020-12-31,480.057,934.647,5417,2.60047e+06,2.6014e+06,0
2021-01-04,485.491,934.647,5417,2.62991e+06,2.63084e+06,0
2021-01-05,490.926,934.647,5417,2.65935e+06,2.66028e+06,0
2021-01-06,497.266,934.647,5417,2.69369e+06,2.69463e+06,0
2021-01-07,511.759,934.647,5417,2.7722e+06,2.77313e+06,0
2021-01-08,525.345,934.647,5417,2.84579e+06,2.84673e+06,0
2021-01-11,528.968,934.647,5417,2.86542e+06,2.86636e+06,0
2021-01-12,535.309,934.647,5417,2.89977e+06,2.9007e+06,0
2021-01-13,547.989,934.647,5417,2.96846e+06,2.96939e+06,0
2021-01-14,536.215,934.647,5417,2.90467e+06,2.90561e+06,2.14806
2021-01-15,544.366,934.647,5417,2.94883e+06,2.94977e+06,0.660933
2021-01-18,549.801,934.647,5417,2.97827e+06,2.97921e+06,0
2021-01-19,567.916,934.647,5417,3.0764e+06,3.07734e+06,0
2021-01-20,586.032,934.647,5417,3.17453e+06,3.17547e+06,0
2021-01-21,609.582,934.647,5417,3.3021e+06,3.30304e+06,0
2021-01-22,587.843,934.647,5417,3.18435e+06,3.18528e+06,3.56512
2021-01-25,573.351,934.647,5417,3.10584e+06,3.10678e+06,5.94187
2021-01-26,558.859,3.01488e+06,0,0,3.01488e+06,8.72414
2021-01-27,557.047,3.01488e+06,0,0,3.01488e+06,8.72414
2021-01-28,544.366,56390.8,5427,2.95428e+06,3.01067e+06,8.85157
2021-01-29,535.309,1176.02,5530,2.96026e+06,2.96143e+06,10.3421
2021-02-01,553.424,1176.02,5530,3.06044e+06,3.06161e+06,7.30924
2021-02-02,572.445,1176.02,5530,3.16562e+06,3.1668e+06,4.12469
2021-02-03,570.634,1176.02,5530,3.1556e+06,3.15678e+06,4.42799
2021-02-04,567.916,1176.02,5530,3.14058e+06,3.14175e+06,4.88292
2021-02-05,572.445,1176.02,5530,3.16562e+06,3.1668e+06,4.12469
2021-02-17,600.524,3.30738e+06,0,0,3.30738e+06,0
2021-02-18,597.807,3.30738e+06,0,0,3.30738e+06,0
2021-02-19,590.56,3.30738e+06,0,0,3.30738e+06,0
2021-02-22,588.749,3.30738e+06,0,0,3.30738e+06,0
2021-02-23,580.597,3.30738e+06,0,0,3.30738e+06,0
2021-02-24,566.105,3.30738e+06,0,0,3.30738e+06,0
2021-02-25,575.162,3.30738e+06,0,0,3.30738e+06,0
2021-02-26,548.895,61534.8,5905,3.24123e+06,3.30276e+06,0.139627
2021-03-02,551.612,1324.04,6014,3.3174e+06,3.31872e+06,0
2021-03-03,563.388,1324.04,6014,3.38821e+06,3.38954e+06,0
2021-03-04,544.366,1324.04,6014,3.27382e+06,3.27514e+06,3.37488
2021-03-05,544.366,3.26066e+06,0,0,3.26066e+06,3.80225
2021-03-08,541.649,3.26066e+06,0,0,3.26066e+06,3.80225
2021-03-09,538.932,3.26066e+06,0,0,3.26066e+06,3.80225
2021-03-10,540.743,3.26066e+06,0,0,3.26066e+06,3.80225
2021-03-11,551.612,3.26066e+06,0,0,3.26066e+06,3.80225
2021-03-12,556.141,3.26066e+06,0,0,3.26066e+06,3.80225
2021-03-15,553.424,3.26066e+06,0,0,3.26066e+06,3.80225
2021-03-16,555.236,3.26066e+06,0,0,3.26066e+06,3.80225
2021-03-17,549.324,3.26066e+06,0,0,3.26066e+06,3.80225
2021-03-18,547.505,3.26066e+06,0,0,3.26066e+06,3.80225
2021-03-19,537.501,3.26066e+06,0,0,3.26066e+06,3.80225
2021-03-22,539.32,3.26066e+06,0,0,3.26066e+06,3.80225
2021-03-23,540.229,3.26066e+06,0,0,3.26066e+06,3.80225
2021-03-24,523.859,3.26066e+06,0,0,3.26066e+06,3.80225
2021-03-25,522.949,3.26066e+06,0,0,3.26066e+06,3.80225
2021-03-26,536.591,3.26066e+06,0,0,3.26066e+06,3.80225
2021-03-29,544.777,3.26066e+06,0,0,3.26066e+06,3.80225
2021-03-30,542.958,3.26066e+06,0,0,3.26066e+06,3.80225
2021-03-31,533.863,3.26066e+06,0,0,3.26066e+06,3.80225
2021-04-01,547.505,3.26066e+06,0,0,3.26066e+06,3.80225
2021-04-07,554.781,3.26066e+06,0,0,3.26066e+06,3.80225
2021-04-08,557.509,3.26066e+06,0,0,3.26066e+06,3.80225
2021-04-09,554.781,3.26066e+06,0,0,3.26066e+06,3.80225
2021-04-12,550.234,3.26066e+06,0,0,3.26066e+06,3.80225
2021-04-13,550.234,3.26066e+06,0,0,3.26066e+06,3.80225
2021-04-14,556.6,3.26066e+06,0,0,3.26066e+06,3.80225
2021-04-15,562.966,3.26066e+06,0,0,3.26066e+06,3.80225
2021-04-16,554.781,3.26066e+06,0,0,3.26066e+06,3.80225
2021-04-19,548.414,3.26066e+06,0,0,3.26066e+06,3.80225
2021-04-20,547.505,3.26066e+06,0,0,3.26066e+06,3.80225
2021-04-21,538.41,3.26066e+06,0,0,3.26066e+06,3.80225
2021-04-22,537.501,3.26066e+06,0,0,3.26066e+06,3.80225
2021-04-23,547.505,3.26066e+06,0,0,3.26066e+06,3.80225
2021-04-26,554.781,3.26066e+06,0,0,3.26066e+06,3.80225
2021-04-27,554.781,3.26066e+06,0,0,3.26066e+06,3.80225
2021-04-28,547.505,3.26066e+06,0,0,3.26066e+06,3.80225
2021-04-29,545.686,3.26066e+06,0,0,3.26066e+06,3.80225
2021-05-03,534.772,3.26066e+06,0,0,3.26066e+06,3.80225
2021-05-04,537.501,3.26066e+06,0,0,3.26066e+06,3.80225
2021-05-05,532.044,3.26066e+06,0,0,3.26066e+06,3.80225
2021-05-06,533.863,3.26066e+06,0,0,3.26066e+06,3.80225
2021-05-07,544.777,3.26066e+06,0,0,3.26066e+06,3.80225
2021-05-10,535.682,3.26066e+06,0,0,3.26066e+06,3.80225
2021-05-11,519.311,3.26066e+06,0,0,3.26066e+06,3.80225
2021-05-12,509.307,3.26066e+06,0,0,3.26066e+06,3.80225
2021-05-13,497.484,3.26066e+06,0,0,3.26066e+06,3.80225
2021-05-14,506.579,3.26066e+06,0,0,3.26066e+06,3.80225
2021-05-17,499.303,3.26066e+06,0,0,3.26066e+06,3.80225
2021-05-18,520.221,3.26066e+06,0,0,3.26066e+06,3.80225
2021-05-19,515.673,3.26066e+06,0,0,3.26066e+06,3.80225
2021-05-20,515.673,3.26066e+06,0,0,3.26066e+06,3.80225
2021-05-21,521.13,3.26066e+06,0,0,3.26066e+06,3.80225
2021-05-24,516.583,3.26066e+06,0,0,3.26066e+06,3.80225
2021-05-25,530.225,3.26066e+06,0,0,3.26066e+06,3.80225
2021-05-26,532.044,3.26066e+06,0,0,3.26066e+06,3.80225
2021-05-27,529.315,3.26066e+06,0,0,3.26066e+06,3.80225
2021-05-28,536.591,3.26066e+06,0,0,3.26066e+06,3.80225
2021-05-31,542.958,3.26066e+06,0,0,3.26066e+06,3.80225
2021-06-01,543.867,3.26066e+06,0,0,3.26066e+06,3.80225
2021-06-02,541.139,3.26066e+06,0,0,3.26066e+06,3.80225
2021-06-03,542.048,3.26066e+06,0,0,3.26066e+06,3.80225
2021-06-04,541.139,3.26066e+06,0,0,3.26066e+06,3.80225
2021-06-07,538.41,3.26066e+06,0,0,3.26066e+06,3.80225
2021-06-08,535.682,3.26066e+06,0,0,3.26066e+06,3.80225
2021-06-09,532.953,3.26066e+06,0,0,3.26066e+06,3.80225
2021-06-10,544.777,3.26066e+06,0,0,3.26066e+06,3.80225
2021-06-11,547.505,3.26066e+06,0,0,3.26066e+06,3.80225
2021-06-15,553.871,3.26066e+06,0,0,3.26066e+06,3.80225
2021-06-16,550.234,3.26066e+06,0,0,3.26066e+06,3.80225
2021-06-17,553.43,3.26066e+06,0,0,3.26066e+06,3.80225
2021-06-18,550.69,3.26066e+06,0,0,3.26066e+06,3.80225
2021-06-21,532.425,3.26066e+06,0,0,3.26066e+06,3.80225
2021-06-22,527.859,3.26066e+06,0,0,3.26066e+06,3.80225
2021-06-23,543.384,3.26066e+06,0,0,3.26066e+06,3.80225
2021-06-24,538.818,3.26066e+06,0,0,3.26066e+06,3.80225
2021-06-25,539.731,3.26066e+06,0,0,3.26066e+06,3.80225
2021-06-28,538.818,3.26066e+06,0,0,3.26066e+06,3.80225
2021-06-29,543.384,3.26066e+06,0,0,3.26066e+06,3.80225
2021-06-30,543.384,3.26066e+06,0,0,3.26066e+06,3.80225
2021-07-01,541.557,3.26066e+06,0,0,3.26066e+06,3.80225
2021-07-02,536.991,3.26066e+06,0,0,3.26066e+06,3.80225
2021-07-05,539.731,3.26066e+06,0,0,3.26066e+06,3.80225
2021-07-06,540.644,3.26066e+06,0,0,3.26066e+06,3.80225
2021-07-07,542.471,3.26066e+06,0,0,3.26066e+06,3.80225
2021-07-08,536.991,3.26066e+06,0,0,3.26066e+06,3.80225
2021-07-09,533.338,3.26066e+06,0,0,3.26066e+06,3.80225
2021-07-12,541.557,3.26066e+06,0,0,3.26066e+06,3.80225
2021-07-13,554.343,3.26066e+06,0,0,3.26066e+06,3.80225
2021-07-14,559.823,61198.8,5707,3.19491e+06,3.25611e+06,3.93655
2021-07-15,560.736,1676.84,5813,3.25956e+06,3.26123e+06,3.78525
2021-07-16,537.905,3.11468e+06,0,0,3.11468e+06,8.10894
2021-07-19,531.512,3.11468e+06,0,0,3.11468e+06,8.10894
2021-07-20,530.599,3.11468e+06,0,0,3.11468e+06,8.10894
2021-07-21,534.252,3.11468e+06,0,0,3.11468e+06,8.10894
2021-07-22,539.731,3.11468e+06,0,0,3.11468e+06,8.10894
2021-07-23,534.252,3.11468e+06,0,0,3.11468e+06,8.10894
2021-07-26,529.685,3.11468e+06,0,0,3.11468e+06,8.10894
2021-07-27,529.685,3.11468e+06,0,0,3.11468e+06,8.10894
2021-07-28,528.772,3.11468e+06,0,0,3.11468e+06,8.10894
2021-07-29,532.425,3.11468e+06,0,0,3.11468e+06,8.10894
2021-07-30,529.685,3.11468e+06,0,0,3.11468e+06,8.10894
2021-08-02,538.818,3.11468e+06,0,0,3.11468e+06,8.10894
2021-08-03,542.471,3.11468e+06,0,0,3.11468e+06,8.10894
2021-08-04,544.297,3.11468e+06,0,0,3.11468e+06,8.10894
2021-08-05,544.297,3.11468e+06,0,0,3.11468e+06,8.10894
2021-08-06,539.731,3.11468e+06,0,0,3.11468e+06,8.10894
2021-08-09,543.384,3.11468e+06,0,0,3.11468e+06,8.10894
2021-08-10,539.731,3.11468e+06,0,0,3.11468e+06,8.10894
2021-08-11,538.818,3.11468e+06,0,0,3.11468e+06,8.10894
2021-08-12,535.165,3.11468e+06,0,0,3.11468e+06,8.10894
2021-08-13,530.599,3.11468e+06,0,0,3.11468e+06,8.10894
2021-08-16,533.338,3.11468e+06,0,0,3.11468e+06,8.10894
2021-08-17,533.338,3.11468e+06,0,0,3.11468e+06,8.10894
2021-08-18,524.206,3.11468e+06,0,0,3.11468e+06,8.10894
2021-08-19,510.507,3.11468e+06,0,0,3.11468e+06,8.10894
2021-08-20,504.114,3.11468e+06,0,0,3.11468e+06,8.10894
2021-08-23,516.9,3.11468e+06,0,0,3.11468e+06,8.10894
2021-08-24,522.379,3.11468e+06,0,0,3.11468e+06,8.10894
2021-08-25,534.252,3.11468e+06,0,0,3.11468e+06,8.10894
2021-08-26,542.471,3.11468e+06,0,0,3.11468e+06,8.10894
2021-08-27,547.037,3.11468e+06,0,0,3.11468e+06,8.10894
2021-08-30,552.516,3.11468e+06,0,0,3.11468e+06,8.10894
2021-08-31,560.736,3.11468e+06,0,0,3.11468e+06,8.10894
2021-09-01,559.823,3.11468e+06,0,0,3.11468e+06,8.10894
2021-09-02,554.343,3.11468e+06,0,0,3.11468e+06,8.10894
2021-09-03,566.215,58432.3,5390,3.0519e+06,3.11033e+06,8.23722
2021-09-06,576.261,1301.44,5489,3.1631e+06,3.1644e+06,6.64214
2021-09-07,568.955,1301.44,5489,3.12299e+06,3.1243e+06,7.82528
2021-09-08,565.302,1301.44,5489,3.10294e+06,3.10425e+06,8.41683
2021-09-09,565.302,1301.44,5489,3.10294e+06,3.10425e+06,8.41683
2021-09-10,568.042,1301.44,5489,3.11798e+06,3.11928e+06,7.97315
2021-09-13,561.649,1301.44,5489,3.08289e+06,3.08419e+06,9.0084
2021-09-14,559.823,1301.44,5489,3.07287e+06,3.07417e+06,9.3042
2021-09-15,554.343,1301.44,5489,3.04279e+06,3.04409e+06,10.1915
2021-09-16,550.444,1301.44,5489,3.02139e+06,3.02269e+06,10.8229
2021-09-17,550.444,1301.44,5489,3.02139e+06,3.02269e+06,10.8229
2021-09-22,537.6,2.93913e+06,0,0,2.93913e+06,13.288
2021-09-23,539.435,2.93913e+06,0,0,2.93913e+06,13.288
2021-09-24,548.609,2.93913e+06,0,0,2.93913e+06,13.288
2021-09-27,552.279,2.93913e+06,0,0,2.93913e+06,13.288
2021-09-28,544.94,2.93913e+06,0,0,2.93913e+06,13.288
2021-09-29,532.096,2.93913e+06,0,0,2.93913e+06,13.288
2021-09-30,532.096,2.93913e+06,0,0,2.93913e+06,13.288
2021-10-01,526.592,2.93913e+06,0,0,2.93913e+06,13.288
2021-10-04,524.757,2.93913e+06,0,0,2.93913e+06,13.288
2021-10-05,524.757,2.93913e+06,0,0,2.93913e+06,13.288
2021-10-06,523.839,2.93913e+06,0,0,2.93913e+06,13.288
2021-10-07,532.096,2.93913e+06,0,0,2.93913e+06,13.288
2021-10-08,527.509,2.93913e+06,0,0,2.93913e+06,13.288
2021-10-12,527.509,2.93913e+06,0,0,2.93913e+06,13.288
2021-10-13,523.839,2.93913e+06,0,0,2.93913e+06,13.288
2021-10-14,525.674,2.93913e+06,0,0,2.93913e+06,13.288
2021-10-15,550.444,2.93913e+06,0,0,2.93913e+06,13.288
2021-10-18,541.27,2.93913e+06,0,0,2.93913e+06,13.288
2021-10-19,550.444,2.93913e+06,0,0,2.93913e+06,13.288
2021-10-20,548.609,2.93913e+06,0,0,2.93913e+06,13.288
2021-10-21,546.774,2.93913e+06,0,0,2.93913e+06,13.288
2021-10-22,550.444,2.93913e+06,0,0,2.93913e+06,13.288
2021-10-25,544.022,2.93913e+06,0,0,2.93913e+06,13.288
2021-10-26,549.527,2.93913e+06,0,0,2.93913e+06,13.288
2021-10-27,549.527,2.93913e+06,0,0,2.93913e+06,13.288
2021-10-28,545.857,2.93913e+06,0,0,2.93913e+06,13.288
2021-10-29,541.27,2.93913e+06,0,0,2.93913e+06,13.288
2021-11-01,541.27,2.93913e+06,0,0,2.93913e+06,13.288
2021-11-02,543.105,2.93913e+06,0,0,2.93913e+06,13.288
2021-11-03,543.105,2.93913e+06,0,0,2.93913e+06,13.288
2021-11-04,538.518,2.93913e+06,0,0,2.93913e+06,13.288
2021-11-05,550.444,55106.6,5232,2.87992e+06,2.93503e+06,13.4091
2021-11-08,552.279,1459.52,5329,2.94309e+06,2.94455e+06,13.1281
2021-11-09,560.536,1459.52,5329,2.98709e+06,2.98855e+06,11.83
2021-11-10,561.453,1459.52,5329,2.99198e+06,2.99344e+06,11.6858
2021-11-11,555.949,1459.52,5329,2.96265e+06,2.96411e+06,12.5512
2021-11-12,554.114,1459.52,5329,2.95287e+06,2.95433e+06,12.8397
2021-11-15,557.783,1459.52,5329,2.97243e+06,2.97389e+06,12.2627
2021-11-16,559.618,1459.52,5329,2.98221e+06,2.98366e+06,11.9743
2021-11-17,559.618,1459.52,5329,2.98221e+06,2.98366e+06,11.9743
2021-11-18,562.37,1459.52,5329,2.99687e+06,2.99833e+06,11.5416
2021-11-19,566.958,1459.52,5329,3.02132e+06,3.02278e+06,10.8204
2021-11-22,564.205,1459.52,5329,3.00665e+06,3.00811e+06,11.2531
2021-11-23,561.453,1459.52,5329,2.99198e+06,2.99344e+06,11.6858
2021-11-24,553.196,1459.52,5329,2.94798e+06,2.94944e+06,12.9839
2021-11-25,553.196,1459.52,5329,2.94798e+06,2.94944e+06,12.9839
2021-11-26,546.774,2.90233e+06,0,0,2.90233e+06,14.3739
2021-11-29,544.022,2.90233e+06,0,0,2.90233e+06,14.3739
2021-11-30,546.774,2.90233e+06,0,0,2.90233e+06,14.3739
2021-12-01,550.444,2.90233e+06,0,0,2.90233e+06,14.3739
2021-12-02,564.205,2.90233e+06,0,0,2.90233e+06,14.3739
2021-12-03,557.783,2.90233e+06,0,0,2.90233e+06,14.3739
2021-12-06,550.444,2.90233e+06,0,0,2.90233e+06,14.3739
2021-12-07,556.866,2.90233e+06,0,0,2.90233e+06,14.3739
2021-12-08,552.279,2.90233e+06,0,0,2.90233e+06,14.3739
2021-12-09,557.783,2.90233e+06,0,0,2.90233e+06,14.3739
2021-12-10,555.031,2.90233e+06,0,0,2.90233e+06,14.3739
2021-12-13,551.361,2.90233e+06,0,0,2.90233e+06,14.3739
2021-12-14,549.527,2.90233e+06,0,0,2.90233e+06,14.3739
2021-12-15,550.444,2.90233e+06,0,0,2.90233e+06,14.3739
2021-12-16,557.587,2.90233e+06,0,0,2.90233e+06,14.3739
2021-12-17,559.43,2.90233e+06,0,0,2.90233e+06,14.3739
2021-12-20,551.135,2.90233e+06,0,0,2.90233e+06,14.3739
2021-12-21,550.214,2.90233e+06,0,0,2.90233e+06,14.3739
2021-12-22,552.979,2.90233e+06,0,0,2.90233e+06,14.3739
2021-12-23,558.508,2.90233e+06,0,0,2.90233e+06,14.3739
2021-12-24,556.665,2.90233e+06,0,0,2.90233e+06,14.3739
2021-12-27,558.508,2.90233e+06,0,0,2.90233e+06,14.3739
2021-12-28,566.803,54056.4,5018,2.84422e+06,2.89827e+06,14.4935
2021-12-29,567.725,1182.99,5111,2.90164e+06,2.90282e+06,14.3593
2021-12-30,566.803,1182.99,5111,2.89693e+06,2.89811e+06,14.4982
2022-01-03,581.549,1182.99,5111,2.9723e+06,2.97348e+06,12.2747
2022-01-04,604.59,1182.99,5111,3.09006e+06,3.09124e+06,8.80043
2022-01-05,599.06,1182.99,5111,3.0618e+06,3.06298e+06,9.63428
2022-01-06,593.53,1182.99,5111,3.03353e+06,3.03472e+06,10.4681
2022-01-07,584.314,1182.99,5111,2.98643e+06,2.98761e+06,11.8578
2022-01-10,592.609,1182.99,5111,3.02882e+06,3.03001e+06,10.607
2022-01-11,599.982,1182.99,5111,3.06651e+06,3.06769e+06,9.4953
2022-01-12,608.276,1182.99,5111,3.1089e+06,3.11008e+06,8.24457
2022-01-13,609.198,1182.99,5111,3.11361e+06,3.1148e+06,8.10557
2022-01-14,619.336,1182.99,5111,3.16543e+06,3.16661e+06,6.57692
2022-01-17,629.474,1182.99,5111,3.21724e+06,3.21842e+06,5.04824
2022-01-18,610.12,1182.99,5111,3.11832e+06,3.11951e+06,7.96661
2022-01-19,602.747,1182.99,5111,3.08064e+06,3.08182e+06,9.07837
2022-01-20,599.982,1182.99,5111,3.06651e+06,3.06769e+06,9.4953
2022-01-21,590.766,1182.99,5111,3.0194e+06,3.02059e+06,10.885
2022-01-24,601.825,1182.99,5111,3.07593e+06,3.07711e+06,9.21734
2022-01-25,590.766,1182.99,5111,3.0194e+06,3.02059e+06,10.885
2022-01-26,586.157,1182.99,5111,2.99585e+06,2.99703e+06,11.5799
2022-02-07,585.236,1182.99,5111,2.99114e+06,2.99232e+06,11.7188
2022-02-08,578.784,2.94626e+06,0,0,2.94626e+06,13.0778
2022-02-09,583.392,2.94626e+06,0,0,2.94626e+06,13.0778
2022-02-10,598.138,2.94626e+06,0,0,2.94626e+06,13.0778
2022-02-11,599.06,2.94626e+06,0,0,2.94626e+06,13.0778
2022-02-14,587.079,2.94626e+06,0,0,2.94626e+06,13.0778
2022-02-15,583.392,2.94626e+06,0,0,2.94626e+06,13.0778
2022-02-16,595.374,2.94626e+06,0,0,2.94626e+06,13.0778
2022-02-17,594.452,2.94626e+06,0,0,2.94626e+06,13.0778
2022-02-18,587.079,2.94626e+06,0,0,2.94626e+06,13.0778
2022-02-21,582.471,2.94626e+06,0,0,2.94626e+06,13.0778
2022-02-22,577.863,2.94626e+06,0,0,2.94626e+06,13.0778
2022-02-23,576.019,2.94626e+06,0,0,2.94626e+06,13.0778
2022-02-24,556.665,2.94626e+06,0,0,2.94626e+06,13.0778
2022-02-25,556.665,2.94626e+06,0,0,2.94626e+06,13.0778
2022-03-01,556.665,2.94626e+06,0,0,2.94626e+06,13.0778
2022-03-02,553.9,2.94626e+06,0,0,2.94626e+06,13.0778
2022-03-03,554.822,2.94626e+06,0,0,2.94626e+06,13.0778
2022-03-04,548.37,2.94626e+06,0,0,2.94626e+06,13.0778
2022-03-07,530.859,2.94626e+06,0,0,2.94626e+06,13.0778
2022-03-08,518.878,2.94626e+06,0,0,2.94626e+06,13.0778
2022-03-09,523.487,2.94626e+06,0,0,2.94626e+06,13.0778
2022-03-10,540.997,2.94626e+06,0,0,2.94626e+06,13.0778
2022-03-11,529.938,2.94626e+06,0,0,2.94626e+06,13.0778
2022-03-14,527.173,2.94626e+06,0,0,2.94626e+06,13.0778
2022-03-15,514.27,2.94626e+06,0,0,2.94626e+06,13.0778
2022-03-16,516.817,2.94626e+06,0,0,2.94626e+06,13.0778
2022-03-17,539.046,2.94626e+06,0,0,2.94626e+06,13.0778
2022-03-18,538.12,2.94626e+06,0,0,2.94626e+06,13.0778
2022-03-21,542.75,2.94626e+06,0,0,2.94626e+06,13.0778
2022-03-22,539.972,2.94626e+06,0,0,2.94626e+06,13.0778
2022-03-23,546.455,2.94626e+06,0,0,2.94626e+06,13.0778
2022-03-24,547.382,2.94626e+06,0,0,2.94626e+06,13.0778
2022-03-25,553.865,2.94626e+06,0,0,2.94626e+06,13.0778
2022-03-28,540.898,2.94626e+06,0,0,2.94626e+06,13.0778
2022-03-29,545.529,2.94626e+06,0,0,2.94626e+06,13.0778
2022-03-30,555.717,2.94626e+06,0,0,2.94626e+06,13.0778
2022-03-31,552.939,2.94626e+06,0,0,2.94626e+06,13.0778
2022-04-01,545.529,2.94626e+06,0,0,2.94626e+06,13.0778
2022-04-06,535.341,2.94626e+06,0,0,2.94626e+06,13.0778
2022-04-07,524.227,2.94626e+06,0,0,2.94626e+06,13.0778
2022-04-08,525.153,2.94626e+06,0,0,2.94626e+06,13.0778
2022-04-11,516.817,2.94626e+06,0,0,2.94626e+06,13.0778
2022-04-12,515.891,2.94626e+06,0,0,2.94626e+06,13.0778
2022-04-13,530.71,2.94626e+06,0,0,2.94626e+06,13.0778
2022-04-14,530.71,2.94626e+06,0,0,2.94626e+06,13.0778
2022-04-15,520.522,2.94626e+06,0,0,2.94626e+06,13.0778
2022-04-18,519.596,2.94626e+06,0,0,2.94626e+06,13.0778
2022-04-19,523.3,2.94626e+06,0,0,2.94626e+06,13.0778
2022-04-20,527.932,2.94626e+06,0,0,2.94626e+06,13.0778
2022-04-21,523.3,2.94626e+06,0,0,2.94626e+06,13.0778
2022-04-22,516.817,2.94626e+06,0,0,2.94626e+06,13.0778
2022-04-25,506.629,2.94626e+06,0,0,2.94626e+06,13.0778
2022-04-26,505.703,2.94626e+06,0,0,2.94626e+06,13.0778
2022-04-27,487.179,2.94626e+06,0,0,2.94626e+06,13.0778
2022-04-28,491.81,2.94626e+06,0,0,2.94626e+06,13.0778
2022-04-29,498.293,2.94626e+06,0,0,2.94626e+06,13.0778
2022-05-03,491.81,2.94626e+06,0,0,2.94626e+06,13.0778
2022-05-04,494.588,2.94626e+06,0,0,2.94626e+06,13.0778
2022-05-05,501.998,2.94626e+06,0,0,2.94626e+06,13.0778
2022-05-06,489.031,2.94626e+06,0,0,2.94626e+06,13.0778
2022-05-09,481.622,2.94626e+06,0,0,2.94626e+06,13.0778
2022-05-10,479.769,2.94626e+06,0,0,2.94626e+06,13.0778
2022-05-11,482.548,2.94626e+06,0,0,2.94626e+06,13.0778
2022-05-12,467.729,2.94626e+06,0,0,2.94626e+06,13.0778
2022-05-13,473.286,2.94626e+06,0,0,2.94626e+06,13.0778
2022-05-16,481.622,2.94626e+06,0,0,2.94626e+06,13.0778
2022-05-17,490.884,2.94626e+06,0,0,2.94626e+06,13.0778
2022-05-18,498.293,2.94626e+06,0,0,2.94626e+06,13.0778
2022-05-19,483.474,2.94626e+06,0,0,2.94626e+06,13.0778
2022-05-20,490.884,2.94626e+06,0,0,2.94626e+06,13.0778
2022-05-23,489.031,2.94626e+06,0,0,2.94626e+06,13.0778
2022-05-24,481.622,2.94626e+06,0,0,2.94626e+06,13.0778
2022-05-25,485.327,2.94626e+06,0,0,2.94626e+06,13.0778
2022-05-26,476.064,2.94626e+06,0,0,2.94626e+06,13.0778
2022-05-27,490.884,2.94626e+06,0,0,2.94626e+06,13.0778
2022-05-30,506.629,2.94626e+06,0,0,2.94626e+06,13.0778
2022-05-31,518.67,55232.5,5566,2.88691e+06,2.94215e+06,13.1991
2022-06-01,508.481,2.87292e+06,0,0,2.87292e+06,15.2416
2022-06-02,500.146,2.87292e+06,0,0,2.87292e+06,15.2416
2022-06-06,500.146,2.87292e+06,0,0,2.87292e+06,15.2416
2022-06-07,495.515,2.87292e+06,0,0,2.87292e+06,15.2416
2022-06-08,503.85,2.87292e+06,0,0,2.87292e+06,15.2416
2022-06-09,501.072,2.87292e+06,0,0,2.87292e+06,15.2416
2022-06-10,490.884,2.87292e+06,0,0,2.87292e+06,15.2416
2022-06-13,477.917,2.87292e+06,0,0,2.87292e+06,15.2416
2022-06-14,475.138,2.87292e+06,0,0,2.87292e+06,15.2416
2022-06-15,471.434,2.87292e+06,0,0,2.87292e+06,15.2416
2022-06-16,473.063,2.87292e+06,0,0,2.87292e+06,15.2416
2022-06-17,466.545,2.87292e+06,0,0,2.87292e+06,15.2416
2022-06-20,463.751,2.87292e+06,0,0,2.87292e+06,15.2416
2022-06-21,470.27,2.87292e+06,0,0,2.87292e+06,15.2416
2022-06-22,460.492,2.87292e+06,0,0,2.87292e+06,15.2416
2022-06-23,452.111,2.87292e+06,0,0,2.87292e+06,15.2416
2022-06-24,453.042,2.87292e+06,0,0,2.87292e+06,15.2416
2022-06-27,464.217,2.87292e+06,0,0,2.87292e+06,15.2416
2022-06-28,463.285,2.87292e+06,0,0,2.87292e+06,15.2416
2022-06-29,457.232,2.87292e+06,0,0,2.87292e+06,15.2416
2022-06-30,443.264,2.87292e+06,0,0,2.87292e+06,15.2416
2022-07-01,422.311,2.87292e+06,0,0,2.87292e+06,15.2416
2022-07-04,409.74,2.87292e+06,0,0,2.87292e+06,15.2416
2022-07-05,415.327,2.87292e+06,0,0,2.87292e+06,15.2416
2022-07-06,405.549,2.87292e+06,0,0,2.87292e+06,15.2416
2022-07-07,426.036,2.87292e+06,0,0,2.87292e+06,15.2416
2022-07-08,434.883,2.87292e+06,0,0,2.87292e+06,15.2416
2022-07-11,430.227,2.87292e+06,0,0,2.87292e+06,15.2416
2022-07-12,418.586,2.87292e+06,0,0,2.87292e+06,15.2416
2022-07-13,438.142,2.87292e+06,0,0,2.87292e+06,15.2416
2022-07-14,442.333,2.87292e+06,0,0,2.87292e+06,15.2416
2022-07-15,458.629,2.87292e+06,0,0,2.87292e+06,15.2416
2022-07-18,461.423,2.87292e+06,0,0,2.87292e+06,15.2416
2022-07-19,457.232,2.87292e+06,0,0,2.87292e+06,15.2416
2022-07-20,460.957,2.87292e+06,0,0,2.87292e+06,15.2416
2022-07-21,466.545,2.87292e+06,0,0,2.87292e+06,15.2416
2022-07-22,468.407,2.87292e+06,0,0,2.87292e+06,15.2416
2022-07-25,465.148,2.87292e+06,0,0,2.87292e+06,15.2416
2022-07-26,460.957,2.87292e+06,0,0,2.87292e+06,15.2416
2022-07-27,467.476,2.87292e+06,0,0,2.87292e+06,15.2416
2022-07-28,466.545,2.87292e+06,0,0,2.87292e+06,15.2416
2022-07-29,473.994,2.87292e+06,0,0,2.87292e+06,15.2416
2022-08-01,469.338,2.87292e+06,0,0,2.87292e+06,15.2416
2022-08-02,458.164,2.87292e+06,0,0,2.87292e+06,15.2416
2022-08-03,466.545,2.87292e+06,0,0,2.87292e+06,15.2416
2022-08-04,465.613,2.87292e+06,0,0,2.87292e+06,15.2416
2022-08-05,480.513,2.87292e+06,0,0,2.87292e+06,15.2416
2022-08-08,476.788,2.87292e+06,0,0,2.87292e+06,15.2416
2022-08-09,474.926,2.87292e+06,0,0,2.87292e+06,15.2416
2022-08-10,465.613,2.87292e+06,0,0,2.87292e+06,15.2416
2022-08-11,478.651,2.87292e+06,0,0,2.87292e+06,15.2416
2022-08-12,481.444,2.87292e+06,0,0,2.87292e+06,15.2416
2022-08-15,487.032,2.87292e+06,0,0,2.87292e+06,15.2416
2022-08-16,488.894,2.87292e+06,0,0,2.87292e+06,15.2416
2022-08-17,490.757,2.87292e+06,0,0,2.87292e+06,15.2416
2022-08-18,484.238,2.87292e+06,0,0,2.87292e+06,15.2416
2022-08-19,483.307,2.87292e+06,0,0,2.87292e+06,15.2416
2022-08-22,476.788,2.87292e+06,0,0,2.87292e+06,15.2416
2022-08-23,469.338,2.87292e+06,0,0,2.87292e+06,15.2416
2022-08-24,468.407,2.87292e+06,0,0,2.87292e+06,15.2416
2022-08-25,473.063,2.87292e+06,0,0,2.87292e+06,15.2416
2022-08-26,476.788,2.87292e+06,0,0,2.87292e+06,15.2416
2022-08-29,464.217,2.87292e+06,0,0,2.87292e+06,15.2416
2022-08-30,461.888,2.87292e+06,0,0,2.87292e+06,15.2416
2022-08-31,470.27,2.87292e+06,0,0,2.87292e+06,15.2416
2022-09-01,456.767,2.87292e+06,0,0,2.87292e+06,15.2416
2022-09-02,451.645,2.87292e+06,0,0,2.87292e+06,15.2416
2022-09-05,452.576,2.87292e+06,0,0,2.87292e+06,15.2416
2022-09-06,455.37,2.87292e+06,0,0,2.87292e+06,15.2416
2022-09-07,440.005,2.87292e+06,0,0,2.87292e+06,15.2416
2022-09-08,442.333,2.87292e+06,0,0,2.87292e+06,15.2416
2022-09-12,453.042,2.87292e+06,0,0,2.87292e+06,15.2416
2022-09-13,459.095,2.87292e+06,0,0,2.87292e+06,15.2416
2022-09-14,446.989,2.87292e+06,0,0,2.87292e+06,15.2416
2022-09-15,446.286,2.87292e+06,0,0,2.87292e+06,15.2416
2022-09-16,442.072,2.87292e+06,0,0,2.87292e+06,15.2416
2022-09-19,437.389,2.87292e+06,0,0,2.87292e+06,15.2416
2022-09-20,446.286,2.87292e+06,0,0,2.87292e+06,15.2416
2022-09-21,441.135,2.87292e+06,0,0,2.87292e+06,15.2416
2022-09-22,435.047,2.87292e+06,0,0,2.87292e+06,15.2416
2022-09-23,426.15,2.87292e+06,0,0,2.87292e+06,15.2416
2022-09-26,418.189,2.87292e+06,0,0,2.87292e+06,15.2416
2022-09-27,419.593,2.87292e+06,0,0,2.87292e+06,15.2416
2022-09-28,410.228,2.87292e+06,0,0,2.87292e+06,15.2416
2022-09-29,407.418,2.87292e+06,0,0,2.87292e+06,15.2416
2022-09-30,395.242,2.87292e+06,0,0,2.87292e+06,15.2416
2022-10-03,390.559,2.87292e+06,0,0,2.87292e+06,15.2416
2022-10-04,401.798,2.87292e+06,0,0,2.87292e+06,15.2416
2022-10-05,416.784,2.87292e+06,0,0,2.87292e+06,15.2416
2022-10-06,422.403,2.87292e+06,0,0,2.87292e+06,15.2416
2022-10-07,410.228,2.87292e+06,0,0,2.87292e+06,15.2416
2022-10-11,376.042,2.87292e+06,0,0,2.87292e+06,15.2416
2022-10-12,372.296,2.87292e+06,0,0,2.87292e+06,15.2416
2022-10-13,369.954,2.87292e+06,0,0,2.87292e+06,15.2416
2022-10-14,385.876,2.87292e+06,0,0,2.87292e+06,15.2416
2022-10-17,371.827,2.87292e+06,0,0,2.87292e+06,15.2416
2022-10-18,381.193,2.87292e+06,0,0,2.87292e+06,15.2416
2022-10-19,370.422,2.87292e+06,0,0,2.87292e+06,15.2416
2022-10-20,372.296,2.87292e+06,0,0,2.87292e+06,15.2416
2022-10-21,364.803,2.87292e+06,0,0,2.87292e+06,15.2416
2022-10-24,362.461,2.87292e+06,0,0,2.87292e+06,15.2416
2022-10-25,347.476,2.87292e+06,0,0,2.87292e+06,15.2416
2022-10-26,352.159,2.87292e+06,0,0,2.87292e+06,15.2416
2022-10-27,361.057,2.87292e+06,0,0,2.87292e+06,15.2416
2022-10-28,355.437,2.87292e+06,0,0,2.87292e+06,15.2416
2022-10-31,365.271,2.87292e+06,0,0,2.87292e+06,15.2416
2022-11-01,366.676,2.87292e+06,0,0,2.87292e+06,15.2416
2022-11-02,369.954,2.87292e+06,0,0,2.87292e+06,15.2416
2022-11-03,359.652,2.87292e+06,0,0,2.87292e+06,15.2416
2022-11-04,357.778,2.87292e+06,0,0,2.87292e+06,15.2416
2022-11-07,365.271,2.87292e+06,0,0,2.87292e+06,15.2416
2022-11-08,373.7,2.87292e+06,0,0,2.87292e+06,15.2416
2022-11-09,390.559,2.87292e+06,0,0,2.87292e+06,15.2416
2022-11-10,381.661,2.87292e+06,0,0,2.87292e+06,15.2416
2022-11-11,413.506,2.87292e+06,0,0,2.87292e+06,15.2416
2022-11-14,416.784,53532.2,6755,2.81537e+06,2.86891e+06,15.3599
2022-11-15,449.564,1308.7,6871,3.08896e+06,3.09027e+06,8.82924
2022-11-16,456.121,1308.7,6871,3.13401e+06,3.13531e+06,7.50021
2022-11-17,454.247,1308.7,6871,3.12113e+06,3.12244e+06,7.87995
2022-11-18,456.121,1308.7,6871,3.13401e+06,3.13531e+06,7.50021
2022-11-21,451.438,1308.7,6871,3.10183e+06,3.10314e+06,8.44952
2022-11-22,459.867,1308.7,6871,3.15975e+06,3.16105e+06,6.7408
2022-11-23,460.804,1308.7,6871,3.16618e+06,3.16749e+06,6.55093
2022-11-24,464.55,1308.7,6871,3.19192e+06,3.19323e+06,5.7915
2022-11-25,466.423,1308.7,6871,3.20479e+06,3.2061e+06,5.41179
2022-11-28,450.033,1308.7,6871,3.09217e+06,3.09348e+06,8.73432
2022-11-29,456.121,1308.7,6871,3.13401e+06,3.13531e+06,7.50021
2022-11-30,458.93,1308.7,6871,3.15331e+06,3.15462e+06,6.93064
2022-12-01,466.891,1308.7,6871,3.20801e+06,3.20932e+06,5.31685
2022-12-02,461.272,1308.7,6871,3.1694e+06,3.17071e+06,6.45601
2022-12-05,457.994,1308.7,6871,3.14688e+06,3.14818e+06,7.12052
2022-12-06,447.691,1308.7,6871,3.07609e+06,3.0774e+06,9.20895
2022-12-07,444.881,1308.7,6871,3.05678e+06,3.05809e+06,9.77854
2022-12-08,441.603,1308.7,6871,3.03426e+06,3.03557e+06,10.443
2022-12-09,450.969,1308.7,6871,3.09861e+06,3.09992e+06,8.54445
2022-12-12,444.881,3.04456e+06,0,0,3.04456e+06,10.1776
2022-12-13,441.603,3.04456e+06,0,0,3.04456e+06,10.1776
2022-12-14,450.033,3.04456e+06,0,0,3.04456e+06,10.1776
2022-12-15,452.623,3.04456e+06,0,0,3.04456e+06,10.1776
2022-12-16,443.674,3.04456e+06,0,0,3.04456e+06,10.1776
2022-12-19,439.435,3.04456e+06,0,0,3.04456e+06,10.1776
2022-12-20,430.958,3.04456e+06,0,0,3.04456e+06,10.1776
2022-12-21,432.371,3.04456e+06,0,0,3.04456e+06,10.1776
2022-12-22,440.848,3.04456e+06,0,0,3.04456e+06,10.1776
2022-12-23,428.603,3.04456e+06,0,0,3.04456e+06,10.1776
2022-12-26,430.016,3.04456e+06,0,0,3.04456e+06,10.1776
2022-12-27,430.487,3.04456e+06,0,0,3.04456e+06,10.1776
2022-12-28,424.835,3.04456e+06,0,0,3.04456e+06,10.1776
2022-12-29,420.125,3.04456e+06,0,0,3.04456e+06,10.1776
2022-12-30,422.48,3.04456e+06,0,0,3.04456e+06,10.1776
2023-01-03,426.719,3.04456e+06,0,0,3.04456e+06,10.1776
2023-01-04,423.422,3.04456e+06,0,0,3.04456e+06,10.1776
2023-01-05,431.9,3.04456e+06,0,0,3.04456e+06,10.1776
2023-01-06,431.9,3.04456e+06,0,0,3.04456e+06,10.1776
2023-01-09,453.094,3.04456e+06,0,0,3.04456e+06,10.1776
2023-01-10,457.804,3.04456e+06,0,0,3.04456e+06,10.1776
2023-01-11,456.391,3.04456e+06,0,0,3.04456e+06,10.1776
2023-01-12,458.275,3.04456e+06,0,0,3.04456e+06,10.1776
2023-01-13,470.992,57050.5,6334,2.98326e+06,3.04031e+06,10.303
2023-01-16,475.702,1314.39,6451,3.06875e+06,3.07007e+06,9.42518
2023-01-17,473.818,1314.39,6451,3.0566e+06,3.05791e+06,9.78372
2023-01-30,511.497,1314.39,6451,3.29967e+06,3.30098e+06,2.61256
2023-01-31,491.716,1314.39,6451,3.17206e+06,3.17337e+06,6.37743
2023-02-01,499.251,1314.39,6451,3.22067e+06,3.22199e+06,4.94318
2023-02-02,508.671,1314.39,6451,3.28144e+06,3.28275e+06,3.1504
2023-02-03,510.555,1314.39,6451,3.29359e+06,3.29491e+06,2.79186
2023-02-06,495.483,1314.39,6451,3.19636e+06,3.19768e+06,5.66031
2023-02-07,492.658,1314.39,6451,3.17813e+06,3.17945e+06,6.19814
2023-02-08,508.671,1314.39,6451,3.28144e+06,3.28275e+06,3.1504
2023-02-09,508.671,1314.39,6451,3.28144e+06,3.28275e+06,3.1504
2023-02-10,513.381,1314.39,6451,3.31182e+06,3.31314e+06,2.25401
2023-02-13,509.613,1314.39,6451,3.28752e+06,3.28883e+06,2.97112
2023-02-14,513.381,1314.39,6451,3.31182e+06,3.31314e+06,2.25401
2023-02-15,494.542,1314.39,6451,3.19029e+06,3.1916e+06,5.83958
2023-02-16,497.368,1314.39,6451,3.20852e+06,3.20983e+06,5.30174
2023-02-17,487.948,1314.39,6451,3.14775e+06,3.14906e+06,7.09454
2023-02-20,487.006,1314.39,6451,3.14167e+06,3.14299e+06,7.27382
2023-02-21,486.064,1314.39,6451,3.1356e+06,3.13691e+06,7.45311
2023-02-22,477.586,1314.39,6451,3.08091e+06,3.08222e+06,9.06662
2023-02-23,487.948,3.13514e+06,0,0,3.13514e+06,7.50546
2023-02-24,481.354,3.13514e+06,0,0,3.13514e+06,7.50546
2023-03-01,491.716,3.13514e+06,0,0,3.13514e+06,7.50546
2023-03-02,488.89,3.13514e+06,0,0,3.13514e+06,7.50546
2023-03-03,486.064,3.13514e+06,0,0,3.13514e+06,7.50546
2023-03-06,490.774,3.13514e+06,0,0,3.13514e+06,7.50546
2023-03-07,493.599,3.13514e+06,0,0,3.13514e+06,7.50546
2023-03-08,490.774,3.13514e+06,0,0,3.13514e+06,7.50546
2023-03-09,491.716,3.13514e+06,0,0,3.13514e+06,7.50546
2023-03-10,483.238,3.13514e+06,0,0,3.13514e+06,7.50546
2023-03-13,486.064,3.13514e+06,0,0,3.13514e+06,7.50546
2023-03-14,480.412,3.13514e+06,0,0,3.13514e+06,7.50546
2023-03-15,481.354,3.13514e+06,0,0,3.13514e+06,7.50546
2023-03-16,478.276,3.13514e+06,0,0,3.13514e+06,7.50546
2023-03-17,490.588,3.13514e+06,0,0,3.13514e+06,7.50546
2023-03-20,484.905,3.13514e+06,0,0,3.13514e+06,7.50546
2023-03-21,489.64,3.13514e+06,0,0,3.13514e+06,7.50546
2023-03-22,504.794,3.13514e+06,0,0,3.13514e+06,7.50546
2023-03-23,509.529,3.13514e+06,0,0,3.13514e+06,7.50546
2023-03-24,510.476,3.13514e+06,0,0,3.13514e+06,7.50546
2023-03-27,502.9,3.13514e+06,0,0,3.13514e+06,7.50546
2023-03-28,497.217,3.13514e+06,0,0,3.13514e+06,7.50546
2023-03-29,501.953,3.13514e+06,0,0,3.13514e+06,7.50546
2023-03-30,506.688,3.13514e+06,0,0,3.13514e+06,7.50546
2023-03-31,504.794,3.13514e+06,0,0,3.13514e+06,7.50546
2023-04-06,501.953,3.13514e+06,0,0,3.13514e+06,7.50546
2023-04-07,502.9,3.13514e+06,0,0,3.13514e+06,7.50546
2023-04-10,501.005,3.13514e+06,0,0,3.13514e+06,7.50546
2023-04-11,496.27,3.13514e+06,0,0,3.13514e+06,7.50546
2023-04-12,492.482,3.13514e+06,0,0,3.13514e+06,7.50546
2023-04-13,483.011,3.13514e+06,0,0,3.13514e+06,7.50546
2023-04-14,488.693,3.13514e+06,0,0,3.13514e+06,7.50546
2023-04-17,492.482,3.13514e+06,0,0,3.13514e+06,7.50546
2023-04-18,487.746,3.13514e+06,0,0,3.13514e+06,7.50546
2023-04-19,483.011,3.13514e+06,0,0,3.13514e+06,7.50546
2023-04-20,485.852,3.13514e+06,0,0,3.13514e+06,7.50546
2023-04-21,483.958,3.13514e+06,0,0,3.13514e+06,7.50546
2023-04-24,480.17,3.13514e+06,0,0,3.13514e+06,7.50546
2023-04-25,471.646,3.13514e+06,0,0,3.13514e+06,7.50546
2023-04-26,465.49,3.13514e+06,0,0,3.13514e+06,7.50546
2023-04-27,467.384,3.13514e+06,0,0,3.13514e+06,7.50546
2023-04-28,475.434,3.13514e+06,0,0,3.13514e+06,7.50546
2023-05-02,474.487,3.13514e+06,0,0,3.13514e+06,7.50546
2023-05-03,469.752,3.13514e+06,0,0,3.13514e+06,7.50546
2023-05-04,471.646,3.13514e+06,0,0,3.13514e+06,7.50546
2023-05-05,473.54,3.13514e+06,0,0,3.13514e+06,7.50546
2023-05-08,477.328,3.13514e+06,0,0,3.13514e+06,7.50546
2023-05-09,483.011,3.13514e+06,0,0,3.13514e+06,7.50546
2023-05-10,476.381,3.13514e+06,0,0,3.13514e+06,7.50546
2023-05-11,472.593,3.13514e+06,0,0,3.13514e+06,7.50546
2023-05-12,469.752,3.13514e+06,0,0,3.13514e+06,7.50546
2023-05-15,469.278,3.13514e+06,0,0,3.13514e+06,7.50546
2023-05-16,478.276,3.13514e+06,0,0,3.13514e+06,7.50546
2023-05-17,491.535,58667.3,6250,3.07209e+06,3.13076e+06,7.63459
2023-05-18,501.953,1363.72,6364,3.19443e+06,3.19579e+06,5.71602
2023-05-19,503.847,1363.72,6364,3.20648e+06,3.20784e+06,5.3604
2023-05-22,502.9,1363.72,6364,3.20045e+06,3.20182e+06,5.53821
2023-05-23,501.953,1363.72,6364,3.19443e+06,3.19579e+06,5.71602
2023-05-24,497.217,1363.72,6364,3.16429e+06,3.16565e+06,6.60512
2023-05-25,514.265,1363.72,6364,3.27278e+06,3.27414e+06,3.40439
2023-05-26,536.047,1363.72,6364,3.41141e+06,3.41277e+06,0
2023-05-29,537.942,1363.72,6364,3.42346e+06,3.42482e+06,0
2023-05-30,536.047,1363.72,6364,3.41141e+06,3.41277e+06,0.351973
2023-05-31,528.471,1363.72,6364,3.36319e+06,3.36455e+06,1.75987
2023-06-01,521.841,1363.72,6364,3.321e+06,3.32236e+06,2.99176
2023-06-02,532.259,1363.72,6364,3.3873e+06,3.38866e+06,1.05592
2023-06-05,525.63,1363.72,6364,3.34511e+06,3.34647e+06,2.28783
2023-06-06,530.365,1363.72,6364,3.37524e+06,3.37661e+06,1.40789
2023-06-07,537.942,1363.72,6364,3.42346e+06,3.42482e+06,0
2023-06-08,529.418,1363.72,6364,3.36922e+06,3.37058e+06,1.58387
2023-06-09,535.1,1363.72,6364,3.40538e+06,3.40674e+06,0.527949
2023-06-12,543.624,1363.72,6364,3.45962e+06,3.46099e+06,0
2023-06-13,561.619,1363.72,6364,3.57414e+06,3.5755e+06,0
2023-06-14,558.777,1363.72,6364,3.55606e+06,3.55742e+06,0.505721
2023-06-15,562.345,1363.72,6364,3.57877e+06,3.58013e+06,0
2023-06-16,560.442,1363.72,6364,3.56665e+06,3.56802e+06,0.338278
2023-06-19,554.733,1363.72,6364,3.53032e+06,3.53169e+06,1.35313
2023-06-20,554.733,1363.72,6364,3.53032e+06,3.53169e+06,1.35313
2023-06-21,552.83,1363.72,6364,3.51821e+06,3.51958e+06,1.69139
2023-06-26,546.17,1363.72,6364,3.47582e+06,3.47719e+06,2.87539
2023-06-27,544.267,1363.72,6364,3.46371e+06,3.46508e+06,3.21367
2023-06-28,546.17,1363.72,6364,3.47582e+06,3.47719e+06,2.87539
2023-06-29,545.218,1363.72,6364,3.46977e+06,3.47113e+06,3.04451
2023-06-30,548.073,1363.72,6364,3.48793e+06,3.4893e+06,2.53711
2023-07-03,550.927,1363.72,6364,3.5061e+06,3.50747e+06,2.02966
2023-07-04,556.636,1363.72,6364,3.54243e+06,3.5438e+06,1.01484
2023-07-05,553.782,1363.72,6364,3.52427e+06,3.52563e+06,1.52226
2023-07-06,537.606,3.40755e+06,0,0,3.40755e+06,4.82047
2023-07-07,537.606,3.40755e+06,0,0,3.40755e+06,4.82047
2023-07-10,537.606,3.40755e+06,0,0,3.40755e+06,4.82047
2023-07-11,549.024,3.40755e+06,0,0,3.40755e+06,4.82047
2023-07-12,549.976,3.40755e+06,0,0,3.40755e+06,4.82047
2023-07-13,556.636,3.40755e+06,0,0,3.40755e+06,4.82047
2023-07-14,562.345,3.40755e+06,0,0,3.40755e+06,4.82047
2023-07-17,562.345,3.40755e+06,0,0,3.40755e+06,4.82047
2023-07-18,552.83,3.40755e+06,0,0,3.40755e+06,4.82047
2023-07-19,552.83,3.40755e+06,0,0,3.40755e+06,4.82047
2023-07-20,550.927,3.40755e+06,0,0,3.40755e+06,4.82047
2023-07-21,532.848,63431.2,6267,3.33936e+06,3.40279e+06,4.95337
2023-07-24,530.945,1222.57,6384,3.38956e+06,3.39078e+06,5.28896
2023-07-25,541.412,1222.57,6384,3.45637e+06,3.4576e+06,3.42258
2023-07-26,538.557,1222.57,6384,3.43815e+06,3.43937e+06,3.9316
2023-07-27,541.412,3.4423e+06,0,0,3.4423e+06,3.84977
2023-07-28,539.509,3.4423e+06,0,0,3.4423e+06,3.84977
2023-07-31,537.606,3.4423e+06,0,0,3.4423e+06,3.84977
2023-08-01,539.509,3.4423e+06,0,0,3.4423e+06,3.84977
2023-08-02,533.8,3.4423e+06,0,0,3.4423e+06,3.84977
2023-08-04,527.139,3.4423e+06,0,0,3.4423e+06,3.84977
2023-08-07,530.945,3.4423e+06,0,0,3.4423e+06,3.84977
2023-08-08,525.236,3.4423e+06,0,0,3.4423e+06,3.84977
2023-08-09,527.139,3.4423e+06,0,0,3.4423e+06,3.84977
2023-08-10,524.285,3.4423e+06,0,0,3.4423e+06,3.84977
2023-08-11,519.527,3.4423e+06,0,0,3.4423e+06,3.84977
2023-08-14,514.77,3.4423e+06,0,0,3.4423e+06,3.84977
2023-08-15,515.721,3.4423e+06,0,0,3.4423e+06,3.84977
2023-08-16,515.721,3.4423e+06,0,0,3.4423e+06,3.84977
2023-08-17,517.624,3.4423e+06,0,0,3.4423e+06,3.84977
2023-08-18,512.867,3.4423e+06,0,0,3.4423e+06,3.84977
2023-08-21,510.964,3.4423e+06,0,0,3.4423e+06,3.84977
2023-08-22,514.77,3.4423e+06,0,0,3.4423e+06,3.84977
2023-08-23,525.236,3.4423e+06,0,0,3.4423e+06,3.84977
2023-08-24,536.655,3.4423e+06,0,0,3.4423e+06,3.84977
2023-08-25,519.527,3.4423e+06,0,0,3.4423e+06,3.84977
2023-08-28,522.382,3.4423e+06,0,0,3.4423e+06,3.84977
2023-08-29,525.236,3.4423e+06,0,0,3.4423e+06,3.84977
2023-08-30,528.091,3.4423e+06,0,0,3.4423e+06,3.84977
2023-08-31,522.382,3.4423e+06,0,0,3.4423e+06,3.84977
2023-09-01,521.43,3.4423e+06,0,0,3.4423e+06,3.84977
2023-09-04,529.994,3.4423e+06,0,0,3.4423e+06,3.84977
2023-09-05,525.236,3.4423e+06,0,0,3.4423e+06,3.84977
2023-09-06,523.333,3.4423e+06,0,0,3.4423e+06,3.84977
2023-09-07,515.721,3.4423e+06,0,0,3.4423e+06,3.84977
2023-09-08,512.867,3.4423e+06,0,0,3.4423e+06,3.84977
2023-09-11,510.012,3.4423e+06,0,0,3.4423e+06,3.84977
2023-09-12,517.624,3.4423e+06,0,0,3.4423e+06,3.84977
2023-09-13,514.77,3.4423e+06,0,0,3.4423e+06,3.84977
2023-09-14,526.251,3.4423e+06,0,0,3.4423e+06,3.84977
2023-09-15,533.906,3.4423e+06,0,0,3.4423e+06,3.84977
2023-09-18,516.683,3.4423e+06,0,0,3.4423e+06,3.84977
2023-09-19,514.77,3.4423e+06,0,0,3.4423e+06,3.84977
2023-09-20,511.899,3.4423e+06,0,0,3.4423e+06,3.84977
2023-09-21,504.245,3.4423e+06,0,0,3.4423e+06,3.84977
2023-09-22,499.46,3.4423e+06,0,0,3.4423e+06,3.84977
2023-09-25,502.331,3.4423e+06,0,0,3.4423e+06,3.84977
2023-09-26,496.59,3.4423e+06,0,0,3.4423e+06,3.84977
2023-09-27,499.46,3.4423e+06,0,0,3.4423e+06,3.84977
2023-09-28,500.417,3.4423e+06,0,0,3.4423e+06,3.84977
2023-10-02,509.986,3.4423e+06,0,0,3.4423e+06,3.84977
2023-10-03,506.158,3.4423e+06,0,0,3.4423e+06,3.84977
2023-10-04,497.547,3.4423e+06,0,0,3.4423e+06,3.84977
2023-10-05,505.201,3.4423e+06,0,0,3.4423e+06,3.84977
2023-10-06,509.029,3.4423e+06,0,0,3.4423e+06,3.84977
2023-10-11,520.511,3.4423e+06,0,0,3.4423e+06,3.84977
2023-10-12,526.251,3.4423e+06,0,0,3.4423e+06,3.84977
2023-10-13,529.122,3.4423e+06,0,0,3.4423e+06,3.84977
2023-10-16,521.467,3.4423e+06,0,0,3.4423e+06,3.84977
2023-10-17,527.208,3.4423e+06,0,0,3.4423e+06,3.84977
2023-10-18,516.683,3.4423e+06,0,0,3.4423e+06,3.84977
2023-10-19,522.424,3.4423e+06,0,0,3.4423e+06,3.84977
2023-10-20,531.992,64132.1,6341,3.37336e+06,3.4375e+06,3.98404
2023-10-23,520.511,3.35009e+06,0,0,3.35009e+06,6.42558
2023-10-24,520.511,3.35009e+06,0,0,3.35009e+06,6.42558
2023-10-25,520.511,3.35009e+06,0,0,3.35009e+06,6.42558
2023-10-26,508.072,3.35009e+06,0,0,3.35009e+06,6.42558
2023-10-27,509.986,3.35009e+06,0,0,3.35009e+06,6.42558
2023-10-30,509.029,3.35009e+06,0,0,3.35009e+06,6.42558
2023-10-31,506.158,3.35009e+06,0,0,3.35009e+06,6.42558
2023-11-01,505.201,3.35009e+06,0,0,3.35009e+06,6.42558
2023-11-02,523.381,3.35009e+06,0,0,3.35009e+06,6.42558
2023-11-03,525.295,3.35009e+06,0,0,3.35009e+06,6.42558
2023-11-06,526.251,3.35009e+06,0,0,3.35009e+06,6.42558
2023-11-07,531.036,3.35009e+06,0,0,3.35009e+06,6.42558
2023-11-08,531.992,3.35009e+06,0,0,3.35009e+06,6.42558
2023-11-09,532.949,3.35009e+06,0,0,3.35009e+06,6.42558
2023-11-10,532.949,3.35009e+06,0,0,3.35009e+06,6.42558
2023-11-13,546.345,62422.1,6009,3.28299e+06,3.34541e+06,6.55624
2023-11-14,547.302,1585.6,6120,3.34949e+06,3.35107e+06,6.39805
2023-11-15,555.913,1585.6,6120,3.40219e+06,3.40377e+06,4.92599
2023-11-16,557.826,1585.6,6120,3.4139e+06,3.41548e+06,4.59888
2023-11-17,554.956,1585.6,6120,3.39633e+06,3.39792e+06,5.08955
2023-11-20,552.086,1585.6,6120,3.37876e+06,3.38035e+06,5.58024
2023-11-21,559.74,1585.6,6120,3.42561e+06,3.4272e+06,4.27173
2023-11-22,552.086,1585.6,6120,3.37876e+06,3.38035e+06,5.58024
2023-11-23,553.042,1585.6,6120,3.38462e+06,3.38621e+06,5.41668
2023-11-24,550.172,1585.6,6120,3.36705e+06,3.36864e+06,5.90736
2023-11-27,543.474,1585.6,6120,3.32606e+06,3.32765e+06,7.05231
2023-11-28,550.172,1585.6,6120,3.36705e+06,3.36864e+06,5.90736
2023-11-29,549.215,1585.6,6120,3.3612e+06,3.36278e+06,6.07092
2023-11-30,552.086,1585.6,6120,3.37876e+06,3.38035e+06,5.58024
2023-12-01,553.999,1585.6,6120,3.39048e+06,3.39206e+06,5.25312
2023-12-04,549.215,1585.6,6120,3.3612e+06,3.36278e+06,6.07092
2023-12-05,545.388,1585.6,6120,3.33777e+06,3.33936e+06,6.72516
2023-12-06,545.388,1585.6,6120,3.33777e+06,3.33936e+06,6.72516
2023-12-07,541.561,3.30127e+06,0,0,3.30127e+06,7.78904
2023-12-08,545.388,3.30127e+06,0,0,3.30127e+06,7.78904
2023-12-11,549.215,3.30127e+06,0,0,3.30127e+06,7.78904
2023-12-12,553.042,3.30127e+06,0,0,3.30127e+06,7.78904
2023-12-13,552.086,3.30127e+06,0,0,3.30127e+06,7.78904
2023-12-14,559.78,3.30127e+06,0,0,3.30127e+06,7.78904
2023-12-15,562.666,3.30127e+06,0,0,3.30127e+06,7.78904
2023-12-18,562.666,3.30127e+06,0,0,3.30127e+06,7.78904
2023-12-19,562.666,3.30127e+06,0,0,3.30127e+06,7.78904
2023-12-20,562.666,61897.7,5749,3.23477e+06,3.29666e+06,7.91777
2023-12-21,554.971,1319.89,5858,3.25102e+06,3.25234e+06,9.1558
2023-12-22,559.78,1319.89,5858,3.27919e+06,3.28051e+06,8.36889
2023-12-25,558.818,1319.89,5858,3.27356e+06,3.27488e+06,8.52628
2023-12-26,563.628,1319.89,5858,3.30173e+06,3.30305e+06,7.73938
2023-12-27,569.398,1319.89,5858,3.33554e+06,3.33686e+06,6.79511
2023-12-28,570.36,1319.89,5858,3.34117e+06,3.34249e+06,6.63772
2023-12-29,570.36,1319.89,5858,3.34117e+06,3.34249e+06,6.63772
2024-01-02,570.36,1319.89,5858,3.34117e+06,3.34249e+06,6.63772
2024-01-03,555.933,1319.89,5858,3.25666e+06,3.25797e+06,8.9984
2024-01-04,557.857,1319.89,5858,3.26792e+06,3.26924e+06,8.68366
2024-01-05,554.009,1319.89,5858,3.24539e+06,3.24671e+06,9.31317
2024-01-08,560.742,1319.89,5858,3.28483e+06,3.28615e+06,8.21152
2024-01-09,563.628,1319.89,5858,3.30173e+06,3.30305e+06,7.73938
2024-01-10,561.704,1319.89,5858,3.29046e+06,3.29178e+06,8.05415
2024-01-11,563.628,1319.89,5858,3.30173e+06,3.30305e+06,7.73938
2024-01-12,561.704,3.27722e+06,0,0,3.27722e+06,8.46081
2024-01-15,563.628,3.27722e+06,0,0,3.27722e+06,8.46081
2024-01-16,557.857,3.27722e+06,0,0,3.27722e+06,8.46081
2024-01-17,558.818,3.27722e+06,0,0,3.27722e+06,8.46081
2024-01-18,565.551,3.27722e+06,0,0,3.27722e+06,8.46081
2024-01-19,602.1,61042.5,5334,3.2116e+06,3.27265e+06,8.58863
2024-01-22,602.1,1350.54,5433,3.27121e+06,3.27256e+06,8.59098
2024-01-23,604.024,1350.54,5433,3.28166e+06,3.28301e+06,8.29904
2024-01-24,603.062,1350.54,5433,3.27644e+06,3.27779e+06,8.44502
2024-01-25,617.489,1350.54,5433,3.35482e+06,3.35617e+06,6.25561
2024-01-26,619.413,1350.54,5433,3.36527e+06,3.36662e+06,5.96367
2024-01-29,623.26,1350.54,5433,3.38617e+06,3.38752e+06,5.37982
2024-01-30,617.489,1350.54,5433,3.35482e+06,3.35617e+06,6.25561
2024-01-31,604.024,1350.54,5433,3.28166e+06,3.28301e+06,8.29904
2024-02-01,604.024,1350.54,5433,3.28166e+06,3.28301e+06,8.29904
2024-02-02,610.757,1350.54,5433,3.31824e+06,3.31959e+06,7.27733
2024-02-05,621.337,1350.54,5433,3.37572e+06,3.37707e+06,5.67176
2024-02-15,670.39,1350.54,5433,3.64223e+06,3.64358e+06,0
2024-02-16,656.924,1350.54,5433,3.56907e+06,3.57042e+06,2.00787
2024-02-19,652.115,1350.54,5433,3.54294e+06,3.54429e+06,2.72496
2024-02-20,660.771,1350.54,5433,3.58997e+06,3.59132e+06,1.43419
2024-02-21,655.001,1350.54,5433,3.55862e+06,3.55997e+06,2.29469
2024-02-22,665.581,1350.54,5433,3.6161e+06,3.61745e+06,0.71709
2024-02-23,670.39,1350.54,5433,3.64223e+06,3.64358e+06,0
2024-02-26,671.352,1350.54,5433,3.64745e+06,3.6488e+06,0
2024-02-27,671.352,1350.54,5433,3.64745e+06,3.6488e+06,0
2024-02-29,663.657,1350.54,5433,3.60565e+06,3.607e+06,1.14571
2024-03-01,662.695,1350.54,5433,3.60042e+06,3.60177e+06,1.28894
2024-03-04,697.321,1350.54,5433,3.78854e+06,3.78989e+06,0
2024-03-05,702.13,1350.54,5433,3.81467e+06,3.81602e+06,0
2024-03-06,706.939,1350.54,5433,3.8408e+06,3.84215e+06,0
2024-03-07,730.984,1350.54,5433,3.97144e+06,3.97279e+06,0
2024-03-08,754.068,1350.54,5433,4.09685e+06,4.0982e+06,0
2024-03-11,736.755,1350.54,5433,4.00279e+06,4.00414e+06,2.29516
2024-03-12,740.603,1350.54,5433,4.02369e+06,4.02504e+06,1.78512
2024-03-13,749.259,1350.54,5433,4.07072e+06,4.07207e+06,0.63755
2024-03-14,754.068,1350.54,5433,4.09685e+06,4.0982e+06,0
2024-03-15,724.252,1350.54,5433,3.93486e+06,3.93621e+06,3.95278
2024-03-18,738.263,1350.54,5433,4.01098e+06,4.01233e+06,2.0953
2024-03-19,736.33,1350.54,5433,4.00048e+06,4.00183e+06,2.3515
2024-03-20,732.465,1350.54,5433,3.97948e+06,3.98083e+06,2.8639
2024-03-21,757.589,1350.54,5433,4.11598e+06,4.11733e+06,0
2024-03-22,758.556,1350.54,5433,4.12123e+06,4.12258e+06,0
2024-03-25,753.724,1350.54,5433,4.09498e+06,4.09633e+06,0.636731
2024-03-26,755.657,1350.54,5433,4.10548e+06,4.10683e+06,0.382047
2024-03-27,752.758,1350.54,5433,4.08973e+06,4.09108e+06,0.764094
2024-03-28,743.095,1350.54,5433,4.03723e+06,4.03858e+06,2.03755
2024-03-29,749.859,1350.54,5433,4.07398e+06,4.07533e+06,1.14612
2024-04-01,744.061,1350.54,5433,4.04248e+06,4.04383e+06,1.9102
2024-04-02,763.387,1350.54,5433,4.14748e+06,4.14883e+06,0
2024-04-03,753.724,1350.54,5433,4.09498e+06,4.09633e+06,1.2654
2024-04-08,756.623,1350.54,5433,4.11073e+06,4.11208e+06,0.885776
2024-04-09,791.41,1350.54,5433,4.29973e+06,4.30108e+06,0
2024-04-10,787.545,1350.54,5433,4.27873e+06,4.28008e+06,0.488245
2024-04-11,792.377,1350.54,5433,4.30498e+06,4.30633e+06,0
2024-04-12,790.444,1350.54,5433,4.29448e+06,4.29583e+06,0.243833
2024-04-15,778.848,1350.54,5433,4.23148e+06,4.23283e+06,1.70679
2024-04-16,761.454,1350.54,5433,4.13698e+06,4.13833e+06,3.90122
2024-04-17,776.916,1350.54,5433,4.22098e+06,4.22233e+06,1.95061
2024-04-18,776.916,1350.54,5433,4.22098e+06,4.22233e+06,1.95061
2024-04-19,724.735,3.92141e+06,0,0,3.92141e+06,8.93847
2024-04-22,717.004,3.92141e+06,0,0,3.92141e+06,8.93847
2024-04-23,728.6,3.92141e+06,0,0,3.92141e+06,8.93847
2024-04-24,756.623,3.92141e+06,0,0,3.92141e+06,8.93847
2024-04-25,740.196,3.92141e+06,0,0,3.92141e+06,8.93847
2024-04-26,755.657,3.92141e+06,0,0,3.92141e+06,8.93847
2024-04-29,768.219,3.92141e+06,0,0,3.92141e+06,8.93847
2024-04-30,763.387,3.92141e+06,0,0,3.92141e+06,8.93847
2024-05-02,745.993,3.92141e+06,0,0,3.92141e+06,8.93847
2024-05-03,753.724,3.92141e+06,0,0,3.92141e+06,8.93847
2024-05-06,759.522,3.92141e+06,0,0,3.92141e+06,8.93847
2024-05-07,773.05,3.92141e+06,0,0,3.92141e+06,8.93847
2024-05-08,774.983,3.92141e+06,0,0,3.92141e+06,8.93847
2024-05-09,769.185,3.92141e+06,0,0,3.92141e+06,8.93847
2024-05-10,774.983,3.92141e+06,0,0,3.92141e+06,8.93847
2024-05-13,791.41,3.92141e+06,0,0,3.92141e+06,8.93847
2024-05-14,797.208,3.92141e+06,0,0,3.92141e+06,8.93847
2024-05-15,810.736,3.92141e+06,0,0,3.92141e+06,8.93847
2024-05-16,812.669,3.92141e+06,0,0,3.92141e+06,8.93847
2024-05-17,806.871,3.92141e+06,0,0,3.92141e+06,8.93847
2024-05-20,806.871,3.92141e+06,0,0,3.92141e+06,8.93847
2024-05-21,812.669,3.92141e+06,0,0,3.92141e+06,8.93847
2024-05-22,834.894,3.92141e+06,0,0,3.92141e+06,8.93847
2024-05-23,845.524,3.92141e+06,0,0,3.92141e+06,8.93847
2024-05-24,837.793,3.92141e+06,0,0,3.92141e+06,8.93847
2024-05-27,839.726,3.92141e+06,0,0,3.92141e+06,8.93847
2024-05-28,835.861,3.92141e+06,0,0,3.92141e+06,8.93847
2024-05-29,828.13,3.92141e+06,0,0,3.92141e+06,8.93847
2024-05-30,809.77,3.92141e+06,0,0,3.92141e+06,8.93847
2024-05-31,793.343,72983.4,4844,3.84295e+06,3.91594e+06,9.06563
2024-06-03,817.501,1759.81,4931,4.0311e+06,4.03286e+06,6.35056
2024-06-04,810.736,1759.81,4931,3.99774e+06,3.9995e+06,7.12511
2024-06-05,825.231,1759.81,4931,4.06922e+06,4.07097e+06,5.46538
2024-06-06,863.884,1759.81,4931,4.25981e+06,4.26157e+06,1.03945
2024-06-07,849.389,1759.81,4931,4.18834e+06,4.1901e+06,2.69917
2024-06-11,853.254,1759.81,4931,4.2074e+06,4.20916e+06,2.25657
2024-06-12,878.378,1759.81,4931,4.33128e+06,4.33304e+06,0
2024-06-13,891.474,1759.81,4931,4.39586e+06,4.39762e+06,0
2024-06-14,894.384,1759.81,4931,4.41021e+06,4.41197e+06,0
2024-06-17,893.414,1759.81,4931,4.40542e+06,4.40718e+06,0.108415
2024-06-18,914.755,1759.81,4931,4.51066e+06,4.51242e+06,0
2024-06-19,951.617,1759.81,4931,4.69242e+06,4.69418e+06,0
2024-06-20,951.617,1759.81,4931,4.69242e+06,4.69418e+06,0
2024-06-21,940.946,1759.81,4931,4.63981e+06,4.64157e+06,1.12088
2024-06-24,911.845,1759.81,4931,4.49631e+06,4.49807e+06,4.17784
2024-06-25,916.695,1759.81,4931,4.52022e+06,4.52198e+06,3.66835
2024-06-26,931.246,1759.81,4931,4.59197e+06,4.59373e+06,2.13987
2024-06-27,931.246,1759.81,4931,4.59197e+06,4.59373e+06,2.13987
2024-06-28,937.066,1759.81,4931,4.62067e+06,4.62243e+06,1.52848
2024-07-01,939.006,1759.81,4931,4.63024e+06,4.632e+06,1.32468
2024-07-02,931.246,1759.81,4931,4.59197e+06,4.59373e+06,2.13987
2024-07-03,949.677,1759.81,4931,4.68286e+06,4.68462e+06,0.203794
2024-07-04,974.898,1759.81,4931,4.80722e+06,4.80898e+06,0
2024-07-05,974.898,1759.81,4931,4.80722e+06,4.80898e+06,0
2024-07-08,1004,1759.81,4931,4.95072e+06,4.95248e+06,0
2024-07-09,1008.85,1759.81,4931,4.97464e+06,4.9764e+06,0
2024-07-10,1013.7,1759.81,4931,4.99855e+06,5.00031e+06,0
2024-07-11,1047.65,1759.81,4931,5.16597e+06,5.16773e+06,0
2024-07-12,1008.85,1759.81,4931,4.97464e+06,4.9764e+06,3.70244
2024-07-15,1008.85,1759.81,4931,4.97464e+06,4.9764e+06,3.70244
2024-07-16,1023.4,1759.81,4931,5.04639e+06,5.04815e+06,2.31402
2024-07-17,999.149,1759.81,4931,4.9268e+06,4.92856e+06,4.62806
2024-07-18,974.898,1759.81,4931,4.80722e+06,4.80898e+06,6.94208
2024-07-19,940.946,4.62104e+06,0,0,4.62104e+06,10.579
2024-07-22,910.875,86625.5,4971,4.52796e+06,4.61458e+06,10.7038
2024-07-23,949.677,1984.32,5060,4.80536e+06,4.80735e+06,6.97369
2024-07-26,896.324,1984.32,5060,4.5354e+06,4.53738e+06,12.1977
2024-07-29,915.725,4.61505e+06,0,0,4.61505e+06,10.6948
2024-07-30,911.845,4.61505e+06,0,0,4.61505e+06,10.6948
2024-07-31,906.025,4.61505e+06,0,0,4.61505e+06,10.6948
2024-08-01,931.246,4.61505e+06,0,0,4.61505e+06,10.6948
2024-08-02,875.953,4.61505e+06,0,0,4.61505e+06,10.6948
2024-08-05,790.589,4.61505e+06,0,0,4.61505e+06,10.6948
2024-08-06,853.642,4.61505e+06,0,0,4.61505e+06,10.6948
2024-08-07,892.444,4.61505e+06,0,0,4.61505e+06,10.6948
2024-08-08,869.163,4.61505e+06,0,0,4.61505e+06,10.6948
2024-08-09,906.025,4.61505e+06,0,0,4.61505e+06,10.6948
2024-08-12,911.845,4.61505e+06,0,0,4.61505e+06,10.6948
2024-08-13,912.815,4.61505e+06,0,0,4.61505e+06,10.6948
2024-08-14,919.605,4.61505e+06,0,0,4.61505e+06,10.6948
2024-08-15,914.755,4.61505e+06,0,0,4.61505e+06,10.6948
2024-08-16,939.976,4.61505e+06,0,0,4.61505e+06,10.6948
2024-08-19,943.856,4.61505e+06,0,0,4.61505e+06,10.6948
2024-08-20,943.856,4.61505e+06,0,0,4.61505e+06,10.6948
2024-08-21,929.306,4.61505e+06,0,0,4.61505e+06,10.6948
2024-08-22,922.515,4.61505e+06,0,0,4.61505e+06,10.6948
2024-08-23,920.575,4.61505e+06,0,0,4.61505e+06,10.6948
2024-08-26,921.545,4.61505e+06,0,0,4.61505e+06,10.6948
2024-08-27,913.785,4.61505e+06,0,0,4.61505e+06,10.6948
2024-08-28,935.126,4.61505e+06,0,0,4.61505e+06,10.6948
2024-08-29,914.755,4.61505e+06,0,0,4.61505e+06,10.6948
2024-08-30,915.725,4.61505e+06,0,0,4.61505e+06,10.6948
2024-09-02,919.605,4.61505e+06,0,0,4.61505e+06,10.6948
2024-09-03,911.845,4.61505e+06,0,0,4.61505e+06,10.6948
2024-09-04,862.372,4.61505e+06,0,0,4.61505e+06,10.6948
2024-09-05,874.983,4.61505e+06,0,0,4.61505e+06,10.6948
2024-09-06,890.504,4.61505e+06,0,0,4.61505e+06,10.6948
2024-09-09,872.073,4.61505e+06,0,0,4.61505e+06,10.6948
2024-09-10,876.923,4.61505e+06,0,0,4.61505e+06,10.6948
2024-09-11,874.013,4.61505e+06,0,0,4.61505e+06,10.6948
2024-09-12,915.911,4.61505e+06,0,0,4.61505e+06,10.6948
2024-09-13,922.732,4.61505e+06,0,0,4.61505e+06,10.6948
2024-09-16,922.732,4.61505e+06,0,0,4.61505e+06,10.6948
2024-09-18,916.886,4.61505e+06,0,0,4.61505e+06,10.6948
2024-09-19,935.399,4.61505e+06,0,0,4.61505e+06,10.6948
2024-09-20,948.065,4.61505e+06,0,0,4.61505e+06,10.6948
2024-09-23,951.963,4.61505e+06,0,0,4.61505e+06,10.6948
2024-09-24,961.707,4.61505e+06,0,0,4.61505e+06,10.6948
2024-09-25,979.245,4.61505e+06,0,0,4.61505e+06,10.6948
2024-09-26,988.989,4.61505e+06,0,0,4.61505e+06,10.6948
2024-09-27,974.373,4.61505e+06,0,0,4.61505e+06,10.6948
2024-09-30,932.475,4.61505e+06,0,0,4.61505e+06,10.6948
2024-10-01,947.091,4.61505e+06,0,0,4.61505e+06,10.6948
2024-10-04,951.963,4.61505e+06,0,0,4.61505e+06,10.6948
2024-10-07,979.245,4.61505e+06,0,0,4.61505e+06,10.6948
2024-10-08,984.117,4.61505e+06,0,0,4.61505e+06,10.6948
2024-10-09,993.861,86540.3,4550,4.52207e+06,4.60861e+06,10.8195
2024-10-11,1018.22,1908.04,4633,4.71741e+06,4.71932e+06,8.67707
2024-10-14,1018.22,1908.04,4633,4.71741e+06,4.71932e+06,8.67707
2024-10-15,1042.58,1908.04,4633,4.83027e+06,4.83218e+06,6.49319
2024-10-16,1018.22,1908.04,4633,4.71741e+06,4.71932e+06,8.67707
2024-10-17,1008.48,1908.04,4633,4.67227e+06,4.67418e+06,9.55061
2024-10-18,1057.2,1908.04,4633,4.89799e+06,4.89989e+06,5.18286
2024-10-21,1057.2,1908.04,4633,4.89799e+06,4.89989e+06,5.18286
2024-10-22,1047.45,1908.04,4633,4.85284e+06,4.85475e+06,6.05641
2024-10-23,1032.84,1908.04,4633,4.78513e+06,4.78704e+06,7.36672
2024-10-24,1032.84,1908.04,4633,4.78513e+06,4.78704e+06,7.36672
2024-10-25,1037.71,1908.04,4633,4.8077e+06,4.80961e+06,6.92995
2024-10-28,1023.09,1908.04,4633,4.73999e+06,4.74189e+06,8.24028
2024-10-29,1013.35,1908.04,4633,4.69484e+06,4.69675e+06,9.11383
2024-10-30,1003.6,1908.04,4633,4.6497e+06,4.65161e+06,9.98739
2024-11-01,998.733,1908.04,4633,4.62713e+06,4.62904e+06,10.4242
2024-11-04,1013.35,1908.04,4633,4.69484e+06,4.69675e+06,9.11383
2024-11-05,1023.09,1908.04,4633,4.73999e+06,4.74189e+06,8.24028
2024-11-06,1032.84,4.76586e+06,0,0,4.76586e+06,7.77644
2024-11-07,1037.71,4.76586e+06,0,0,4.76586e+06,7.77644
2024-11-08,1062.07,4.76586e+06,0,0,4.76586e+06,7.77644
2024-11-11,1057.2,4.76586e+06,0,0,4.76586e+06,7.77644
2024-11-12,1023.09,4.76586e+06,0,0,4.76586e+06,7.77644
2024-11-13,1008.48,4.76586e+06,0,0,4.76586e+06,7.77644
2024-11-14,1008.48,4.76586e+06,0,0,4.76586e+06,7.77644
2024-11-15,1008.48,4.76586e+06,0,0,4.76586e+06,7.77644
2024-11-18,998.733,4.76586e+06,0,0,4.76586e+06,7.77644
2024-11-19,1013.35,4.76586e+06,0,0,4.76586e+06,7.77644
2024-11-20,998.733,4.76586e+06,0,0,4.76586e+06,7.77644
2024-11-21,984.117,4.76586e+06,0,0,4.76586e+06,7.77644
2024-11-22,1013.35,4.76586e+06,0,0,4.76586e+06,7.77644
2024-11-25,1003.6,4.76586e+06,0,0,4.76586e+06,7.77644
2024-11-26,984.117,4.76586e+06,0,0,4.76586e+06,7.77644
2024-11-27,974.373,4.76586e+06,0,0,4.76586e+06,7.77644
2024-11-28,979.245,4.76586e+06,0,0,4.76586e+06,7.77644
2024-11-29,970.476,4.76586e+06,0,0,4.76586e+06,7.77644
2024-12-02,1008.48,4.76586e+06,0,0,4.76586e+06,7.77644
2024-12-03,1027.96,4.76586e+06,0,0,4.76586e+06,7.77644
2024-12-04,1042.58,4.76586e+06,0,0,4.76586e+06,7.77644
2024-12-05,1047.45,4.76586e+06,0,0,4.76586e+06,7.77644
2024-12-06,1037.71,4.76586e+06,0,0,4.76586e+06,7.77644
2024-12-09,1047.45,4.76586e+06,0,0,4.76586e+06,7.77644
2024-12-10,1037.71,4.76586e+06,0,0,4.76586e+06,7.77644
2024-12-11,1018.22,4.76586e+06,0,0,4.76586e+06,7.77644
2024-12-12,1036.8,4.76586e+06,0,0,4.76586e+06,7.77644
2024-12-13,1041.69,4.76586e+06,0,0,4.76586e+06,7.77644
2024-12-16,1061.26,4.76586e+06,0,0,4.76586e+06,7.77644
2024-12-17,1051.48,4.76586e+06,0,0,4.76586e+06,7.77644
2024-12-18,1061.26,4.76586e+06,0,0,4.76586e+06,7.77644
2024-12-19,1046.59,4.76586e+06,0,0,4.76586e+06,7.77644
2024-12-20,1012.35,4.76586e+06,0,0,4.76586e+06,7.77644
2024-12-23,1056.37,4.76586e+06,0,0,4.76586e+06,7.77644
2024-12-24,1056.37,4.76586e+06,0,0,4.76586e+06,7.77644
2024-12-25,1061.26,4.76586e+06,0,0,4.76586e+06,7.77644
2024-12-26,1061.26,4.76586e+06,0,0,4.76586e+06,7.77644
2024-12-27,1066.15,4.76586e+06,0,0,4.76586e+06,7.77644
2024-12-30,1066.15,4.76586e+06,0,0,4.76586e+06,7.77644
2024-12-31,1051.48,4.76586e+06,0,0,4.76586e+06,7.77644
2025-01-02,1041.69,89292.6,4483,4.66992e+06,4.75921e+06,7.9052
2025-01-03,1051.48,1896.11,4566,4.80104e+06,4.80294e+06,7.05909
2025-01-06,1100.38,1896.11,4566,5.02434e+06,5.02624e+06,2.73795
2025-01-07,1105.27,1896.11,4566,5.04667e+06,5.04857e+06,2.30585
2025-01-08,1080.82,1896.11,4566,4.93502e+06,4.93692e+06,4.4664
2025-01-09,1075.93,1896.11,4566,4.91269e+06,4.91459e+06,4.89853
2025-01-10,1075.93,1896.11,4566,4.91269e+06,4.91459e+06,4.89853
2025-01-13,1051.48,1896.11,4566,4.80104e+06,4.80294e+06,7.05909
2025-01-14,1066.15,1896.11,4566,4.86803e+06,4.86993e+06,5.76276
2025-01-15,1041.69,1896.11,4566,4.75638e+06,4.75827e+06,7.92331
2025-01-16,1080.82,1896.11,4566,4.93502e+06,4.93692e+06,4.4664
2025-01-17,1095.49,1896.11,4566,5.00201e+06,5.00391e+06,3.17006
2025-01-20,1095.49,1896.11,4566,5.00201e+06,5.00391e+06,3.17006
2025-01-21,1095.49,1896.11,4566,5.00201e+06,5.00391e+06,3.17006
2025-01-22,1110.16,1896.11,4566,5.069e+06,5.0709e+06,1.87373
2025-02-03,1046.59,1896.11,4566,4.77871e+06,4.7806e+06,7.49121
2025-02-04,1071.04,1896.11,4566,4.89036e+06,4.89226e+06,5.33063
2025-02-05,1085.71,1896.11,4566,4.95735e+06,4.95925e+06,4.03431
2025-02-06,1090.6,1896.11,4566,4.97968e+06,4.98158e+06,3.60219
2025-02-07,1100.38,1896.11,4566,5.02434e+06,5.02624e+06,2.73795
2025-02-10,1080.82,1896.11,4566,4.93502e+06,4.93692e+06,4.4664
2025-02-11,1085.71,1896.11,4566,4.95735e+06,4.95925e+06,4.03431
2025-02-12,1075.93,1896.11,4566,4.91269e+06,4.91459e+06,4.89853
2025-02-13,1066.15,1896.11,4566,4.86803e+06,4.86993e+06,5.76276
2025-02-14,1036.8,4.715e+06,0,0,4.715e+06,8.76079
2025-02-17,1061.26,4.715e+06,0,0,4.715e+06,8.76079
2025-02-18,1075.93,4.715e+06,0,0,4.715e+06,8.76079
2025-02-19,1066.15,4.715e+06,0,0,4.715e+06,8.76079
2025-02-20,1056.37,4.715e+06,0,0,4.715e+06,8.76079
2025-02-21,1071.04,4.715e+06,0,0,4.715e+06,8.76079
2025-02-24,1051.48,4.715e+06,0,0,4.715e+06,8.76079
2025-02-25,1031.91,4.715e+06,0,0,4.715e+06,8.76079
2025-02-26,1036.8,4.715e+06,0,0,4.715e+06,8.76079
2025-02-27,1017.24,4.715e+06,0,0,4.715e+06,8.76079
2025-03-03,997.68,4.715e+06,0,0,4.715e+06,8.76079
2025-03-04,978.117,4.715e+06,0,0,4.715e+06,8.76079
2025-03-05,997.68,4.715e+06,0,0,4.715e+06,8.76079
2025-03-06,983.008,4.715e+06,0,0,4.715e+06,8.76079
2025-03-07,983.008,4.715e+06,0,0,4.715e+06,8.76079
2025-03-10,976.161,4.715e+06,0,0,4.715e+06,8.76079
2025-03-11,949.752,4.715e+06,0,0,4.715e+06,8.76079
2025-03-12,966.38,4.715e+06,0,0,4.715e+06,8.76079
2025-03-13,943.883,4.715e+06,0,0,4.715e+06,8.76079
2025-03-14,938.014,4.715e+06,0,0,4.715e+06,8.76079
2025-03-17,948.774,4.715e+06,0,0,4.715e+06,8.76079
2025-03-18,954.178,4.715e+06,0,0,4.715e+06,8.76079
2025-03-19,935.508,4.715e+06,0,0,4.715e+06,8.76079
2025-03-20,967.936,4.715e+06,0,0,4.715e+06,8.76079
2025-03-21,955.161,4.715e+06,0,0,4.715e+06,8.76079
2025-03-24,955.161,4.715e+06,0,0,4.715e+06,8.76079
2025-03-25,972.849,4.715e+06,0,0,4.715e+06,8.76079
2025-03-26,963.022,4.715e+06,0,0,4.715e+06,8.76079
2025-03-27,941.404,4.715e+06,0,0,4.715e+06,8.76079
2025-03-28,935.508,4.715e+06,0,0,4.715e+06,8.76079
2025-03-31,894.235,4.715e+06,0,0,4.715e+06,8.76079
2025-04-01,927.646,4.715e+06,0,0,4.715e+06,8.76079
2025-04-02,925.681,4.715e+06,0,0,4.715e+06,8.76079
2025-04-07,833.309,4.715e+06,0,0,4.715e+06,8.76079
2025-04-08,801.864,4.715e+06,0,0,4.715e+06,8.76079
2025-04-09,771.401,4.715e+06,0,0,4.715e+06,8.76079
2025-04-10,848.049,4.715e+06,0,0,4.715e+06,8.76079
2025-04-11,873.599,4.715e+06,0,0,4.715e+06,8.76079
2025-04-14,850.015,4.715e+06,0,0,4.715e+06,8.76079
2025-04-15,861.807,4.715e+06,0,0,4.715e+06,8.76079
2025-04-16,840.188,4.715e+06,0,0,4.715e+06,8.76079
2025-04-17,832.327,4.715e+06,0,0,4.715e+06,8.76079
2025-04-18,835.275,4.715e+06,0,0,4.715e+06,8.76079
2025-04-21,820.534,4.715e+06,0,0,4.715e+06,8.76079
2025-04-22,801.864,4.715e+06,0,0,4.715e+06,8.76079
2025-04-23,857.876,4.715e+06,0,0,4.715e+06,8.76079
2025-04-24,849.032,4.715e+06,0,0,4.715e+06,8.76079
2025-04-25,872.616,4.715e+06,0,0,4.715e+06,8.76079
2025-04-28,881.46,4.715e+06,0,0,4.715e+06,8.76079
2025-04-29,886.374,4.715e+06,0,0,4.715e+06,8.76079
2025-04-30,892.27,4.715e+06,0,0,4.715e+06,8.76079
2025-05-02,933.542,4.715e+06,0,0,4.715e+06,8.76079
2025-05-05,921.75,4.715e+06,0,0,4.715e+06,8.76079
2025-05-06,904.062,4.715e+06,0,0,4.715e+06,8.76079
2025-05-07,911.923,4.715e+06,0,0,4.715e+06,8.76079
2025-05-08,902.097,4.715e+06,0,0,4.715e+06,8.76079
2025-05-09,932.56,4.715e+06,0,0,4.715e+06,8.76079
2025-05-12,940.421,4.715e+06,0,0,4.715e+06,8.76079
2025-05-13,952.213,4.715e+06,0,0,4.715e+06,8.76079
2025-05-14,981.693,4.715e+06,0,0,4.715e+06,8.76079
2025-05-15,975.797,4.715e+06,0,0,4.715e+06,8.76079
2025-05-16,980.711,4.715e+06,0,0,4.715e+06,8.76079
2025-05-19,966.953,4.715e+06,0,0,4.715e+06,8.76079
2025-05-20,961.057,4.715e+06,0,0,4.715e+06,8.76079
2025-05-21,972.849,4.715e+06,0,0,4.715e+06,8.76079
2025-05-22,964.988,4.715e+06,0,0,4.715e+06,8.76079
2025-05-23,966.953,4.715e+06,0,0,4.715e+06,8.76079
2025-05-26,959.092,4.715e+06,0,0,4.715e+06,8.76079
2025-05-27,948.282,4.715e+06,0,0,4.715e+06,8.76079
2025-05-28,950.248,4.715e+06,0,0,4.715e+06,8.76079
2025-05-29,950.248,88308.9,4862,4.6201e+06,4.70841e+06,8.88817
2025-06-02,929.612,1731.99,4955,4.60623e+06,4.60796e+06,10.8321
2025-06-03,933.542,1731.99,4955,4.6257e+06,4.62743e+06,10.4552
2025-06-04,972.849,1731.99,4955,4.82047e+06,4.8222e+06,6.68629
2025-06-05,980.711,4.83965e+06,0,0,4.83965e+06,6.3486
2025-06-06,977.763,4.83965e+06,0,0,4.83965e+06,6.3486
2025-06-09,987.589,4.83965e+06,0,0,4.83965e+06,6.3486
2025-06-10,1026.9,4.83965e+06,0,0,4.83965e+06,6.3486
2025-06-11,1046.55,4.83965e+06,0,0,4.83965e+06,6.3486
2025-06-12,1031.25,4.83965e+06,0,0,4.83965e+06,6.3486
2025-06-13,1016.45,4.83965e+06,0,0,4.83965e+06,6.3486
2025-06-16,1011.52,4.83965e+06,0,0,4.83965e+06,6.3486
2025-06-17,1031.25,4.83965e+06,0,0,4.83965e+06,6.3486
2025-06-18,1041.12,90581.5,4555,4.74231e+06,4.83289e+06,6.47936
2025-06-19,1021.39,2617.33,4641,4.74025e+06,4.74287e+06,8.22147
2025-06-20,1041.12,2617.33,4641,4.83185e+06,4.83447e+06,6.44893
2025-06-23,1006.58,2617.33,4641,4.67155e+06,4.67417e+06,9.55085
2025-06-24,1036.19,2617.33,4641,4.80895e+06,4.81157e+06,6.89207
2025-06-25,1055.92,2617.33,4641,4.90055e+06,4.90316e+06,5.11956
2025-06-26,1060.86,2617.33,4641,4.92345e+06,4.92607e+06,4.67641
2025-06-27,1065.79,2617.33,4641,4.94635e+06,4.94896e+06,4.23329
2025-06-30,1046.06,2617.33,4641,4.85475e+06,4.85737e+06,6.00581
2025-07-01,1070.73,2617.33,4641,4.96925e+06,4.97186e+06,3.79017
2025-07-02,1070.73,2617.33,4641,4.96925e+06,4.97186e+06,3.79017
2025-07-03,1075.66,2617.33,4641,4.99215e+06,4.99476e+06,3.34704
2025-07-04,1070.73,2617.33,4641,4.96925e+06,4.97186e+06,3.79017
2025-07-07,1065.79,2617.33,4641,4.94635e+06,4.94896e+06,4.23329
2025-07-08,1065.79,2617.33,4641,4.94635e+06,4.94896e+06,4.23329
2025-07-09,1075.66,2617.33,4641,4.99215e+06,4.99476e+06,3.34704
2025-07-10,1085.53,2617.33,4641,5.03795e+06,5.04056e+06,2.46077
2025-07-11,1085.53,2617.33,4641,5.03795e+06,5.04056e+06,2.46077
2025-07-14,1080.6,2617.33,4641,5.01505e+06,5.01766e+06,2.9039
2025-07-15,1095.4,2617.33,4641,5.08375e+06,5.08636e+06,1.57452
2025-07-16,1115.14,2617.33,4641,5.17535e+06,5.17796e+06,0
2025-07-17,1115.14,2617.33,4641,5.17535e+06,5.17796e+06,0
2025-07-18,1139.81,2617.33,4641,5.28984e+06,5.29246e+06,0
2025-07-21,1134.87,2617.33,4641,5.26694e+06,5.26956e+06,0.432684
2025-07-22,1115.14,2617.33,4641,5.17535e+06,5.17796e+06,2.16343
2025-07-23,1129.94,2617.33,4641,5.24404e+06,5.24666e+06,0.865379
2025-07-24,1129.94,2617.33,4641,5.24404e+06,5.24666e+06,0.865379
2025-07-25,1129.94,2617.33,4641,5.24404e+06,5.24666e+06,0.865379
2025-07-28,1129.94,2617.33,4641,5.24404e+06,5.24666e+06,0.865379
2025-07-29,1120.07,2617.33,4641,5.19825e+06,5.20086e+06,1.73075
2025-07-30,1139.81,2617.33,4641,5.28984e+06,5.29246e+06,0
2025-07-31,1144.74,2617.33,4641,5.31274e+06,5.31536e+06,0
2025-08-04,1120.07,2617.33,4641,5.19825e+06,5.20086e+06,2.15411
2025-08-05,1134.87,2617.33,4641,5.26694e+06,5.26956e+06,0.86164
2025-08-06,1110.2,2617.33,4641,5.15245e+06,5.15506e+06,3.01576
2025-08-07,1164.48,2617.33,4641,5.40434e+06,5.40696e+06,0
2025-08-08,1159.54,2617.33,4641,5.38144e+06,5.38406e+06,0.423522
2025-08-11,1164.48,2617.33,4641,5.40434e+06,5.40696e+06,0
2025-08-12,1164.48,2617.33,4641,5.40434e+06,5.40696e+06,0
2025-08-13,1184.21,2617.33,4641,5.49594e+06,5.49856e+06,0
2025-08-14,1159.54,2617.33,4641,5.38144e+06,5.38406e+06,2.08233
2025-08-15,1164.48,2617.33,4641,5.40434e+06,5.40696e+06,1.66586
2025-08-18,1164.48,2617.33,4641,5.40434e+06,5.40696e+06,1.66586
2025-08-19,1169.41,2617.33,4641,5.42724e+06,5.42986e+06,1.2494
2025-08-20,1120.07,2617.33,4641,5.19825e+06,5.20086e+06,5.41408
2025-08-21,1134.87,2617.33,4641,5.26694e+06,5.26956e+06,4.16467
2025-08-22,1120.07,2617.33,4641,5.19825e+06,5.20086e+06,5.41408
2025-08-25,1154.61,2617.33,4641,5.35854e+06,5.36116e+06,2.49881
2025-08-26,1159.54,2617.33,4641,5.38144e+06,5.38406e+06,2.08233
2025-08-27,1174.35,2617.33,4641,5.45014e+06,5.45276e+06,0.832932
2025-08-28,1144.74,5.29185e+06,0,0,5.29185e+06,3.75927
2025-08-29,1144.74,5.29185e+06,0,0,5.29185e+06,3.75927
2025-09-01,1149.68,5.29185e+06,0,0,5.29185e+06,3.75927
2025-09-02,1144.74,5.29185e+06,0,0,5.29185e+06,3.75927
2025-09-03,1144.74,5.29185e+06,0,0,5.29185e+06,3.75927
2025-09-04,1144.74,5.29185e+06,0,0,5.29185e+06,3.75927
2025-09-05,1164.48,5.29185e+06,0,0,5.29185e+06,3.75927
2025-09-08,1164.48,5.29185e+06,0,0,5.29185e+06,3.75927
2025-09-09,1184.21,5.29185e+06,0,0,5.29185e+06,3.75927
2025-09-10,1208.89,99552.3,4289,5.18491e+06,5.28447e+06,3.89363
2025-09-11,1223.69,2743.83,4368,5.34507e+06,5.34782e+06,2.74149
2025-09-12,1243.43,2743.83,4368,5.43128e+06,5.43403e+06,1.17361
2025-09-15,1238.49,2743.83,4368,5.40973e+06,5.41248e+06,1.56557
2025-09-16,1268.22,2743.83,4368,5.53956e+06,5.54231e+06,0
2025-09-17,1253.35,2743.83,4368,5.47465e+06,5.47739e+06,1.1713
2025-09-18,1273.17,2743.83,4368,5.5612e+06,5.56395e+06,0
2025-09-19,1253.35,2743.83,4368,5.47465e+06,5.47739e+06,1.55566
2025-09-22,1283.08,2743.83,4368,5.60448e+06,5.60723e+06,0
2025-09-23,1327.66,2743.83,4368,5.79923e+06,5.80198e+06,0
2025-09-24,1327.66,2743.83,4368,5.79923e+06,5.80198e+06,0
2025-09-25,1307.85,2743.83,4368,5.71268e+06,5.71542e+06,1.49184
2025-09-26,1288.03,2743.83,4368,5.62612e+06,5.62886e+06,2.98367
2025-09-30,1292.99,2743.83,4368,5.64776e+06,5.6505e+06,2.61071
2025-10-01,1312.8,2743.83,4368,5.73431e+06,5.73706e+06,1.11888
2025-10-02,1352.43,2743.83,4368,5.90743e+06,5.91017e+06,0
2025-10-03,1387.11,2743.83,4368,6.0589e+06,6.06164e+06,0
2025-10-07,1421.79,2743.83,4368,6.21037e+06,6.21311e+06,0
2025-10-08,1401.97,2743.83,4368,6.12382e+06,6.12656e+06,1.39311
2025-10-09,1426.74,2743.83,4368,6.23201e+06,6.23475e+06,0
2025-10-13,1401.97,2743.83,4368,6.12382e+06,6.12656e+06,1.73535
2025-10-14,1411.88,2743.83,4368,6.16709e+06,6.16984e+06,1.04122
2025-10-15,1451.51,2743.83,4368,6.3402e+06,6.34295e+06,0
2025-10-16,1471.33,2743.83,4368,6.42676e+06,6.4295e+06,0
2025-10-17,1436.65,2743.83,4368,6.27529e+06,6.27803e+06,2.35589
2025-10-20,1466.37,2743.83,4368,6.40512e+06,6.40787e+06,0.336558
2025-10-21,1466.37,2743.83,4368,6.40512e+06,6.40787e+06,0.336558
2025-10-22,1446.56,2743.83,4368,6.31857e+06,6.32131e+06,1.68278
2025-10-23,1436.65,2743.83,4368,6.27529e+06,6.27803e+06,2.35589
2025-10-27,1466.37,2743.83,4368,6.40512e+06,6.40787e+06,0.336558
2025-10-28,1461.42,2743.83,4368,6.38348e+06,6.38623e+06,0.673107
2025-10-29,1491.14,2743.83,4368,6.51332e+06,6.51606e+06,0
2025-10-30,1491.14,2743.83,4368,6.51332e+06,6.51606e+06,0
2025-10-31,1486.19,2743.83,4368,6.49168e+06,6.49442e+06,0.332095
2025-11-03,1496.1,2743.83,4368,6.53496e+06,6.5377e+06,0
2025-11-04,1491.14,2743.83,4368,6.51332e+06,6.51606e+06,0.330988
2025-11-05,1446.56,2743.83,4368,6.31857e+06,6.32131e+06,3.30987
2025-11-06,1451.51,2743.83,4368,6.3402e+06,6.34295e+06,2.97889
2025-11-07,1446.56,2743.83,4368,6.31857e+06,6.32131e+06,3.30987
2025-11-10,1461.42,2743.83,4368,6.38348e+06,6.38623e+06,2.31691
2025-11-11,1451.51,2743.83,4368,6.3402e+06,6.34295e+06,2.97889
2025-11-12,1461.42,2743.83,4368,6.38348e+06,6.38623e+06,2.31691
2025-11-13,1446.56,2743.83,4368,6.31857e+06,6.32131e+06,3.30987
2025-11-14,1416.83,6.16409e+06,0,0,6.16409e+06,5.71467
2025-11-17,1431.7,6.16409e+06,0,0,6.16409e+06,5.71467
2025-11-18,1392.06,6.16409e+06,0,0,6.16409e+06,5.71467
2025-11-19,1382.16,6.16409e+06,0,0,6.16409e+06,5.71467
2025-11-20,1441.6,6.16409e+06,0,0,6.16409e+06,5.71467
2025-11-21,1372.25,6.16409e+06,0,0,6.16409e+06,5.71467
2025-11-24,1362.34,6.16409e+06,0,0,6.16409e+06,5.71467
2025-11-25,1401.97,6.16409e+06,0,0,6.16409e+06,5.71467
2025-11-26,1426.74,6.16409e+06,0,0,6.16409e+06,5.71467
2025-11-27,1421.79,6.16409e+06,0,0,6.16409e+06,5.71467
2025-11-28,1426.74,6.16409e+06,0,0,6.16409e+06,5.71467
2025-12-01,1397.02,6.16409e+06,0,0,6.16409e+06,5.71467
2025-12-02,1416.83,6.16409e+06,0,0,6.16409e+06,5.71467
2025-12-03,1436.65,6.16409e+06,0,0,6.16409e+06,5.71467
2025-12-04,1431.7,6.16409e+06,0,0,6.16409e+06,5.71467
2025-12-05,1446.56,6.16409e+06,0,0,6.16409e+06,5.71467
2025-12-08,1481.24,6.16409e+06,0,0,6.16409e+06,5.71467
2025-12-09,1466.37,6.16409e+06,0,0,6.16409e+06,5.71467
2025-12-10,1491.14,6.16409e+06,0,0,6.16409e+06,5.71467
2025-12-11,1461.32,6.16409e+06,0,0,6.16409e+06,5.71467
2025-12-12,1471.26,6.16409e+06,0,0,6.16409e+06,5.71467
2025-12-15,1441.44,6.16409e+06,0,0,6.16409e+06,5.71467
2025-12-16,1426.53,6.16409e+06,0,0,6.16409e+06,5.71467
2025-12-17,1421.56,6.16409e+06,0,0,6.16409e+06,5.71467
2025-12-18,1421.56,6.16409e+06,0,0,6.16409e+06,5.71467
2025-12-19,1421.56,6.16409e+06,0,0,6.16409e+06,5.71467
2025-12-22,1456.35,6.16409e+06,0,0,6.16409e+06,5.71467
2025-12-23,1481.2,6.16409e+06,0,0,6.16409e+06,5.71467
2025-12-24,1486.17,6.16409e+06,0,0,6.16409e+06,5.71467
2025-12-26,1501.08,6.16409e+06,0,0,6.16409e+06,5.71467
2025-12-29,1520.97,6.16409e+06,0,0,6.16409e+06,5.71467
2025-12-30,1511.03,6.16409e+06,0,0,6.16409e+06,5.71467
2025-12-31,1540.85,6.16409e+06,0,0,6.16409e+06,5.71467
2026-01-02,1575.64,116050,3833,6.03944e+06,6.15549e+06,5.8463
2026-01-05,1660.14,3000.55,3901,6.47621e+06,6.47921e+06,0.894691
2026-01-06,1694.93,3000.55,3901,6.61194e+06,6.61494e+06,0
2026-01-07,1665.11,3000.55,3901,6.4956e+06,6.4986e+06,1.75873
2026-01-08,1675.05,3000.55,3901,6.53438e+06,6.53738e+06,1.17249
2026-01-09,1670.08,3000.55,3901,6.51499e+06,6.51799e+06,1.46561
2026-01-12,1680.02,3000.55,3901,6.55377e+06,6.55677e+06,0.87937
2026-01-13,1699.9,3000.55,3901,6.63133e+06,6.63433e+06,0
2026-01-14,1699.9,3000.55,3901,6.63133e+06,6.63433e+06,0
2026-01-15,1680.02,3000.55,3901,6.55377e+06,6.55677e+06,1.16906
2026-01-16,1729.73,3000.55,3901,6.74766e+06,6.75066e+06,0
2026-01-19,1749.61,3000.55,3901,6.82522e+06,6.82822e+06,0
2026-01-20,1764.52,3000.55,3901,6.88339e+06,6.88639e+06,0
2026-01-21,1729.73,3000.55,3901,6.74766e+06,6.75066e+06,1.97098
2026-01-22,1749.61,3000.55,3901,6.82522e+06,6.82822e+06,0.844706
2026-01-23,1759.55,3000.55,3901,6.864e+06,6.867e+06,0.281566
2026-01-26,1744.64,3000.55,3901,6.80583e+06,6.80883e+06,1.12628
2026-01-27,1769.49,3000.55,3901,6.90278e+06,6.90578e+06,0
2026-01-28,1809.25,3000.55,3901,7.0579e+06,7.0609e+06,0
2026-01-29,1794.34,3000.55,3901,6.99973e+06,7.00273e+06,0.823822
2026-01-30,1764.52,3000.55,3901,6.88339e+06,6.88639e+06,2.47147
2026-02-02,1754.58,3000.55,3901,6.84461e+06,6.84761e+06,3.02069
2026-02-03,1789.37,3000.55,3901,6.98034e+06,6.98334e+06,1.09844
2026-02-04,1774.46,3000.55,3901,6.92217e+06,6.92517e+06,1.92226
2026-02-05,1754.58,3000.55,3901,6.84461e+06,6.84761e+06,3.02069
2026-02-06,1769.49,3000.55,3901,6.90278e+06,6.90578e+06,2.19687
2026-02-09,1804.28,3000.55,3901,7.03851e+06,7.04151e+06,0.274607
2026-02-10,1868.9,3000.55,3901,7.29058e+06,7.29358e+06,0
2026-02-11,1903.69,3000.55,3901,7.42631e+06,7.42931e+06,0
2026-02-23,1888.78,3000.55,3901,7.36814e+06,7.37114e+06,0.782977
2026-02-24,1953.4,3000.55,3901,7.62021e+06,7.62321e+06,0
2026-02-25,2003.1,3000.55,3901,7.81411e+06,7.81711e+06,0
2026-02-26,1983.22,3000.55,3901,7.73655e+06,7.73955e+06,0.992177
2026-03-02,1963.34,3000.55,3901,7.65899e+06,7.66199e+06,1.98435
2026-03-03,1923.58,3000.55,3901,7.50387e+06,7.50687e+06,3.9687
2026-03-04,1853.99,3000.55,3901,7.23241e+06,7.23541e+06,7.44131
2026-03-05,1888.78,3000.55,3901,7.36814e+06,7.37114e+06,5.70501
2026-03-06,1878.84,3000.55,3901,7.32936e+06,7.33236e+06,6.20109
2026-03-09,1799.31,6.99106e+06,0,0,6.99106e+06,10.5671
2026-03-10,1839.08,6.99106e+06,0,0,6.99106e+06,10.5671
2026-03-11,1928.55,6.99106e+06,0,0,6.99106e+06,10.5671
2026-03-12,1873.87,6.99106e+06,0,0,6.99106e+06,10.5671
2026-03-13,1853.99,6.99106e+06,0,0,6.99106e+06,10.5671
2026-03-16,1834.11,6.99106e+06,0,0,6.99106e+06,10.5671
2026-03-17,1865.02,6.99106e+06,0,0,6.99106e+06,10.5671
2026-03-18,1899.93,6.99106e+06,0,0,6.99106e+06,10.5671
2026-03-19,1845.08,6.99106e+06,0,0,6.99106e+06,10.5671
2026-03-20,1835.1,6.99106e+06,0,0,6.99106e+06,10.5671
2026-03-23,1805.18,6.99106e+06,0,0,6.99106e+06,10.5671
2026-03-24,1805.18,6.99106e+06,0,0,6.99106e+06,10.5671
2026-03-25,1840.09,6.99106e+06,0,0,6.99106e+06,10.5671
2026-03-26,1835.1,6.99106e+06,0,0,6.99106e+06,10.5671
2026-03-27,1815.16,6.99106e+06,0,0,6.99106e+06,10.5671
2026-03-30,1775.26,6.99106e+06,0,0,6.99106e+06,10.5671
2026-03-31,1755.32,6.99106e+06,0,0,6.99106e+06,10.5671
2026-04-01,1850.06,6.99106e+06,0,0,6.99106e+06,10.5671
2026-04-02,1805.18,6.99106e+06,0,0,6.99106e+06,10.5671
2026-04-07,1855.05,6.99106e+06,0,0,6.99106e+06,10.5671
2026-04-08,1944.81,6.99106e+06,0,0,6.99106e+06,10.5671
2026-04-09,1949.8,6.99106e+06,0,0,6.99106e+06,10.5671
2026-04-10,1994.68,6.99106e+06,0,0,6.99106e+06,10.5671
2026-04-13,1984.71,6.99106e+06,0,0,6.99106e+06,10.5671
2026-04-14,2049.53,6.99106e+06,0,0,6.99106e+06,10.5671
2026-04-15,2074.47,6.99106e+06,0,0,6.99106e+06,10.5671
2026-04-16,2079.45,6.99106e+06,0,0,6.99106e+06,10.5671
2026-04-17,2024.6,6.99106e+06,0,0,6.99106e+06,10.5671
2026-04-20,2019.61,6.99106e+06,0,0,6.99106e+06,10.5671
2026-04-21,2044.55,6.99106e+06,0,0,6.99106e+06,10.5671
2026-04-22,2044.55,6.99106e+06,0,0,6.99106e+06,10.5671
2026-04-23,2074.47,131418,3302,6.84989e+06,6.9813e+06,10.692
2026-04-24,2179.19,2662.58,3361,7.32425e+06,7.32691e+06,6.27084
2026-04-27,2258.97,2662.58,3361,7.59241e+06,7.59507e+06,2.84036
2026-04-28,2209.11,2662.58,3361,7.42481e+06,7.42747e+06,4.98441
2026-04-29,2174.2,2662.58,3361,7.30748e+06,7.31015e+06,6.48525
2026-04-30,2129.32,2662.58,3361,7.15664e+06,7.1593e+06,8.41489
2026-05-04,2268.95,2662.58,3361,7.62593e+06,7.62859e+06,2.41155
2026-05-05,2244.01,2662.58,3361,7.54213e+06,7.54479e+06,3.48357
2026-05-06,2244.01,2662.58,3361,7.54213e+06,7.54479e+06,3.48357
2026-05-07,2303.85,2662.58,3361,7.74325e+06,7.74592e+06,0.910706
2026-05-08,2283.91,2662.58,3361,7.67621e+06,7.67887e+06,1.76833
2026-05-11,2229.05,2662.58,3361,7.49185e+06,7.49451e+06,4.12679
2026-05-12,2249,2662.58,3361,7.55889e+06,7.56155e+06,3.26917
2026-05-13,2214.09,2662.58,3361,7.44157e+06,7.44423e+06,4.77001
2026-05-14,2263.96,2662.58,3361,7.60917e+06,7.61183e+06,2.62595
2026-05-15,2258.97,2662.58,3361,7.59241e+06,7.59507e+06,2.84036
2026-05-18,2234.04,2662.58,3361,7.50861e+06,7.51127e+06,3.91238
2026-05-19,2199.13,2662.58,3361,7.39129e+06,7.39395e+06,5.41322
2026-05-20,2179.19,2662.58,3361,7.32425e+06,7.32691e+06,6.27084
2026-05-21,2224.07,2662.58,3361,7.47509e+06,7.47775e+06,4.3412
2026-05-22,2249,2662.58,3361,7.55889e+06,7.56155e+06,3.26917
2026-05-25,2303.85,2662.58,3361,7.74325e+06,7.74592e+06,0.910706
2026-05-26,2263.96,2662.58,3361,7.60917e+06,7.61183e+06,2.62595
2026-05-27,2293.88,2662.58,3361,7.70973e+06,7.71239e+06,1.33952
2026-05-28,2288.89,2662.58,3361,7.69297e+06,7.69563e+06,1.55393
2026-05-29,2348.73,2662.58,3361,7.89409e+06,7.89676e+06,0
2026-06-01,2348.73,2662.58,3361,7.89409e+06,7.89676e+06,0
2026-06-02,2373.67,2662.58,3361,7.9779e+06,7.98056e+06,0
2026-06-03,2418.55,2662.58,3361,8.12874e+06,8.1314e+06,0
2026-06-04,2378.65,2662.58,3361,7.99466e+06,7.99732e+06,1.64894
2026-06-05,2358.71,2662.58,3361,7.92762e+06,7.93028e+06,2.47342
2026-06-08,2288.89,2662.58,3361,7.69297e+06,7.69563e+06,5.35907
2026-06-09,2298.87,2662.58,3361,7.72649e+06,7.72915e+06,4.94683
2026-06-10,2249,2662.58,3361,7.55889e+06,7.56155e+06,7.00801
2026-06-11,2250,2662.58,3361,7.56225e+06,7.56491e+06,6.96668
2026-06-12,2310,2662.58,3361,7.76391e+06,7.76657e+06,4.48666
2026-06-15,2375,2662.58,3361,7.98238e+06,7.98504e+06,1.79998
2026-06-16,2400,2662.58,3361,8.0664e+06,8.06906e+06,0.766639
2026-06-17,2385,2662.58,3361,8.01598e+06,8.01865e+06,1.38664
2026-06-18,2410,2662.58,3361,8.10001e+06,8.10267e+06,0.353303
2026-06-22,2510,2662.58,3361,8.43611e+06,8.43877e+06,0
2026-06-23,2490,2662.58,3361,8.36889e+06,8.37155e+06,0.796561
2026-06-24,2390,2662.58,3361,8.03279e+06,8.03545e+06,4.77937
2026-06-25,2390,2662.58,3361,8.03279e+06,8.03545e+06,4.77937
2026-06-26,2340,2662.58,3361,7.86474e+06,7.8674e+06,6.77077
2026-06-29,2370,2662.58,3361,7.96557e+06,7.96823e+06,5.57593
2026-06-30,2410,2662.58,3361,8.10001e+06,8.10267e+06,3.98281
2026-07-01,2505,2662.58,3361,8.4193e+06,8.42197e+06,0.19914
2026-07-02,2465,2662.58,3361,8.28486e+06,8.28753e+06,1.79226
2026-07-03,2445,2662.58,3361,8.21764e+06,8.22031e+06,2.58882
2026-07-06,2460,2662.58,3361,8.26806e+06,8.27072e+06,1.9914
2026-07-07,2440,2662.58,3361,8.20084e+06,8.2035e+06,2.78796
2026-07-08,2465,2662.58,3361,8.28486e+06,8.28753e+06,1.79226
2026-07-09,2415,2662.58,3361,8.11682e+06,8.11948e+06,3.78367
2026-07-10,2415,2662.58,3361,8.11682e+06,8.11948e+06,3.78367
2026-07-13,2440,2662.58,3361,8.20084e+06,8.2035e+06,2.78796
2026-07-14,2420,2662.58,3361,8.13362e+06,8.13628e+06,3.58453
2026-07-15,2440,2662.58,3361,8.20084e+06,8.2035e+06,2.78796
2026-07-16,2470,2662.58,3361,8.30167e+06,8.30433e+06,1.59312
2026-07-17,2290,7.6653e+06,0,0,7.6653e+06,9.16575
2026-07-20,2320,7.6653e+06,0,0,7.6653e+06,9.16575
2026-07-21,2410,7.6653e+06,0,0,7.6653e+06,9.16575
2026-07-22,2400,7.6653e+06,0,0,7.6653e+06,9.16575
2026-07-23,2405,7.6653e+06,0,0,7.6653e+06,9.16575
2026-07-24,2350,7.6653e+06,0,0,7.6653e+06,9.16575
2026-07-27,2350,7.6653e+06,0,0,7.6653e+06,9.16575
2026-07-28,2280,7.6653e+06,0,0,7.6653e+06,9.16575
2026-07-29,2200,7.6653e+06,0,0,7.6653e+06,9.16575
2026-07-30,2205,7.6653e+06,0,0,7.6653e+06,9.16575
2026-07-31,2425,7.6653e+06,0,0,7.6653e+06,9.16575
2026-08-03,2370,7.6653e+06,0,0,7.6653e+06,9.16575
2026-08-04,2320,7.6653e+06,0,0,7.6653e+06,9.16575
2026-08-05,2405,7.6653e+06,0,0,7.6653e+06,9.16575
2026-08-06,2365,7.6653e+06,0,0,7.6653e+06,9.16575
2026-08-07,2370,7.6653e+06,0,0,7.6653e+06,9.16575
2026-08-10,2380,7.6653e+06,0,0,7.6653e+06,9.16575
2026-08-11,2395,7.6653e+06,0,0,7.6653e+06,9.16575
2026-08-12,2415,7.6653e+06,0,0,7.6653e+06,9.16575
2026-08-13,2435,7.6653e+06,0,0,7.6653e+06,9.16575
2026-08-14,2395,7.6653e+06,0,0,7.6653e+06,9.16575
2026-08-17,2400,7.6653e+06,0,0,7.6653e+06,9.16575
2026-08-18,2380,7.6653e+06,0,0,7.6653e+06,9.16575
2026-08-19,2350,7.6653e+06,0,0,7.6653e+06,9.16575
2026-08-20,2375,7.6653e+06,0,0,7.6653e+06,9.16575
2026-08-21,2410,7.6653e+06,0,0,7.6653e+06,9.16575
2026-08-24,2375,7.6653e+06,0,0,7.6653e+06,9.16575
2026-08-25,2400,7.6653e+06,0,0,7.6653e+06,9.16575
2026-08-26,2415,7.6653e+06,0,0,7.6653e+06,9.16575
2026-08-27,2410,7.6653e+06,0,0,7.6653e+06,9.16575
2026-08-28,2420,7.6653e+06,0,0,7.6653e+06,9.16575
2026-08-31,2405,7.6653e+06,0,0,7.6653e+06,9.16575
2026-09-01,2440,7.6653e+06,0,0,7.6653e+06,9.16575
2026-09-02,2385,7.6653e+06,0,0,7.6653e+06,9.16575
2026-09-03,2390,7.6653e+06,0,0,7.6653e+06,9.16575
2026-09-04,2410,7.6653e+06,0,0,7.6653e+06,9.16575
2026-09-07,2460,7.6653e+06,0,0,7.6653e+06,9.16575
2026-09-08,2470,7.6653e+06,0,0,7.6653e+06,9.16575
2026-09-09,2465,7.6653e+06,0,0,7.6653e+06,9.16575
2026-09-10,2450,7.6653e+06,0,0,7.6653e+06,9.16575
2026-09-11,2410,7.6653e+06,0,0,7.6653e+06,9.16575
